08:43:00.812 [Thread-1 (_run) ] INFO     serial_controller.serial_handler Scanning for STM32 on COM ports...
08:43:00.812 [Thread-2 (_run) ] INFO     mavlink.mavlink_worker         [state-poll] connecting to tcp:127.0.0.1:5762...
08:43:00.812 [Thread-3 (_run) ] INFO     mavlink.mavlink_worker         [command-sender] connecting to tcp:127.0.0.1:5763...
08:43:00.813 [MainThread      ] INFO     __main__                     Controller started.
08:43:00.814 [Thread-3 (_run) ] INFO     mavlink.mavlink_worker         [command-sender] connected on tcp:127.0.0.1:5763.
08:43:00.815 [Thread-2 (_run) ] INFO     mavlink.mavlink_worker         [state-poll] connected on tcp:127.0.0.1:5762.
08:43:00.815 [Thread-3 (_run) ] INFO     mavlink.mavlink_worker       UAVCommandSender waiting for heartbeat...
08:43:00.817 [Thread-2 (_run) ] INFO     mavlink.mavlink_worker       UAVStatePoller waiting for heartbeat...
08:43:00.822 [Thread-1 (_run) ] INFO     serial_controller.serial_handler Found STM32 (DFRobot CH340, matched by description) on COM67 — 'USB-Enhanced-SERIAL-D CH344 (COM67)'
08:43:00.823 [Thread-1 (_run) ] INFO     serial_controller.serial_handler STM32 connected on COM67.
08:43:00.824 [SerialReader    ] INFO     serial_controller.serial_handler SerialReader: started.
08:43:00.824 [SerialProcessor ] INFO     serial_controller.serial_handler SerialProcessor: started.
08:43:00.869 [Thread-2 (_run) ] INFO     mavlink.mavlink_worker       UAVStatePoller heartbeat received — system 1 component 1
08:43:00.869 [Thread-3 (_run) ] INFO     mavlink.mavlink_worker       UAVCommandSender heartbeat received — system 1 component 1
08:43:00.873 [Thread-3 (_run) ] INFO     mavlink.uav_commads.command_sender UAVCommandSender connected.
08:43:00.878 [Thread-2 (_run) ] INFO     mavlink.mavlink_worker       UAVStatePoller loop started.
08:43:00.880 [Thread-3 (_run) ] INFO     mavlink.mavlink_worker       UAVCommandSender loop started.
08:43:00.883 [MainThread      ] INFO     serial_controller.status_builder StatusBuilder: StatusUpdate(armed=True, manual_mode=False, auto_mode=True, autoland_mode=False, is_flying=True)
08:43:00.883 [MainThread      ] INFO     serial_controller.serial_handler PC -> STM32: StatusUpdate(armed=True, manual_mode=False, auto_mode=True, autoland_mode=False, is_flying=True)
08:43:01.899 [MainThread      ] INFO     serial_controller.status_builder StatusBuilder: StatusUpdate(armed=True, manual_mode=False, auto_mode=True, autoland_mode=False, is_flying=True)
08:43:01.899 [MainThread      ] INFO     serial_controller.serial_handler PC -> STM32: StatusUpdate(armed=True, manual_mode=False, auto_mode=True, autoland_mode=False, is_flying=True)
08:43:02.913 [MainThread      ] INFO     serial_controller.status_builder StatusBuilder: StatusUpdate(armed=True, manual_mode=False, auto_mode=True, autoland_mode=False, is_flying=True)
08:43:02.916 [MainThread      ] INFO     serial_controller.serial_handler PC -> STM32: StatusUpdate(armed=True, manual_mode=False, auto_mode=True, autoland_mode=False, is_flying=True)
08:43:03.925 [MainThread      ] INFO     serial_controller.status_builder StatusBuilder: StatusUpdate(armed=True, manual_mode=False, auto_mode=True, autoland_mode=False, is_flying=True)
08:43:03.925 [MainThread      ] INFO     serial_controller.serial_handler PC -> STM32: StatusUpdate(armed=True, manual_mode=False, auto_mode=True, autoland_mode=False, is_flying=True)
08:43:03.938 [SerialProcessor ] INFO     commands.translator          arm rising edge -> ArmCommand
08:43:03.947 [MainThread      ] DEBUG    mavlink.uav_commads.command_sender ArmCommand received
08:43:03.947 [MainThread      ] INFO     mavlink.uav_commads.command_sender Already armed — skipping
08:43:04.942 [MainThread      ] INFO     serial_controller.status_builder StatusBuilder: StatusUpdate(armed=True, manual_mode=False, auto_mode=True, autoland_mode=False, is_flying=True)
08:43:04.942 [MainThread      ] INFO     serial_controller.serial_handler PC -> STM32: StatusUpdate(armed=True, manual_mode=False, auto_mode=True, autoland_mode=False, is_flying=True)
08:43:05.808 [SerialProcessor ] INFO     commands.translator          auto rising edge -> AutoModeCommand
08:43:05.815 [MainThread      ] DEBUG    mavlink.uav_commads.command_sender AutoModeCommand received
08:43:05.815 [UAVCommandSender] INFO     mavlink.uav_commads.commands.base_command ModeCommander: switched to AUTO.
08:43:05.950 [MainThread      ] INFO     serial_controller.status_builder StatusBuilder: StatusUpdate(armed=True, manual_mode=False, auto_mode=True, autoland_mode=False, is_flying=True)
08:43:05.950 [MainThread      ] INFO     serial_controller.serial_handler PC -> STM32: StatusUpdate(armed=True, manual_mode=False, auto_mode=True, autoland_mode=False, is_flying=True)
08:43:06.659 [SerialProcessor ] INFO     commands.translator          autoland rising edge -> LandCommand
08:43:06.664 [MainThread      ] DEBUG    mavlink.uav_commads.command_sender LandCommand received
08:43:06.966 [MainThread      ] INFO     serial_controller.status_builder StatusBuilder: StatusUpdate(armed=True, manual_mode=False, auto_mode=True, autoland_mode=False, is_flying=True)
08:43:06.966 [MainThread      ] INFO     serial_controller.serial_handler PC -> STM32: StatusUpdate(armed=True, manual_mode=False, auto_mode=True, autoland_mode=False, is_flying=True)
08:43:07.968 [MainThread      ] INFO     serial_controller.status_builder StatusBuilder: StatusUpdate(armed=True, manual_mode=False, auto_mode=True, autoland_mode=False, is_flying=True)
08:43:07.969 [MainThread      ] INFO     serial_controller.serial_handler PC -> STM32: StatusUpdate(armed=True, manual_mode=False, auto_mode=True, autoland_mode=False, is_flying=True)
08:43:08.978 [MainThread      ] INFO     serial_controller.status_builder StatusBuilder: StatusUpdate(armed=True, manual_mode=False, auto_mode=True, autoland_mode=False, is_flying=True)
08:43:08.979 [MainThread      ] INFO     serial_controller.serial_handler PC -> STM32: StatusUpdate(armed=True, manual_mode=False, auto_mode=True, autoland_mode=False, is_flying=True)
08:43:09.238 [SerialProcessor ] INFO     commands.translator          arm falling edge -> DisarmCommand
08:43:09.239 [MainThread      ] INFO     mavlink.uav_commads.command_sender DisarmCommand received
08:43:09.240 [UAVCommandSender] WARNING  mavlink.uav_commads.commands.base_command Arms: blocked — vehicle is currently flying.
08:43:09.989 [MainThread      ] INFO     serial_controller.status_builder StatusBuilder: StatusUpdate(armed=True, manual_mode=False, auto_mode=True, autoland_mode=False, is_flying=True)
08:43:09.989 [MainThread      ] INFO     serial_controller.serial_handler PC -> STM32: StatusUpdate(armed=True, manual_mode=False, auto_mode=True, autoland_mode=False, is_flying=True)
08:43:11.008 [MainThread      ] INFO     serial_controller.status_builder StatusBuilder: StatusUpdate(armed=True, manual_mode=False, auto_mode=True, autoland_mode=False, is_flying=True)
08:43:11.009 [MainThread      ] INFO     serial_controller.serial_handler PC -> STM32: StatusUpdate(armed=True, manual_mode=False, auto_mode=True, autoland_mode=False, is_flying=True)
08:47:23.432 [Thread-1 (_run) ] INFO     serial_controller.serial_handler Scanning for STM32 on COM ports...
08:47:23.433 [Thread-2 (_run) ] INFO     mavlink.mavlink_worker         [state-poll] connecting to tcp:127.0.0.1:5762...
08:47:23.435 [Thread-2 (_run) ] INFO     mavlink.mavlink_worker         [state-poll] connected on tcp:127.0.0.1:5762.
08:47:23.436 [Thread-2 (_run) ] INFO     mavlink.mavlink_worker       UAVStatePoller waiting for heartbeat...
08:47:23.436 [Thread-3 (_run) ] INFO     mavlink.mavlink_worker         [command-sender] connecting to tcp:127.0.0.1:5763...
08:47:23.444 [Thread-3 (_run) ] INFO     mavlink.mavlink_worker         [command-sender] connected on tcp:127.0.0.1:5763.
08:47:23.444 [MainThread      ] INFO     __main__                     Controller started.
08:47:23.444 [Thread-3 (_run) ] INFO     mavlink.mavlink_worker       UAVCommandSender waiting for heartbeat...
08:47:23.444 [Thread-1 (_run) ] INFO     serial_controller.serial_handler Found STM32 (DFRobot CH340, matched by description) on COM67 — 'USB-Enhanced-SERIAL-D CH344 (COM67)'
08:47:23.446 [Thread-1 (_run) ] INFO     serial_controller.serial_handler STM32 connected on COM67.
08:47:23.453 [SerialReader    ] INFO     serial_controller.serial_handler SerialReader: started.
08:47:23.454 [SerialProcessor ] INFO     serial_controller.serial_handler SerialProcessor: started.
08:47:23.490 [Thread-3 (_run) ] INFO     mavlink.mavlink_worker       UAVCommandSender heartbeat received — system 1 component 1
08:47:23.490 [Thread-2 (_run) ] INFO     mavlink.mavlink_worker       UAVStatePoller heartbeat received — system 1 component 1
08:47:23.491 [Thread-2 (_run) ] INFO     mavlink.mavlink_worker       UAVStatePoller loop started.
08:47:23.492 [Thread-3 (_run) ] INFO     mavlink.uav_commads.command_sender UAVCommandSender connected.
08:47:23.493 [Thread-3 (_run) ] INFO     mavlink.mavlink_worker       UAVCommandSender loop started.
08:47:23.495 [MainThread      ] INFO     serial_controller.status_builder StatusBuilder: StatusUpdate(armed=True, manual_mode=False, auto_mode=True, autoland_mode=False, is_flying=True)
08:47:23.495 [MainThread      ] INFO     serial_controller.serial_handler PC -> STM32: StatusUpdate(armed=True, manual_mode=False, auto_mode=True, autoland_mode=False, is_flying=True)
08:47:24.538 [MainThread      ] INFO     serial_controller.status_builder StatusBuilder: StatusUpdate(armed=True, manual_mode=False, auto_mode=True, autoland_mode=False, is_flying=True)
08:47:24.557 [MainThread      ] INFO     serial_controller.serial_handler PC -> STM32: StatusUpdate(armed=True, manual_mode=False, auto_mode=True, autoland_mode=False, is_flying=True)
08:47:25.539 [MainThread      ] INFO     serial_controller.status_builder StatusBuilder: StatusUpdate(armed=True, manual_mode=False, auto_mode=True, autoland_mode=False, is_flying=True)
08:47:25.539 [MainThread      ] INFO     serial_controller.serial_handler PC -> STM32: StatusUpdate(armed=True, manual_mode=False, auto_mode=True, autoland_mode=False, is_flying=True)
08:47:26.548 [MainThread      ] INFO     serial_controller.status_builder StatusBuilder: StatusUpdate(armed=True, manual_mode=False, auto_mode=True, autoland_mode=False, is_flying=True)
08:47:26.549 [MainThread      ] INFO     serial_controller.serial_handler PC -> STM32: StatusUpdate(armed=True, manual_mode=False, auto_mode=True, autoland_mode=False, is_flying=True)
08:47:27.562 [MainThread      ] INFO     serial_controller.status_builder StatusBuilder: StatusUpdate(armed=True, manual_mode=False, auto_mode=True, autoland_mode=False, is_flying=True)
08:47:27.562 [MainThread      ] INFO     serial_controller.serial_handler PC -> STM32: StatusUpdate(armed=True, manual_mode=False, auto_mode=True, autoland_mode=False, is_flying=True)
08:47:28.575 [MainThread      ] INFO     serial_controller.status_builder StatusBuilder: StatusUpdate(armed=True, manual_mode=False, auto_mode=True, autoland_mode=False, is_flying=True)
08:47:28.576 [MainThread      ] INFO     serial_controller.serial_handler PC -> STM32: StatusUpdate(armed=True, manual_mode=False, auto_mode=True, autoland_mode=False, is_flying=True)
12:49:54.359 [Thread-1 (_run) ] INFO     serial_controller.serial_handler Scanning for STM32 on COM ports...
12:49:54.360 [Thread-2 (_run) ] INFO     mavlink.mavlink_worker         [state-poll] connecting to tcp:127.0.0.1:5762...
12:49:54.361 [Thread-3 (_run) ] INFO     mavlink.mavlink_worker         [command-sender] connecting to tcp:127.0.0.1:5763...
12:49:54.362 [MainThread      ] INFO     __main__                     Controller started.
12:49:54.363 [Thread-2 (_run) ] INFO     mavlink.mavlink_worker         [state-poll] connected on tcp:127.0.0.1:5762.
12:49:54.364 [Thread-3 (_run) ] INFO     mavlink.mavlink_worker         [command-sender] connected on tcp:127.0.0.1:5763.
12:49:54.364 [Thread-2 (_run) ] INFO     mavlink.mavlink_worker       UAVStatePoller waiting for heartbeat...
12:49:54.364 [Thread-3 (_run) ] INFO     mavlink.mavlink_worker       UAVCommandSender waiting for heartbeat...
12:49:54.371 [Thread-1 (_run) ] INFO     serial_controller.serial_handler Found STM32 (DFRobot CH340, matched by description) on COM67 — 'USB-Enhanced-SERIAL-D CH344 (COM67)'
12:49:54.412 [Thread-2 (_run) ] INFO     mavlink.mavlink_worker       UAVStatePoller heartbeat received — system 1 component 1
12:49:54.413 [Thread-1 (_run) ] INFO     serial_controller.serial_handler STM32 connected on COM67.
12:49:54.412 [Thread-3 (_run) ] INFO     mavlink.mavlink_worker       UAVCommandSender heartbeat received — system 1 component 1
12:49:54.414 [Thread-2 (_run) ] INFO     mavlink.mavlink_worker       UAVStatePoller loop started.
12:49:54.415 [SerialReader    ] INFO     serial_controller.serial_handler SerialReader: started.
12:49:54.417 [SerialProcessor ] INFO     serial_controller.serial_handler SerialProcessor: started.
12:49:54.418 [Thread-3 (_run) ] INFO     mavlink.uav_commads.command_sender UAVCommandSender connected.
12:49:54.419 [Thread-3 (_run) ] INFO     mavlink.mavlink_worker       UAVCommandSender loop started.
12:49:54.422 [MainThread      ] INFO     serial_controller.status_builder StatusBuilder: StatusUpdate(armed=True, manual_mode=False, auto_mode=True, autoland_mode=False, is_flying=True)
12:49:54.423 [MainThread      ] INFO     serial_controller.serial_handler PC -> STM32: StatusUpdate(armed=True, manual_mode=False, auto_mode=True, autoland_mode=False, is_flying=True)
12:49:55.429 [MainThread      ] INFO     serial_controller.status_builder StatusBuilder: StatusUpdate(armed=True, manual_mode=False, auto_mode=True, autoland_mode=False, is_flying=True)
12:49:55.432 [MainThread      ] INFO     serial_controller.serial_handler PC -> STM32: StatusUpdate(armed=True, manual_mode=False, auto_mode=True, autoland_mode=False, is_flying=True)
12:49:56.444 [MainThread      ] INFO     serial_controller.status_builder StatusBuilder: StatusUpdate(armed=True, manual_mode=False, auto_mode=True, autoland_mode=False, is_flying=True)
12:49:56.445 [MainThread      ] INFO     serial_controller.serial_handler PC -> STM32: StatusUpdate(armed=True, manual_mode=False, auto_mode=True, autoland_mode=False, is_flying=True)
12:49:57.459 [MainThread      ] INFO     serial_controller.status_builder StatusBuilder: StatusUpdate(armed=True, manual_mode=False, auto_mode=True, autoland_mode=False, is_flying=True)
12:49:57.459 [MainThread      ] INFO     serial_controller.serial_handler PC -> STM32: StatusUpdate(armed=True, manual_mode=False, auto_mode=True, autoland_mode=False, is_flying=True)
12:49:58.477 [MainThread      ] INFO     serial_controller.status_builder StatusBuilder: StatusUpdate(armed=True, manual_mode=False, auto_mode=True, autoland_mode=False, is_flying=True)
12:49:58.478 [MainThread      ] INFO     serial_controller.serial_handler PC -> STM32: StatusUpdate(armed=True, manual_mode=False, auto_mode=True, autoland_mode=False, is_flying=True)
12:49:58.601 [SerialProcessor ] INFO     commands.translator          manual rising edge -> ManualModeCommand
12:49:58.609 [MainThread      ] DEBUG    mavlink.uav_commads.command_sender ManualModeCommand received
12:49:58.610 [MainThread      ] WARNING  mavlink.uav_commads.commands.autotakeoff_commands AutoTakeOff: cancel requested.
12:49:58.649 [UAVCommandSender] INFO     mavlink.uav_commads.command_sender Switched to FBWB — joystick active.
12:49:59.488 [MainThread      ] INFO     serial_controller.status_builder StatusBuilder: StatusUpdate(armed=True, manual_mode=True, auto_mode=False, autoland_mode=False, is_flying=True)
12:49:59.488 [MainThread      ] INFO     serial_controller.serial_handler PC -> STM32: StatusUpdate(armed=True, manual_mode=True, auto_mode=False, autoland_mode=False, is_flying=True)
12:50:00.486 [MainThread      ] INFO     serial_controller.status_builder StatusBuilder: StatusUpdate(armed=True, manual_mode=True, auto_mode=False, autoland_mode=False, is_flying=True)
12:50:00.487 [MainThread      ] INFO     serial_controller.serial_handler PC -> STM32: StatusUpdate(armed=True, manual_mode=True, auto_mode=False, autoland_mode=False, is_flying=True)
12:50:01.508 [MainThread      ] INFO     serial_controller.status_builder StatusBuilder: StatusUpdate(armed=True, manual_mode=True, auto_mode=False, autoland_mode=False, is_flying=True)
12:50:01.508 [MainThread      ] INFO     serial_controller.serial_handler PC -> STM32: StatusUpdate(armed=True, manual_mode=True, auto_mode=False, autoland_mode=False, is_flying=True)
12:50:02.511 [MainThread      ] INFO     serial_controller.status_builder StatusBuilder: StatusUpdate(armed=True, manual_mode=True, auto_mode=False, autoland_mode=False, is_flying=True)
12:50:02.514 [MainThread      ] INFO     serial_controller.serial_handler PC -> STM32: StatusUpdate(armed=True, manual_mode=True, auto_mode=False, autoland_mode=False, is_flying=True)
12:50:03.525 [MainThread      ] INFO     serial_controller.status_builder StatusBuilder: StatusUpdate(armed=True, manual_mode=True, auto_mode=False, autoland_mode=False, is_flying=True)
12:50:03.527 [MainThread      ] INFO     serial_controller.serial_handler PC -> STM32: StatusUpdate(armed=True, manual_mode=True, auto_mode=False, autoland_mode=False, is_flying=True)
12:50:04.527 [MainThread      ] INFO     serial_controller.status_builder StatusBuilder: StatusUpdate(armed=True, manual_mode=True, auto_mode=False, autoland_mode=False, is_flying=True)
12:50:04.527 [MainThread      ] INFO     serial_controller.serial_handler PC -> STM32: StatusUpdate(armed=True, manual_mode=True, auto_mode=False, autoland_mode=False, is_flying=True)
12:50:05.549 [MainThread      ] INFO     serial_controller.status_builder StatusBuilder: StatusUpdate(armed=True, manual_mode=True, auto_mode=False, autoland_mode=False, is_flying=True)
12:50:05.549 [MainThread      ] INFO     serial_controller.serial_handler PC -> STM32: StatusUpdate(armed=True, manual_mode=True, auto_mode=False, autoland_mode=False, is_flying=True)
12:50:06.555 [MainThread      ] INFO     serial_controller.status_builder StatusBuilder: StatusUpdate(armed=True, manual_mode=True, auto_mode=False, autoland_mode=False, is_flying=True)
12:50:06.555 [MainThread      ] INFO     serial_controller.serial_handler PC -> STM32: StatusUpdate(armed=True, manual_mode=True, auto_mode=False, autoland_mode=False, is_flying=True)
12:50:07.580 [MainThread      ] INFO     serial_controller.status_builder StatusBuilder: StatusUpdate(armed=True, manual_mode=True, auto_mode=False, autoland_mode=False, is_flying=True)
12:50:07.581 [MainThread      ] INFO     serial_controller.serial_handler PC -> STM32: StatusUpdate(armed=True, manual_mode=True, auto_mode=False, autoland_mode=False, is_flying=True)
12:50:08.588 [MainThread      ] INFO     serial_controller.status_builder StatusBuilder: StatusUpdate(armed=True, manual_mode=True, auto_mode=False, autoland_mode=False, is_flying=True)
12:50:08.589 [MainThread      ] INFO     serial_controller.serial_handler PC -> STM32: StatusUpdate(armed=True, manual_mode=True, auto_mode=False, autoland_mode=False, is_flying=True)
12:50:09.604 [MainThread      ] INFO     serial_controller.status_builder StatusBuilder: StatusUpdate(armed=True, manual_mode=True, auto_mode=False, autoland_mode=False, is_flying=True)
12:50:09.605 [MainThread      ] INFO     serial_controller.serial_handler PC -> STM32: StatusUpdate(armed=True, manual_mode=True, auto_mode=False, autoland_mode=False, is_flying=True)
12:50:10.613 [MainThread      ] INFO     serial_controller.status_builder StatusBuilder: StatusUpdate(armed=True, manual_mode=True, auto_mode=False, autoland_mode=False, is_flying=True)
12:50:10.613 [MainThread      ] INFO     serial_controller.serial_handler PC -> STM32: StatusUpdate(armed=True, manual_mode=True, auto_mode=False, autoland_mode=False, is_flying=True)
12:50:11.617 [MainThread      ] INFO     serial_controller.status_builder StatusBuilder: StatusUpdate(armed=True, manual_mode=True, auto_mode=False, autoland_mode=False, is_flying=True)
12:50:11.617 [MainThread      ] INFO     serial_controller.serial_handler PC -> STM32: StatusUpdate(armed=True, manual_mode=True, auto_mode=False, autoland_mode=False, is_flying=True)
12:50:12.621 [MainThread      ] INFO     serial_controller.status_builder StatusBuilder: StatusUpdate(armed=True, manual_mode=True, auto_mode=False, autoland_mode=False, is_flying=True)
12:50:12.621 [MainThread      ] INFO     serial_controller.serial_handler PC -> STM32: StatusUpdate(armed=True, manual_mode=True, auto_mode=False, autoland_mode=False, is_flying=True)
12:50:13.623 [MainThread      ] INFO     serial_controller.status_builder StatusBuilder: StatusUpdate(armed=True, manual_mode=True, auto_mode=False, autoland_mode=False, is_flying=True)
12:50:13.624 [MainThread      ] INFO     serial_controller.serial_handler PC -> STM32: StatusUpdate(armed=True, manual_mode=True, auto_mode=False, autoland_mode=False, is_flying=True)
12:50:14.639 [MainThread      ] INFO     serial_controller.status_builder StatusBuilder: StatusUpdate(armed=True, manual_mode=True, auto_mode=False, autoland_mode=False, is_flying=True)
12:50:14.639 [MainThread      ] INFO     serial_controller.serial_handler PC -> STM32: StatusUpdate(armed=True, manual_mode=True, auto_mode=False, autoland_mode=False, is_flying=True)
12:50:15.643 [MainThread      ] INFO     serial_controller.status_builder StatusBuilder: StatusUpdate(armed=True, manual_mode=True, auto_mode=False, autoland_mode=False, is_flying=True)
12:50:15.644 [MainThread      ] INFO     serial_controller.serial_handler PC -> STM32: StatusUpdate(armed=True, manual_mode=True, auto_mode=False, autoland_mode=False, is_flying=True)
12:50:16.640 [MainThread      ] INFO     serial_controller.status_builder StatusBuilder: StatusUpdate(armed=True, manual_mode=True, auto_mode=False, autoland_mode=False, is_flying=True)
12:50:16.646 [MainThread      ] INFO     serial_controller.serial_handler PC -> STM32: StatusUpdate(armed=True, manual_mode=True, auto_mode=False, autoland_mode=False, is_flying=True)
12:50:17.651 [MainThread      ] INFO     serial_controller.status_builder StatusBuilder: StatusUpdate(armed=True, manual_mode=True, auto_mode=False, autoland_mode=False, is_flying=True)
12:50:17.654 [MainThread      ] INFO     serial_controller.serial_handler PC -> STM32: StatusUpdate(armed=True, manual_mode=True, auto_mode=False, autoland_mode=False, is_flying=True)
12:50:18.662 [MainThread      ] INFO     serial_controller.status_builder StatusBuilder: StatusUpdate(armed=True, manual_mode=True, auto_mode=False, autoland_mode=False, is_flying=True)
12:50:18.662 [MainThread      ] INFO     serial_controller.serial_handler PC -> STM32: StatusUpdate(armed=True, manual_mode=True, auto_mode=False, autoland_mode=False, is_flying=True)
12:50:19.668 [MainThread      ] INFO     serial_controller.status_builder StatusBuilder: StatusUpdate(armed=True, manual_mode=True, auto_mode=False, autoland_mode=False, is_flying=True)
12:50:19.668 [MainThread      ] INFO     serial_controller.serial_handler PC -> STM32: StatusUpdate(armed=True, manual_mode=True, auto_mode=False, autoland_mode=False, is_flying=True)
12:50:20.684 [MainThread      ] INFO     serial_controller.status_builder StatusBuilder: StatusUpdate(armed=True, manual_mode=True, auto_mode=False, autoland_mode=False, is_flying=True)
12:50:20.689 [MainThread      ] INFO     serial_controller.serial_handler PC -> STM32: StatusUpdate(armed=True, manual_mode=True, auto_mode=False, autoland_mode=False, is_flying=True)
12:50:21.694 [MainThread      ] INFO     serial_controller.status_builder StatusBuilder: StatusUpdate(armed=True, manual_mode=True, auto_mode=False, autoland_mode=False, is_flying=True)
12:50:21.694 [MainThread      ] INFO     serial_controller.serial_handler PC -> STM32: StatusUpdate(armed=True, manual_mode=True, auto_mode=False, autoland_mode=False, is_flying=True)
12:50:22.709 [MainThread      ] INFO     serial_controller.status_builder StatusBuilder: StatusUpdate(armed=True, manual_mode=True, auto_mode=False, autoland_mode=False, is_flying=True)
12:50:22.711 [MainThread      ] INFO     serial_controller.serial_handler PC -> STM32: StatusUpdate(armed=True, manual_mode=True, auto_mode=False, autoland_mode=False, is_flying=True)
12:50:23.725 [MainThread      ] INFO     serial_controller.status_builder StatusBuilder: StatusUpdate(armed=True, manual_mode=True, auto_mode=False, autoland_mode=False, is_flying=True)
12:50:23.725 [MainThread      ] INFO     serial_controller.serial_handler PC -> STM32: StatusUpdate(armed=True, manual_mode=True, auto_mode=False, autoland_mode=False, is_flying=True)
12:50:24.738 [MainThread      ] INFO     serial_controller.status_builder StatusBuilder: StatusUpdate(armed=True, manual_mode=True, auto_mode=False, autoland_mode=False, is_flying=True)
12:50:24.738 [MainThread      ] INFO     serial_controller.serial_handler PC -> STM32: StatusUpdate(armed=True, manual_mode=True, auto_mode=False, autoland_mode=False, is_flying=True)
12:50:25.757 [MainThread      ] INFO     serial_controller.status_builder StatusBuilder: StatusUpdate(armed=True, manual_mode=True, auto_mode=False, autoland_mode=False, is_flying=True)
12:50:25.758 [MainThread      ] INFO     serial_controller.serial_handler PC -> STM32: StatusUpdate(armed=True, manual_mode=True, auto_mode=False, autoland_mode=False, is_flying=True)
12:50:26.772 [MainThread      ] INFO     serial_controller.status_builder StatusBuilder: StatusUpdate(armed=True, manual_mode=True, auto_mode=False, autoland_mode=False, is_flying=True)
12:50:26.773 [MainThread      ] INFO     serial_controller.serial_handler PC -> STM32: StatusUpdate(armed=True, manual_mode=True, auto_mode=False, autoland_mode=False, is_flying=True)
12:50:27.788 [MainThread      ] INFO     serial_controller.status_builder StatusBuilder: StatusUpdate(armed=True, manual_mode=True, auto_mode=False, autoland_mode=False, is_flying=True)
12:50:27.789 [MainThread      ] INFO     serial_controller.serial_handler PC -> STM32: StatusUpdate(armed=True, manual_mode=True, auto_mode=False, autoland_mode=False, is_flying=True)
12:50:28.801 [MainThread      ] INFO     serial_controller.status_builder StatusBuilder: StatusUpdate(armed=True, manual_mode=True, auto_mode=False, autoland_mode=False, is_flying=True)
12:50:28.802 [MainThread      ] INFO     serial_controller.serial_handler PC -> STM32: StatusUpdate(armed=True, manual_mode=True, auto_mode=False, autoland_mode=False, is_flying=True)
12:50:29.817 [MainThread      ] INFO     serial_controller.status_builder StatusBuilder: StatusUpdate(armed=True, manual_mode=True, auto_mode=False, autoland_mode=False, is_flying=True)
12:50:29.817 [MainThread      ] INFO     serial_controller.serial_handler PC -> STM32: StatusUpdate(armed=True, manual_mode=True, auto_mode=False, autoland_mode=False, is_flying=True)
12:50:30.837 [MainThread      ] INFO     serial_controller.status_builder StatusBuilder: StatusUpdate(armed=True, manual_mode=True, auto_mode=False, autoland_mode=False, is_flying=True)
12:50:30.837 [MainThread      ] INFO     serial_controller.serial_handler PC -> STM32: StatusUpdate(armed=True, manual_mode=True, auto_mode=False, autoland_mode=False, is_flying=True)
12:50:31.844 [MainThread      ] INFO     serial_controller.status_builder StatusBuilder: StatusUpdate(armed=True, manual_mode=True, auto_mode=False, autoland_mode=False, is_flying=True)
12:50:31.844 [MainThread      ] INFO     serial_controller.serial_handler PC -> STM32: StatusUpdate(armed=True, manual_mode=True, auto_mode=False, autoland_mode=False, is_flying=True)
12:50:32.854 [MainThread      ] INFO     serial_controller.status_builder StatusBuilder: StatusUpdate(armed=True, manual_mode=True, auto_mode=False, autoland_mode=False, is_flying=True)
12:50:32.855 [MainThread      ] INFO     serial_controller.serial_handler PC -> STM32: StatusUpdate(armed=True, manual_mode=True, auto_mode=False, autoland_mode=False, is_flying=True)
12:50:33.863 [MainThread      ] INFO     serial_controller.status_builder StatusBuilder: StatusUpdate(armed=True, manual_mode=True, auto_mode=False, autoland_mode=False, is_flying=True)
12:50:33.863 [MainThread      ] INFO     serial_controller.serial_handler PC -> STM32: StatusUpdate(armed=True, manual_mode=True, auto_mode=False, autoland_mode=False, is_flying=True)
12:50:34.881 [MainThread      ] INFO     serial_controller.status_builder StatusBuilder: StatusUpdate(armed=True, manual_mode=True, auto_mode=False, autoland_mode=False, is_flying=True)
12:50:34.882 [MainThread      ] INFO     serial_controller.serial_handler PC -> STM32: StatusUpdate(armed=True, manual_mode=True, auto_mode=False, autoland_mode=False, is_flying=True)
12:50:35.892 [MainThread      ] INFO     serial_controller.status_builder StatusBuilder: StatusUpdate(armed=True, manual_mode=True, auto_mode=False, autoland_mode=False, is_flying=True)
12:50:35.892 [MainThread      ] INFO     serial_controller.serial_handler PC -> STM32: StatusUpdate(armed=True, manual_mode=True, auto_mode=False, autoland_mode=False, is_flying=True)
12:50:36.898 [MainThread      ] INFO     serial_controller.status_builder StatusBuilder: StatusUpdate(armed=True, manual_mode=True, auto_mode=False, autoland_mode=False, is_flying=True)
12:50:36.898 [MainThread      ] INFO     serial_controller.serial_handler PC -> STM32: StatusUpdate(armed=True, manual_mode=True, auto_mode=False, autoland_mode=False, is_flying=True)
12:50:37.914 [MainThread      ] INFO     serial_controller.status_builder StatusBuilder: StatusUpdate(armed=True, manual_mode=True, auto_mode=False, autoland_mode=False, is_flying=True)
12:50:37.914 [MainThread      ] INFO     serial_controller.serial_handler PC -> STM32: StatusUpdate(armed=True, manual_mode=True, auto_mode=False, autoland_mode=False, is_flying=True)
12:50:38.928 [MainThread      ] INFO     serial_controller.status_builder StatusBuilder: StatusUpdate(armed=True, manual_mode=True, auto_mode=False, autoland_mode=False, is_flying=True)
12:50:38.929 [MainThread      ] INFO     serial_controller.serial_handler PC -> STM32: StatusUpdate(armed=True, manual_mode=True, auto_mode=False, autoland_mode=False, is_flying=True)
12:50:39.947 [MainThread      ] INFO     serial_controller.status_builder StatusBuilder: StatusUpdate(armed=True, manual_mode=True, auto_mode=False, autoland_mode=False, is_flying=True)
12:50:39.947 [MainThread      ] INFO     serial_controller.serial_handler PC -> STM32: StatusUpdate(armed=True, manual_mode=True, auto_mode=False, autoland_mode=False, is_flying=True)
12:50:40.950 [MainThread      ] INFO     serial_controller.status_builder StatusBuilder: StatusUpdate(armed=True, manual_mode=True, auto_mode=False, autoland_mode=False, is_flying=True)
12:50:40.951 [MainThread      ] INFO     serial_controller.serial_handler PC -> STM32: StatusUpdate(armed=True, manual_mode=True, auto_mode=False, autoland_mode=False, is_flying=True)
12:50:41.968 [MainThread      ] INFO     serial_controller.status_builder StatusBuilder: StatusUpdate(armed=True, manual_mode=True, auto_mode=False, autoland_mode=False, is_flying=True)
12:50:41.971 [MainThread      ] INFO     serial_controller.serial_handler PC -> STM32: StatusUpdate(armed=True, manual_mode=True, auto_mode=False, autoland_mode=False, is_flying=True)
12:50:42.977 [MainThread      ] INFO     serial_controller.status_builder StatusBuilder: StatusUpdate(armed=True, manual_mode=True, auto_mode=False, autoland_mode=False, is_flying=True)
12:50:42.979 [MainThread      ] INFO     serial_controller.serial_handler PC -> STM32: StatusUpdate(armed=True, manual_mode=True, auto_mode=False, autoland_mode=False, is_flying=True)
12:50:43.992 [MainThread      ] INFO     serial_controller.status_builder StatusBuilder: StatusUpdate(armed=True, manual_mode=True, auto_mode=False, autoland_mode=False, is_flying=True)
12:50:43.994 [MainThread      ] INFO     serial_controller.serial_handler PC -> STM32: StatusUpdate(armed=True, manual_mode=True, auto_mode=False, autoland_mode=False, is_flying=True)
12:50:45.006 [MainThread      ] INFO     serial_controller.status_builder StatusBuilder: StatusUpdate(armed=True, manual_mode=True, auto_mode=False, autoland_mode=False, is_flying=True)
12:50:45.006 [MainThread      ] INFO     serial_controller.serial_handler PC -> STM32: StatusUpdate(armed=True, manual_mode=True, auto_mode=False, autoland_mode=False, is_flying=True)
12:50:46.016 [MainThread      ] INFO     serial_controller.status_builder StatusBuilder: StatusUpdate(armed=True, manual_mode=True, auto_mode=False, autoland_mode=False, is_flying=True)
12:50:46.017 [MainThread      ] INFO     serial_controller.serial_handler PC -> STM32: StatusUpdate(armed=True, manual_mode=True, auto_mode=False, autoland_mode=False, is_flying=True)
12:50:47.034 [MainThread      ] INFO     serial_controller.status_builder StatusBuilder: StatusUpdate(armed=True, manual_mode=True, auto_mode=False, autoland_mode=False, is_flying=True)
12:50:47.034 [MainThread      ] INFO     serial_controller.serial_handler PC -> STM32: StatusUpdate(armed=True, manual_mode=True, auto_mode=False, autoland_mode=False, is_flying=True)
12:50:48.048 [MainThread      ] INFO     serial_controller.status_builder StatusBuilder: StatusUpdate(armed=True, manual_mode=True, auto_mode=False, autoland_mode=False, is_flying=True)
12:50:48.049 [MainThread      ] INFO     serial_controller.serial_handler PC -> STM32: StatusUpdate(armed=True, manual_mode=True, auto_mode=False, autoland_mode=False, is_flying=True)
12:50:49.060 [MainThread      ] INFO     serial_controller.status_builder StatusBuilder: StatusUpdate(armed=True, manual_mode=True, auto_mode=False, autoland_mode=False, is_flying=True)
12:50:49.060 [MainThread      ] INFO     serial_controller.serial_handler PC -> STM32: StatusUpdate(armed=True, manual_mode=True, auto_mode=False, autoland_mode=False, is_flying=True)
12:50:50.070 [MainThread      ] INFO     serial_controller.status_builder StatusBuilder: StatusUpdate(armed=True, manual_mode=True, auto_mode=False, autoland_mode=False, is_flying=True)
12:50:50.070 [MainThread      ] INFO     serial_controller.serial_handler PC -> STM32: StatusUpdate(armed=True, manual_mode=True, auto_mode=False, autoland_mode=False, is_flying=True)
12:50:51.078 [MainThread      ] INFO     serial_controller.status_builder StatusBuilder: StatusUpdate(armed=True, manual_mode=True, auto_mode=False, autoland_mode=False, is_flying=True)
12:50:51.081 [MainThread      ] INFO     serial_controller.serial_handler PC -> STM32: StatusUpdate(armed=True, manual_mode=True, auto_mode=False, autoland_mode=False, is_flying=True)
12:50:52.084 [MainThread      ] INFO     serial_controller.status_builder StatusBuilder: StatusUpdate(armed=True, manual_mode=True, auto_mode=False, autoland_mode=False, is_flying=True)
12:50:52.084 [MainThread      ] INFO     serial_controller.serial_handler PC -> STM32: StatusUpdate(armed=True, manual_mode=True, auto_mode=False, autoland_mode=False, is_flying=True)
12:50:52.181 [SerialProcessor ] INFO     commands.translator          wideout rising edge -> WideOutCommand
12:50:52.190 [MainThread      ] INFO     mavlink.uav_commads.command_sender CameraWideInCommand received
12:50:52.516 [SerialProcessor ] INFO     commands.translator          wideout rising edge -> WideOutCommand
12:50:52.528 [MainThread      ] INFO     mavlink.uav_commads.command_sender CameraWideInCommand received
12:50:52.825 [SerialProcessor ] INFO     commands.translator          wideout rising edge -> WideOutCommand
12:50:52.835 [MainThread      ] INFO     mavlink.uav_commads.command_sender CameraWideInCommand received
12:50:53.105 [MainThread      ] INFO     serial_controller.status_builder StatusBuilder: StatusUpdate(armed=True, manual_mode=True, auto_mode=False, autoland_mode=False, is_flying=True)
12:50:53.106 [MainThread      ] INFO     serial_controller.serial_handler PC -> STM32: StatusUpdate(armed=True, manual_mode=True, auto_mode=False, autoland_mode=False, is_flying=True)
12:50:53.186 [SerialProcessor ] INFO     commands.translator          wideout rising edge -> WideOutCommand
12:50:53.193 [MainThread      ] INFO     mavlink.uav_commads.command_sender CameraWideInCommand received
12:50:53.559 [SerialProcessor ] INFO     commands.translator          wideout rising edge -> WideOutCommand
12:50:53.569 [MainThread      ] INFO     mavlink.uav_commads.command_sender CameraWideInCommand received
12:50:53.984 [SerialProcessor ] INFO     commands.translator          wideout rising edge -> WideOutCommand
12:50:53.988 [UAVCommandSender] INFO     mavlink.uav_commads.command_sender CameraWideInCommand received
12:50:54.119 [MainThread      ] INFO     serial_controller.status_builder StatusBuilder: StatusUpdate(armed=True, manual_mode=True, auto_mode=False, autoland_mode=False, is_flying=True)
12:50:54.119 [MainThread      ] INFO     serial_controller.serial_handler PC -> STM32: StatusUpdate(armed=True, manual_mode=True, auto_mode=False, autoland_mode=False, is_flying=True)
12:50:54.358 [SerialProcessor ] INFO     commands.translator          wideout rising edge -> WideOutCommand
12:50:54.369 [MainThread      ] INFO     mavlink.uav_commads.command_sender CameraWideInCommand received
12:50:55.123 [MainThread      ] INFO     serial_controller.status_builder StatusBuilder: StatusUpdate(armed=True, manual_mode=True, auto_mode=False, autoland_mode=False, is_flying=True)
12:50:55.128 [MainThread      ] INFO     serial_controller.serial_handler PC -> STM32: StatusUpdate(armed=True, manual_mode=True, auto_mode=False, autoland_mode=False, is_flying=True)
12:50:56.137 [MainThread      ] INFO     serial_controller.status_builder StatusBuilder: StatusUpdate(armed=True, manual_mode=True, auto_mode=False, autoland_mode=False, is_flying=True)
12:50:56.137 [MainThread      ] INFO     serial_controller.serial_handler PC -> STM32: StatusUpdate(armed=True, manual_mode=True, auto_mode=False, autoland_mode=False, is_flying=True)
12:50:57.140 [MainThread      ] INFO     serial_controller.status_builder StatusBuilder: StatusUpdate(armed=True, manual_mode=True, auto_mode=False, autoland_mode=False, is_flying=True)
12:50:57.141 [MainThread      ] INFO     serial_controller.serial_handler PC -> STM32: StatusUpdate(armed=True, manual_mode=True, auto_mode=False, autoland_mode=False, is_flying=True)
12:50:58.144 [MainThread      ] INFO     serial_controller.status_builder StatusBuilder: StatusUpdate(armed=True, manual_mode=True, auto_mode=False, autoland_mode=False, is_flying=True)
12:50:58.144 [MainThread      ] INFO     serial_controller.serial_handler PC -> STM32: StatusUpdate(armed=True, manual_mode=True, auto_mode=False, autoland_mode=False, is_flying=True)
12:50:59.160 [MainThread      ] INFO     serial_controller.status_builder StatusBuilder: StatusUpdate(armed=True, manual_mode=True, auto_mode=False, autoland_mode=False, is_flying=True)
12:50:59.160 [MainThread      ] INFO     serial_controller.serial_handler PC -> STM32: StatusUpdate(armed=True, manual_mode=True, auto_mode=False, autoland_mode=False, is_flying=True)
12:51:00.173 [MainThread      ] INFO     serial_controller.status_builder StatusBuilder: StatusUpdate(armed=True, manual_mode=True, auto_mode=False, autoland_mode=False, is_flying=True)
12:51:00.173 [MainThread      ] INFO     serial_controller.serial_handler PC -> STM32: StatusUpdate(armed=True, manual_mode=True, auto_mode=False, autoland_mode=False, is_flying=True)
12:51:01.184 [MainThread      ] INFO     serial_controller.status_builder StatusBuilder: StatusUpdate(armed=True, manual_mode=True, auto_mode=False, autoland_mode=False, is_flying=True)
12:51:01.184 [MainThread      ] INFO     serial_controller.serial_handler PC -> STM32: StatusUpdate(armed=True, manual_mode=True, auto_mode=False, autoland_mode=False, is_flying=True)
12:51:02.199 [MainThread      ] INFO     serial_controller.status_builder StatusBuilder: StatusUpdate(armed=True, manual_mode=True, auto_mode=False, autoland_mode=False, is_flying=True)
12:51:02.199 [MainThread      ] INFO     serial_controller.serial_handler PC -> STM32: StatusUpdate(armed=True, manual_mode=True, auto_mode=False, autoland_mode=False, is_flying=True)
12:51:03.211 [MainThread      ] INFO     serial_controller.status_builder StatusBuilder: StatusUpdate(armed=True, manual_mode=True, auto_mode=False, autoland_mode=False, is_flying=True)
12:51:03.211 [MainThread      ] INFO     serial_controller.serial_handler PC -> STM32: StatusUpdate(armed=True, manual_mode=True, auto_mode=False, autoland_mode=False, is_flying=True)
12:51:04.228 [MainThread      ] INFO     serial_controller.status_builder StatusBuilder: StatusUpdate(armed=True, manual_mode=True, auto_mode=False, autoland_mode=False, is_flying=True)
12:51:04.229 [MainThread      ] INFO     serial_controller.serial_handler PC -> STM32: StatusUpdate(armed=True, manual_mode=True, auto_mode=False, autoland_mode=False, is_flying=True)
12:51:05.235 [MainThread      ] INFO     serial_controller.status_builder StatusBuilder: StatusUpdate(armed=True, manual_mode=True, auto_mode=False, autoland_mode=False, is_flying=True)
12:51:05.235 [MainThread      ] INFO     serial_controller.serial_handler PC -> STM32: StatusUpdate(armed=True, manual_mode=True, auto_mode=False, autoland_mode=False, is_flying=True)
12:51:06.247 [MainThread      ] INFO     serial_controller.status_builder StatusBuilder: StatusUpdate(armed=True, manual_mode=True, auto_mode=False, autoland_mode=False, is_flying=True)
12:51:06.248 [MainThread      ] INFO     serial_controller.serial_handler PC -> STM32: StatusUpdate(armed=True, manual_mode=True, auto_mode=False, autoland_mode=False, is_flying=True)
12:51:07.246 [MainThread      ] INFO     serial_controller.status_builder StatusBuilder: StatusUpdate(armed=True, manual_mode=True, auto_mode=False, autoland_mode=False, is_flying=True)
12:51:07.247 [MainThread      ] INFO     serial_controller.serial_handler PC -> STM32: StatusUpdate(armed=True, manual_mode=True, auto_mode=False, autoland_mode=False, is_flying=True)
12:51:08.243 [MainThread      ] INFO     serial_controller.status_builder StatusBuilder: StatusUpdate(armed=True, manual_mode=True, auto_mode=False, autoland_mode=False, is_flying=True)
12:51:08.243 [MainThread      ] INFO     serial_controller.serial_handler PC -> STM32: StatusUpdate(armed=True, manual_mode=True, auto_mode=False, autoland_mode=False, is_flying=True)
12:51:09.263 [MainThread      ] INFO     serial_controller.status_builder StatusBuilder: StatusUpdate(armed=True, manual_mode=True, auto_mode=False, autoland_mode=False, is_flying=True)
12:51:09.263 [MainThread      ] INFO     serial_controller.serial_handler PC -> STM32: StatusUpdate(armed=True, manual_mode=True, auto_mode=False, autoland_mode=False, is_flying=True)
12:51:10.274 [MainThread      ] INFO     serial_controller.status_builder StatusBuilder: StatusUpdate(armed=True, manual_mode=True, auto_mode=False, autoland_mode=False, is_flying=True)
12:51:10.274 [MainThread      ] INFO     serial_controller.serial_handler PC -> STM32: StatusUpdate(armed=True, manual_mode=True, auto_mode=False, autoland_mode=False, is_flying=True)
12:51:11.294 [MainThread      ] INFO     serial_controller.status_builder StatusBuilder: StatusUpdate(armed=True, manual_mode=True, auto_mode=False, autoland_mode=False, is_flying=True)
12:51:11.295 [MainThread      ] INFO     serial_controller.serial_handler PC -> STM32: StatusUpdate(armed=True, manual_mode=True, auto_mode=False, autoland_mode=False, is_flying=True)
12:51:12.306 [MainThread      ] INFO     serial_controller.status_builder StatusBuilder: StatusUpdate(armed=True, manual_mode=True, auto_mode=False, autoland_mode=False, is_flying=True)
12:51:12.306 [MainThread      ] INFO     serial_controller.serial_handler PC -> STM32: StatusUpdate(armed=True, manual_mode=True, auto_mode=False, autoland_mode=False, is_flying=True)
12:51:13.312 [MainThread      ] INFO     serial_controller.status_builder StatusBuilder: StatusUpdate(armed=True, manual_mode=True, auto_mode=False, autoland_mode=False, is_flying=True)
12:51:13.313 [MainThread      ] INFO     serial_controller.serial_handler PC -> STM32: StatusUpdate(armed=True, manual_mode=True, auto_mode=False, autoland_mode=False, is_flying=True)
12:51:14.317 [MainThread      ] INFO     serial_controller.status_builder StatusBuilder: StatusUpdate(armed=True, manual_mode=True, auto_mode=False, autoland_mode=False, is_flying=True)
12:51:14.318 [MainThread      ] INFO     serial_controller.serial_handler PC -> STM32: StatusUpdate(armed=True, manual_mode=True, auto_mode=False, autoland_mode=False, is_flying=True)
12:51:15.336 [MainThread      ] INFO     serial_controller.status_builder StatusBuilder: StatusUpdate(armed=True, manual_mode=True, auto_mode=False, autoland_mode=False, is_flying=True)
12:51:15.337 [MainThread      ] INFO     serial_controller.serial_handler PC -> STM32: StatusUpdate(armed=True, manual_mode=True, auto_mode=False, autoland_mode=False, is_flying=True)
12:51:16.347 [MainThread      ] INFO     serial_controller.status_builder StatusBuilder: StatusUpdate(armed=True, manual_mode=True, auto_mode=False, autoland_mode=False, is_flying=True)
12:51:16.347 [MainThread      ] INFO     serial_controller.serial_handler PC -> STM32: StatusUpdate(armed=True, manual_mode=True, auto_mode=False, autoland_mode=False, is_flying=True)
12:51:17.368 [MainThread      ] INFO     serial_controller.status_builder StatusBuilder: StatusUpdate(armed=True, manual_mode=True, auto_mode=False, autoland_mode=False, is_flying=True)
12:51:17.368 [MainThread      ] INFO     serial_controller.serial_handler PC -> STM32: StatusUpdate(armed=True, manual_mode=True, auto_mode=False, autoland_mode=False, is_flying=True)
12:51:18.369 [MainThread      ] INFO     serial_controller.status_builder StatusBuilder: StatusUpdate(armed=True, manual_mode=True, auto_mode=False, autoland_mode=False, is_flying=True)
12:51:18.370 [MainThread      ] INFO     serial_controller.serial_handler PC -> STM32: StatusUpdate(armed=True, manual_mode=True, auto_mode=False, autoland_mode=False, is_flying=True)
12:51:19.384 [MainThread      ] INFO     serial_controller.status_builder StatusBuilder: StatusUpdate(armed=True, manual_mode=True, auto_mode=False, autoland_mode=False, is_flying=True)
12:51:19.384 [MainThread      ] INFO     serial_controller.serial_handler PC -> STM32: StatusUpdate(armed=True, manual_mode=True, auto_mode=False, autoland_mode=False, is_flying=True)
12:51:20.393 [MainThread      ] INFO     serial_controller.status_builder StatusBuilder: StatusUpdate(armed=True, manual_mode=True, auto_mode=False, autoland_mode=False, is_flying=True)
12:51:20.394 [MainThread      ] INFO     serial_controller.serial_handler PC -> STM32: StatusUpdate(armed=True, manual_mode=True, auto_mode=False, autoland_mode=False, is_flying=True)
12:51:21.399 [MainThread      ] INFO     serial_controller.status_builder StatusBuilder: StatusUpdate(armed=True, manual_mode=True, auto_mode=False, autoland_mode=False, is_flying=True)
12:51:21.400 [MainThread      ] INFO     serial_controller.serial_handler PC -> STM32: StatusUpdate(armed=True, manual_mode=True, auto_mode=False, autoland_mode=False, is_flying=True)
12:51:22.414 [MainThread      ] INFO     serial_controller.status_builder StatusBuilder: StatusUpdate(armed=True, manual_mode=True, auto_mode=False, autoland_mode=False, is_flying=True)
12:51:22.414 [MainThread      ] INFO     serial_controller.serial_handler PC -> STM32: StatusUpdate(armed=True, manual_mode=True, auto_mode=False, autoland_mode=False, is_flying=True)
12:51:23.428 [MainThread      ] INFO     serial_controller.status_builder StatusBuilder: StatusUpdate(armed=True, manual_mode=True, auto_mode=False, autoland_mode=False, is_flying=True)
12:51:23.428 [MainThread      ] INFO     serial_controller.serial_handler PC -> STM32: StatusUpdate(armed=True, manual_mode=True, auto_mode=False, autoland_mode=False, is_flying=True)
12:51:24.431 [MainThread      ] INFO     serial_controller.status_builder StatusBuilder: StatusUpdate(armed=True, manual_mode=True, auto_mode=False, autoland_mode=False, is_flying=True)
12:51:24.434 [MainThread      ] INFO     serial_controller.serial_handler PC -> STM32: StatusUpdate(armed=True, manual_mode=True, auto_mode=False, autoland_mode=False, is_flying=True)
12:51:25.437 [MainThread      ] INFO     serial_controller.status_builder StatusBuilder: StatusUpdate(armed=True, manual_mode=True, auto_mode=False, autoland_mode=False, is_flying=True)
12:51:25.438 [MainThread      ] INFO     serial_controller.serial_handler PC -> STM32: StatusUpdate(armed=True, manual_mode=True, auto_mode=False, autoland_mode=False, is_flying=True)
12:51:26.447 [MainThread      ] INFO     serial_controller.status_builder StatusBuilder: StatusUpdate(armed=True, manual_mode=True, auto_mode=False, autoland_mode=False, is_flying=True)
12:51:26.447 [MainThread      ] INFO     serial_controller.serial_handler PC -> STM32: StatusUpdate(armed=True, manual_mode=True, auto_mode=False, autoland_mode=False, is_flying=True)
12:51:27.462 [MainThread      ] INFO     serial_controller.status_builder StatusBuilder: StatusUpdate(armed=True, manual_mode=True, auto_mode=False, autoland_mode=False, is_flying=True)
12:51:27.463 [MainThread      ] INFO     serial_controller.serial_handler PC -> STM32: StatusUpdate(armed=True, manual_mode=True, auto_mode=False, autoland_mode=False, is_flying=True)
12:51:28.472 [MainThread      ] INFO     serial_controller.status_builder StatusBuilder: StatusUpdate(armed=True, manual_mode=True, auto_mode=False, autoland_mode=False, is_flying=True)
12:51:28.472 [MainThread      ] INFO     serial_controller.serial_handler PC -> STM32: StatusUpdate(armed=True, manual_mode=True, auto_mode=False, autoland_mode=False, is_flying=True)
12:51:29.480 [MainThread      ] INFO     serial_controller.status_builder StatusBuilder: StatusUpdate(armed=True, manual_mode=True, auto_mode=False, autoland_mode=False, is_flying=True)
12:51:29.480 [MainThread      ] INFO     serial_controller.serial_handler PC -> STM32: StatusUpdate(armed=True, manual_mode=True, auto_mode=False, autoland_mode=False, is_flying=True)
12:51:30.488 [MainThread      ] INFO     serial_controller.status_builder StatusBuilder: StatusUpdate(armed=True, manual_mode=True, auto_mode=False, autoland_mode=False, is_flying=True)
12:51:30.488 [MainThread      ] INFO     serial_controller.serial_handler PC -> STM32: StatusUpdate(armed=True, manual_mode=True, auto_mode=False, autoland_mode=False, is_flying=True)
12:51:31.495 [MainThread      ] INFO     serial_controller.status_builder StatusBuilder: StatusUpdate(armed=True, manual_mode=True, auto_mode=False, autoland_mode=False, is_flying=True)
12:51:31.496 [MainThread      ] INFO     serial_controller.serial_handler PC -> STM32: StatusUpdate(armed=True, manual_mode=True, auto_mode=False, autoland_mode=False, is_flying=True)
12:51:32.511 [MainThread      ] INFO     serial_controller.status_builder StatusBuilder: StatusUpdate(armed=True, manual_mode=True, auto_mode=False, autoland_mode=False, is_flying=True)
12:51:32.511 [MainThread      ] INFO     serial_controller.serial_handler PC -> STM32: StatusUpdate(armed=True, manual_mode=True, auto_mode=False, autoland_mode=False, is_flying=True)
12:51:33.525 [MainThread      ] INFO     serial_controller.status_builder StatusBuilder: StatusUpdate(armed=True, manual_mode=True, auto_mode=False, autoland_mode=False, is_flying=True)
12:51:33.525 [MainThread      ] INFO     serial_controller.serial_handler PC -> STM32: StatusUpdate(armed=True, manual_mode=True, auto_mode=False, autoland_mode=False, is_flying=True)
12:51:34.540 [MainThread      ] INFO     serial_controller.status_builder StatusBuilder: StatusUpdate(armed=True, manual_mode=True, auto_mode=False, autoland_mode=False, is_flying=True)
12:51:34.541 [MainThread      ] INFO     serial_controller.serial_handler PC -> STM32: StatusUpdate(armed=True, manual_mode=True, auto_mode=False, autoland_mode=False, is_flying=True)
12:51:35.547 [MainThread      ] INFO     serial_controller.status_builder StatusBuilder: StatusUpdate(armed=True, manual_mode=True, auto_mode=False, autoland_mode=False, is_flying=True)
12:51:35.548 [MainThread      ] INFO     serial_controller.serial_handler PC -> STM32: StatusUpdate(armed=True, manual_mode=True, auto_mode=False, autoland_mode=False, is_flying=True)
12:51:36.557 [MainThread      ] INFO     serial_controller.status_builder StatusBuilder: StatusUpdate(armed=True, manual_mode=True, auto_mode=False, autoland_mode=False, is_flying=True)
12:51:36.557 [MainThread      ] INFO     serial_controller.serial_handler PC -> STM32: StatusUpdate(armed=True, manual_mode=True, auto_mode=False, autoland_mode=False, is_flying=True)
12:51:37.576 [MainThread      ] INFO     serial_controller.status_builder StatusBuilder: StatusUpdate(armed=True, manual_mode=True, auto_mode=False, autoland_mode=False, is_flying=True)
12:51:37.576 [MainThread      ] INFO     serial_controller.serial_handler PC -> STM32: StatusUpdate(armed=True, manual_mode=True, auto_mode=False, autoland_mode=False, is_flying=True)
12:51:38.570 [MainThread      ] INFO     serial_controller.status_builder StatusBuilder: StatusUpdate(armed=True, manual_mode=True, auto_mode=False, autoland_mode=False, is_flying=True)
12:51:38.571 [MainThread      ] INFO     serial_controller.serial_handler PC -> STM32: StatusUpdate(armed=True, manual_mode=True, auto_mode=False, autoland_mode=False, is_flying=True)
12:51:39.581 [MainThread      ] INFO     serial_controller.status_builder StatusBuilder: StatusUpdate(armed=True, manual_mode=True, auto_mode=False, autoland_mode=False, is_flying=True)
12:51:39.582 [MainThread      ] INFO     serial_controller.serial_handler PC -> STM32: StatusUpdate(armed=True, manual_mode=True, auto_mode=False, autoland_mode=False, is_flying=True)
12:51:40.596 [MainThread      ] INFO     serial_controller.status_builder StatusBuilder: StatusUpdate(armed=True, manual_mode=True, auto_mode=False, autoland_mode=False, is_flying=True)
12:51:40.596 [MainThread      ] INFO     serial_controller.serial_handler PC -> STM32: StatusUpdate(armed=True, manual_mode=True, auto_mode=False, autoland_mode=False, is_flying=True)
12:51:41.603 [MainThread      ] INFO     serial_controller.status_builder StatusBuilder: StatusUpdate(armed=True, manual_mode=True, auto_mode=False, autoland_mode=False, is_flying=True)
12:51:41.603 [MainThread      ] INFO     serial_controller.serial_handler PC -> STM32: StatusUpdate(armed=True, manual_mode=True, auto_mode=False, autoland_mode=False, is_flying=True)
12:51:42.618 [MainThread      ] INFO     serial_controller.status_builder StatusBuilder: StatusUpdate(armed=True, manual_mode=True, auto_mode=False, autoland_mode=False, is_flying=True)
12:51:42.619 [MainThread      ] INFO     serial_controller.serial_handler PC -> STM32: StatusUpdate(armed=True, manual_mode=True, auto_mode=False, autoland_mode=False, is_flying=True)
12:51:43.630 [MainThread      ] INFO     serial_controller.status_builder StatusBuilder: StatusUpdate(armed=True, manual_mode=True, auto_mode=False, autoland_mode=False, is_flying=True)
12:51:43.630 [MainThread      ] INFO     serial_controller.serial_handler PC -> STM32: StatusUpdate(armed=True, manual_mode=True, auto_mode=False, autoland_mode=False, is_flying=True)
12:51:44.637 [MainThread      ] INFO     serial_controller.status_builder StatusBuilder: StatusUpdate(armed=True, manual_mode=True, auto_mode=False, autoland_mode=False, is_flying=True)
12:51:44.637 [MainThread      ] INFO     serial_controller.serial_handler PC -> STM32: StatusUpdate(armed=True, manual_mode=True, auto_mode=False, autoland_mode=False, is_flying=True)
12:51:45.648 [MainThread      ] INFO     serial_controller.status_builder StatusBuilder: StatusUpdate(armed=True, manual_mode=True, auto_mode=False, autoland_mode=False, is_flying=True)
12:51:45.649 [MainThread      ] INFO     serial_controller.serial_handler PC -> STM32: StatusUpdate(armed=True, manual_mode=True, auto_mode=False, autoland_mode=False, is_flying=True)
12:51:46.652 [MainThread      ] INFO     serial_controller.status_builder StatusBuilder: StatusUpdate(armed=True, manual_mode=True, auto_mode=False, autoland_mode=False, is_flying=True)
12:51:46.652 [MainThread      ] INFO     serial_controller.serial_handler PC -> STM32: StatusUpdate(armed=True, manual_mode=True, auto_mode=False, autoland_mode=False, is_flying=True)
12:51:47.670 [MainThread      ] INFO     serial_controller.status_builder StatusBuilder: StatusUpdate(armed=True, manual_mode=True, auto_mode=False, autoland_mode=False, is_flying=True)
12:51:47.670 [MainThread      ] INFO     serial_controller.serial_handler PC -> STM32: StatusUpdate(armed=True, manual_mode=True, auto_mode=False, autoland_mode=False, is_flying=True)
12:51:48.678 [MainThread      ] INFO     serial_controller.status_builder StatusBuilder: StatusUpdate(armed=True, manual_mode=True, auto_mode=False, autoland_mode=False, is_flying=True)
12:51:48.678 [MainThread      ] INFO     serial_controller.serial_handler PC -> STM32: StatusUpdate(armed=True, manual_mode=True, auto_mode=False, autoland_mode=False, is_flying=True)
12:51:49.688 [MainThread      ] INFO     serial_controller.status_builder StatusBuilder: StatusUpdate(armed=True, manual_mode=True, auto_mode=False, autoland_mode=False, is_flying=True)
12:51:49.688 [MainThread      ] INFO     serial_controller.serial_handler PC -> STM32: StatusUpdate(armed=True, manual_mode=True, auto_mode=False, autoland_mode=False, is_flying=True)
12:51:50.692 [MainThread      ] INFO     serial_controller.status_builder StatusBuilder: StatusUpdate(armed=True, manual_mode=True, auto_mode=False, autoland_mode=False, is_flying=True)
12:51:50.693 [MainThread      ] INFO     serial_controller.serial_handler PC -> STM32: StatusUpdate(armed=True, manual_mode=True, auto_mode=False, autoland_mode=False, is_flying=True)
12:51:51.709 [MainThread      ] INFO     serial_controller.status_builder StatusBuilder: StatusUpdate(armed=True, manual_mode=True, auto_mode=False, autoland_mode=False, is_flying=True)
12:51:51.715 [MainThread      ] INFO     serial_controller.serial_handler PC -> STM32: StatusUpdate(armed=True, manual_mode=True, auto_mode=False, autoland_mode=False, is_flying=True)
12:51:52.731 [MainThread      ] INFO     serial_controller.status_builder StatusBuilder: StatusUpdate(armed=True, manual_mode=True, auto_mode=False, autoland_mode=False, is_flying=True)
12:51:52.731 [MainThread      ] INFO     serial_controller.serial_handler PC -> STM32: StatusUpdate(armed=True, manual_mode=True, auto_mode=False, autoland_mode=False, is_flying=True)
12:51:53.724 [MainThread      ] INFO     serial_controller.status_builder StatusBuilder: StatusUpdate(armed=True, manual_mode=True, auto_mode=False, autoland_mode=False, is_flying=True)
12:51:53.724 [MainThread      ] INFO     serial_controller.serial_handler PC -> STM32: StatusUpdate(armed=True, manual_mode=True, auto_mode=False, autoland_mode=False, is_flying=True)
12:51:54.739 [MainThread      ] INFO     serial_controller.status_builder StatusBuilder: StatusUpdate(armed=True, manual_mode=True, auto_mode=False, autoland_mode=False, is_flying=True)
12:51:54.739 [MainThread      ] INFO     serial_controller.serial_handler PC -> STM32: StatusUpdate(armed=True, manual_mode=True, auto_mode=False, autoland_mode=False, is_flying=True)
12:51:55.744 [MainThread      ] INFO     serial_controller.status_builder StatusBuilder: StatusUpdate(armed=True, manual_mode=True, auto_mode=False, autoland_mode=False, is_flying=True)
12:51:55.745 [MainThread      ] INFO     serial_controller.serial_handler PC -> STM32: StatusUpdate(armed=True, manual_mode=True, auto_mode=False, autoland_mode=False, is_flying=True)
12:51:56.757 [MainThread      ] INFO     serial_controller.status_builder StatusBuilder: StatusUpdate(armed=True, manual_mode=True, auto_mode=False, autoland_mode=False, is_flying=True)
12:51:56.758 [MainThread      ] INFO     serial_controller.serial_handler PC -> STM32: StatusUpdate(armed=True, manual_mode=True, auto_mode=False, autoland_mode=False, is_flying=True)
12:51:57.761 [MainThread      ] INFO     serial_controller.status_builder StatusBuilder: StatusUpdate(armed=True, manual_mode=True, auto_mode=False, autoland_mode=False, is_flying=True)
12:51:57.761 [MainThread      ] INFO     serial_controller.serial_handler PC -> STM32: StatusUpdate(armed=True, manual_mode=True, auto_mode=False, autoland_mode=False, is_flying=True)
12:51:58.763 [MainThread      ] INFO     serial_controller.status_builder StatusBuilder: StatusUpdate(armed=True, manual_mode=True, auto_mode=False, autoland_mode=False, is_flying=True)
12:51:58.763 [MainThread      ] INFO     serial_controller.serial_handler PC -> STM32: StatusUpdate(armed=True, manual_mode=True, auto_mode=False, autoland_mode=False, is_flying=True)
12:51:59.776 [MainThread      ] INFO     serial_controller.status_builder StatusBuilder: StatusUpdate(armed=True, manual_mode=True, auto_mode=False, autoland_mode=False, is_flying=True)
12:51:59.777 [MainThread      ] INFO     serial_controller.serial_handler PC -> STM32: StatusUpdate(armed=True, manual_mode=True, auto_mode=False, autoland_mode=False, is_flying=True)
12:52:00.792 [MainThread      ] INFO     serial_controller.status_builder StatusBuilder: StatusUpdate(armed=True, manual_mode=True, auto_mode=False, autoland_mode=False, is_flying=True)
12:52:00.792 [MainThread      ] INFO     serial_controller.serial_handler PC -> STM32: StatusUpdate(armed=True, manual_mode=True, auto_mode=False, autoland_mode=False, is_flying=True)
12:52:01.808 [MainThread      ] INFO     serial_controller.status_builder StatusBuilder: StatusUpdate(armed=True, manual_mode=True, auto_mode=False, autoland_mode=False, is_flying=True)
12:52:01.809 [MainThread      ] INFO     serial_controller.serial_handler PC -> STM32: StatusUpdate(armed=True, manual_mode=True, auto_mode=False, autoland_mode=False, is_flying=True)
12:52:02.816 [MainThread      ] INFO     serial_controller.status_builder StatusBuilder: StatusUpdate(armed=True, manual_mode=True, auto_mode=False, autoland_mode=False, is_flying=True)
12:52:02.816 [MainThread      ] INFO     serial_controller.serial_handler PC -> STM32: StatusUpdate(armed=True, manual_mode=True, auto_mode=False, autoland_mode=False, is_flying=True)
12:52:03.826 [MainThread      ] INFO     serial_controller.status_builder StatusBuilder: StatusUpdate(armed=True, manual_mode=True, auto_mode=False, autoland_mode=False, is_flying=True)
12:52:03.826 [MainThread      ] INFO     serial_controller.serial_handler PC -> STM32: StatusUpdate(armed=True, manual_mode=True, auto_mode=False, autoland_mode=False, is_flying=True)
12:52:04.855 [MainThread      ] INFO     serial_controller.status_builder StatusBuilder: StatusUpdate(armed=True, manual_mode=True, auto_mode=False, autoland_mode=False, is_flying=True)
12:52:04.855 [MainThread      ] INFO     serial_controller.serial_handler PC -> STM32: StatusUpdate(armed=True, manual_mode=True, auto_mode=False, autoland_mode=False, is_flying=True)
12:52:05.869 [MainThread      ] INFO     serial_controller.status_builder StatusBuilder: StatusUpdate(armed=True, manual_mode=True, auto_mode=False, autoland_mode=False, is_flying=True)
12:52:05.871 [MainThread      ] INFO     serial_controller.serial_handler PC -> STM32: StatusUpdate(armed=True, manual_mode=True, auto_mode=False, autoland_mode=False, is_flying=True)
12:52:06.875 [MainThread      ] INFO     serial_controller.status_builder StatusBuilder: StatusUpdate(armed=True, manual_mode=True, auto_mode=False, autoland_mode=False, is_flying=True)
12:52:06.875 [MainThread      ] INFO     serial_controller.serial_handler PC -> STM32: StatusUpdate(armed=True, manual_mode=True, auto_mode=False, autoland_mode=False, is_flying=True)
12:52:07.883 [MainThread      ] INFO     serial_controller.status_builder StatusBuilder: StatusUpdate(armed=True, manual_mode=True, auto_mode=False, autoland_mode=False, is_flying=True)
12:52:07.883 [MainThread      ] INFO     serial_controller.serial_handler PC -> STM32: StatusUpdate(armed=True, manual_mode=True, auto_mode=False, autoland_mode=False, is_flying=True)
12:52:08.891 [MainThread      ] INFO     serial_controller.status_builder StatusBuilder: StatusUpdate(armed=True, manual_mode=True, auto_mode=False, autoland_mode=False, is_flying=True)
12:52:08.895 [MainThread      ] INFO     serial_controller.serial_handler PC -> STM32: StatusUpdate(armed=True, manual_mode=True, auto_mode=False, autoland_mode=False, is_flying=True)
12:52:09.899 [MainThread      ] INFO     serial_controller.status_builder StatusBuilder: StatusUpdate(armed=True, manual_mode=True, auto_mode=False, autoland_mode=False, is_flying=True)
12:52:09.899 [MainThread      ] INFO     serial_controller.serial_handler PC -> STM32: StatusUpdate(armed=True, manual_mode=True, auto_mode=False, autoland_mode=False, is_flying=True)
12:52:10.903 [MainThread      ] INFO     serial_controller.status_builder StatusBuilder: StatusUpdate(armed=True, manual_mode=True, auto_mode=False, autoland_mode=False, is_flying=True)
12:52:10.903 [MainThread      ] INFO     serial_controller.serial_handler PC -> STM32: StatusUpdate(armed=True, manual_mode=True, auto_mode=False, autoland_mode=False, is_flying=True)
12:52:11.917 [MainThread      ] INFO     serial_controller.status_builder StatusBuilder: StatusUpdate(armed=True, manual_mode=True, auto_mode=False, autoland_mode=False, is_flying=True)
12:52:11.918 [MainThread      ] INFO     serial_controller.serial_handler PC -> STM32: StatusUpdate(armed=True, manual_mode=True, auto_mode=False, autoland_mode=False, is_flying=True)
12:52:12.940 [MainThread      ] INFO     serial_controller.status_builder StatusBuilder: StatusUpdate(armed=True, manual_mode=True, auto_mode=False, autoland_mode=False, is_flying=True)
12:52:12.940 [MainThread      ] INFO     serial_controller.serial_handler PC -> STM32: StatusUpdate(armed=True, manual_mode=True, auto_mode=False, autoland_mode=False, is_flying=True)
12:52:13.939 [MainThread      ] INFO     serial_controller.status_builder StatusBuilder: StatusUpdate(armed=True, manual_mode=True, auto_mode=False, autoland_mode=False, is_flying=True)
12:52:13.939 [MainThread      ] INFO     serial_controller.serial_handler PC -> STM32: StatusUpdate(armed=True, manual_mode=True, auto_mode=False, autoland_mode=False, is_flying=True)
12:52:14.956 [MainThread      ] INFO     serial_controller.status_builder StatusBuilder: StatusUpdate(armed=True, manual_mode=True, auto_mode=False, autoland_mode=False, is_flying=True)
12:52:14.956 [MainThread      ] INFO     serial_controller.serial_handler PC -> STM32: StatusUpdate(armed=True, manual_mode=True, auto_mode=False, autoland_mode=False, is_flying=True)
12:52:15.962 [MainThread      ] INFO     serial_controller.status_builder StatusBuilder: StatusUpdate(armed=True, manual_mode=True, auto_mode=False, autoland_mode=False, is_flying=False)
12:52:15.963 [MainThread      ] INFO     serial_controller.serial_handler PC -> STM32: StatusUpdate(armed=True, manual_mode=True, auto_mode=False, autoland_mode=False, is_flying=False)
12:52:16.979 [MainThread      ] INFO     serial_controller.status_builder StatusBuilder: StatusUpdate(armed=True, manual_mode=True, auto_mode=False, autoland_mode=False, is_flying=False)
12:52:16.979 [MainThread      ] INFO     serial_controller.serial_handler PC -> STM32: StatusUpdate(armed=True, manual_mode=True, auto_mode=False, autoland_mode=False, is_flying=False)
12:52:17.985 [MainThread      ] INFO     serial_controller.status_builder StatusBuilder: StatusUpdate(armed=True, manual_mode=True, auto_mode=False, autoland_mode=False, is_flying=False)
12:52:17.985 [MainThread      ] INFO     serial_controller.serial_handler PC -> STM32: StatusUpdate(armed=True, manual_mode=True, auto_mode=False, autoland_mode=False, is_flying=False)
12:52:18.993 [MainThread      ] INFO     serial_controller.status_builder StatusBuilder: StatusUpdate(armed=True, manual_mode=True, auto_mode=False, autoland_mode=False, is_flying=False)
12:52:18.993 [MainThread      ] INFO     serial_controller.serial_handler PC -> STM32: StatusUpdate(armed=True, manual_mode=True, auto_mode=False, autoland_mode=False, is_flying=False)
12:52:19.997 [MainThread      ] INFO     serial_controller.status_builder StatusBuilder: StatusUpdate(armed=True, manual_mode=True, auto_mode=False, autoland_mode=False, is_flying=False)
12:52:19.997 [MainThread      ] INFO     serial_controller.serial_handler PC -> STM32: StatusUpdate(armed=True, manual_mode=True, auto_mode=False, autoland_mode=False, is_flying=False)
12:52:21.014 [MainThread      ] INFO     serial_controller.status_builder StatusBuilder: StatusUpdate(armed=True, manual_mode=True, auto_mode=False, autoland_mode=False, is_flying=False)
12:52:21.014 [MainThread      ] INFO     serial_controller.serial_handler PC -> STM32: StatusUpdate(armed=True, manual_mode=True, auto_mode=False, autoland_mode=False, is_flying=False)
12:52:22.017 [MainThread      ] INFO     serial_controller.status_builder StatusBuilder: StatusUpdate(armed=True, manual_mode=True, auto_mode=False, autoland_mode=False, is_flying=False)
12:52:22.017 [MainThread      ] INFO     serial_controller.serial_handler PC -> STM32: StatusUpdate(armed=True, manual_mode=True, auto_mode=False, autoland_mode=False, is_flying=False)
12:52:23.015 [MainThread      ] INFO     serial_controller.status_builder StatusBuilder: StatusUpdate(armed=True, manual_mode=True, auto_mode=False, autoland_mode=False, is_flying=False)
12:52:23.015 [MainThread      ] INFO     serial_controller.serial_handler PC -> STM32: StatusUpdate(armed=True, manual_mode=True, auto_mode=False, autoland_mode=False, is_flying=False)
12:52:24.047 [MainThread      ] INFO     serial_controller.status_builder StatusBuilder: StatusUpdate(armed=True, manual_mode=True, auto_mode=False, autoland_mode=False, is_flying=False)
12:52:24.048 [MainThread      ] INFO     serial_controller.serial_handler PC -> STM32: StatusUpdate(armed=True, manual_mode=True, auto_mode=False, autoland_mode=False, is_flying=False)
12:52:25.048 [MainThread      ] INFO     serial_controller.status_builder StatusBuilder: StatusUpdate(armed=True, manual_mode=True, auto_mode=False, autoland_mode=False, is_flying=False)
12:52:25.049 [MainThread      ] INFO     serial_controller.serial_handler PC -> STM32: StatusUpdate(armed=True, manual_mode=True, auto_mode=False, autoland_mode=False, is_flying=False)
12:52:26.069 [MainThread      ] INFO     serial_controller.status_builder StatusBuilder: StatusUpdate(armed=True, manual_mode=True, auto_mode=False, autoland_mode=False, is_flying=True)
12:52:26.069 [MainThread      ] INFO     serial_controller.serial_handler PC -> STM32: StatusUpdate(armed=True, manual_mode=True, auto_mode=False, autoland_mode=False, is_flying=True)
12:52:27.082 [MainThread      ] INFO     serial_controller.status_builder StatusBuilder: StatusUpdate(armed=True, manual_mode=True, auto_mode=False, autoland_mode=False, is_flying=True)
12:52:27.082 [MainThread      ] INFO     serial_controller.serial_handler PC -> STM32: StatusUpdate(armed=True, manual_mode=True, auto_mode=False, autoland_mode=False, is_flying=True)
12:52:28.090 [MainThread      ] INFO     serial_controller.status_builder StatusBuilder: StatusUpdate(armed=True, manual_mode=True, auto_mode=False, autoland_mode=False, is_flying=True)
12:52:28.091 [MainThread      ] INFO     serial_controller.serial_handler PC -> STM32: StatusUpdate(armed=True, manual_mode=True, auto_mode=False, autoland_mode=False, is_flying=True)
12:52:29.109 [MainThread      ] INFO     serial_controller.status_builder StatusBuilder: StatusUpdate(armed=True, manual_mode=True, auto_mode=False, autoland_mode=False, is_flying=True)
12:52:29.110 [MainThread      ] INFO     serial_controller.serial_handler PC -> STM32: StatusUpdate(armed=True, manual_mode=True, auto_mode=False, autoland_mode=False, is_flying=True)
12:52:30.121 [MainThread      ] INFO     serial_controller.status_builder StatusBuilder: StatusUpdate(armed=True, manual_mode=True, auto_mode=False, autoland_mode=False, is_flying=True)
12:52:30.121 [MainThread      ] INFO     serial_controller.serial_handler PC -> STM32: StatusUpdate(armed=True, manual_mode=True, auto_mode=False, autoland_mode=False, is_flying=True)
12:52:31.136 [MainThread      ] INFO     serial_controller.status_builder StatusBuilder: StatusUpdate(armed=True, manual_mode=True, auto_mode=False, autoland_mode=False, is_flying=True)
12:52:31.137 [MainThread      ] INFO     serial_controller.serial_handler PC -> STM32: StatusUpdate(armed=True, manual_mode=True, auto_mode=False, autoland_mode=False, is_flying=True)
12:52:32.144 [MainThread      ] INFO     serial_controller.status_builder StatusBuilder: StatusUpdate(armed=True, manual_mode=True, auto_mode=False, autoland_mode=False, is_flying=True)
12:52:32.144 [MainThread      ] INFO     serial_controller.serial_handler PC -> STM32: StatusUpdate(armed=True, manual_mode=True, auto_mode=False, autoland_mode=False, is_flying=True)
12:52:33.149 [MainThread      ] INFO     serial_controller.status_builder StatusBuilder: StatusUpdate(armed=True, manual_mode=True, auto_mode=False, autoland_mode=False, is_flying=True)
12:52:33.150 [MainThread      ] INFO     serial_controller.serial_handler PC -> STM32: StatusUpdate(armed=True, manual_mode=True, auto_mode=False, autoland_mode=False, is_flying=True)
12:52:34.149 [MainThread      ] INFO     serial_controller.status_builder StatusBuilder: StatusUpdate(armed=True, manual_mode=True, auto_mode=False, autoland_mode=False, is_flying=True)
12:52:34.150 [MainThread      ] INFO     serial_controller.serial_handler PC -> STM32: StatusUpdate(armed=True, manual_mode=True, auto_mode=False, autoland_mode=False, is_flying=True)
12:52:35.161 [MainThread      ] INFO     serial_controller.status_builder StatusBuilder: StatusUpdate(armed=True, manual_mode=True, auto_mode=False, autoland_mode=False, is_flying=True)
12:52:35.162 [MainThread      ] INFO     serial_controller.serial_handler PC -> STM32: StatusUpdate(armed=True, manual_mode=True, auto_mode=False, autoland_mode=False, is_flying=True)
12:52:36.252 [MainThread      ] INFO     serial_controller.status_builder StatusBuilder: StatusUpdate(armed=True, manual_mode=True, auto_mode=False, autoland_mode=False, is_flying=True)
12:52:36.277 [MainThread      ] INFO     serial_controller.serial_handler PC -> STM32: StatusUpdate(armed=True, manual_mode=True, auto_mode=False, autoland_mode=False, is_flying=True)
12:52:37.299 [MainThread      ] INFO     serial_controller.status_builder StatusBuilder: StatusUpdate(armed=True, manual_mode=True, auto_mode=False, autoland_mode=False, is_flying=True)
12:52:37.306 [MainThread      ] INFO     serial_controller.serial_handler PC -> STM32: StatusUpdate(armed=True, manual_mode=True, auto_mode=False, autoland_mode=False, is_flying=True)
12:52:38.306 [MainThread      ] INFO     serial_controller.status_builder StatusBuilder: StatusUpdate(armed=True, manual_mode=True, auto_mode=False, autoland_mode=False, is_flying=True)
12:52:38.307 [MainThread      ] INFO     serial_controller.serial_handler PC -> STM32: StatusUpdate(armed=True, manual_mode=True, auto_mode=False, autoland_mode=False, is_flying=True)
12:52:39.323 [MainThread      ] INFO     serial_controller.status_builder StatusBuilder: StatusUpdate(armed=True, manual_mode=True, auto_mode=False, autoland_mode=False, is_flying=True)
12:52:39.330 [MainThread      ] INFO     serial_controller.serial_handler PC -> STM32: StatusUpdate(armed=True, manual_mode=True, auto_mode=False, autoland_mode=False, is_flying=True)
12:52:40.326 [MainThread      ] INFO     serial_controller.status_builder StatusBuilder: StatusUpdate(armed=True, manual_mode=True, auto_mode=False, autoland_mode=False, is_flying=True)
12:52:40.327 [MainThread      ] INFO     serial_controller.serial_handler PC -> STM32: StatusUpdate(armed=True, manual_mode=True, auto_mode=False, autoland_mode=False, is_flying=True)
12:52:41.330 [MainThread      ] INFO     serial_controller.status_builder StatusBuilder: StatusUpdate(armed=True, manual_mode=True, auto_mode=False, autoland_mode=False, is_flying=False)
12:52:41.331 [MainThread      ] INFO     serial_controller.serial_handler PC -> STM32: StatusUpdate(armed=True, manual_mode=True, auto_mode=False, autoland_mode=False, is_flying=False)
12:52:42.342 [MainThread      ] INFO     serial_controller.status_builder StatusBuilder: StatusUpdate(armed=True, manual_mode=True, auto_mode=False, autoland_mode=False, is_flying=True)
12:52:42.343 [MainThread      ] INFO     serial_controller.serial_handler PC -> STM32: StatusUpdate(armed=True, manual_mode=True, auto_mode=False, autoland_mode=False, is_flying=True)
12:52:43.351 [MainThread      ] INFO     serial_controller.status_builder StatusBuilder: StatusUpdate(armed=True, manual_mode=True, auto_mode=False, autoland_mode=False, is_flying=True)
12:52:43.352 [MainThread      ] INFO     serial_controller.serial_handler PC -> STM32: StatusUpdate(armed=True, manual_mode=True, auto_mode=False, autoland_mode=False, is_flying=True)
12:52:44.372 [MainThread      ] INFO     serial_controller.status_builder StatusBuilder: StatusUpdate(armed=True, manual_mode=True, auto_mode=False, autoland_mode=False, is_flying=True)
12:52:44.372 [MainThread      ] INFO     serial_controller.serial_handler PC -> STM32: StatusUpdate(armed=True, manual_mode=True, auto_mode=False, autoland_mode=False, is_flying=True)
12:52:45.382 [MainThread      ] INFO     serial_controller.status_builder StatusBuilder: StatusUpdate(armed=True, manual_mode=True, auto_mode=False, autoland_mode=False, is_flying=True)
12:52:45.389 [MainThread      ] INFO     serial_controller.serial_handler PC -> STM32: StatusUpdate(armed=True, manual_mode=True, auto_mode=False, autoland_mode=False, is_flying=True)
12:52:46.391 [MainThread      ] INFO     serial_controller.status_builder StatusBuilder: StatusUpdate(armed=True, manual_mode=True, auto_mode=False, autoland_mode=False, is_flying=True)
12:52:46.391 [MainThread      ] INFO     serial_controller.serial_handler PC -> STM32: StatusUpdate(armed=True, manual_mode=True, auto_mode=False, autoland_mode=False, is_flying=True)
12:52:47.392 [MainThread      ] INFO     serial_controller.status_builder StatusBuilder: StatusUpdate(armed=True, manual_mode=True, auto_mode=False, autoland_mode=False, is_flying=True)
12:52:47.397 [MainThread      ] INFO     serial_controller.serial_handler PC -> STM32: StatusUpdate(armed=True, manual_mode=True, auto_mode=False, autoland_mode=False, is_flying=True)
12:52:48.409 [MainThread      ] INFO     serial_controller.status_builder StatusBuilder: StatusUpdate(armed=True, manual_mode=True, auto_mode=False, autoland_mode=False, is_flying=True)
12:52:48.410 [MainThread      ] INFO     serial_controller.serial_handler PC -> STM32: StatusUpdate(armed=True, manual_mode=True, auto_mode=False, autoland_mode=False, is_flying=True)
12:52:49.418 [MainThread      ] INFO     serial_controller.status_builder StatusBuilder: StatusUpdate(armed=True, manual_mode=True, auto_mode=False, autoland_mode=False, is_flying=True)
12:52:49.419 [MainThread      ] INFO     serial_controller.serial_handler PC -> STM32: StatusUpdate(armed=True, manual_mode=True, auto_mode=False, autoland_mode=False, is_flying=True)
12:52:50.440 [MainThread      ] INFO     serial_controller.status_builder StatusBuilder: StatusUpdate(armed=True, manual_mode=True, auto_mode=False, autoland_mode=False, is_flying=True)
12:52:50.440 [MainThread      ] INFO     serial_controller.serial_handler PC -> STM32: StatusUpdate(armed=True, manual_mode=True, auto_mode=False, autoland_mode=False, is_flying=True)
12:52:51.449 [MainThread      ] INFO     serial_controller.status_builder StatusBuilder: StatusUpdate(armed=True, manual_mode=True, auto_mode=False, autoland_mode=False, is_flying=True)
12:52:51.449 [MainThread      ] INFO     serial_controller.serial_handler PC -> STM32: StatusUpdate(armed=True, manual_mode=True, auto_mode=False, autoland_mode=False, is_flying=True)
12:52:52.458 [MainThread      ] INFO     serial_controller.status_builder StatusBuilder: StatusUpdate(armed=True, manual_mode=True, auto_mode=False, autoland_mode=False, is_flying=True)
12:52:52.459 [MainThread      ] INFO     serial_controller.serial_handler PC -> STM32: StatusUpdate(armed=True, manual_mode=True, auto_mode=False, autoland_mode=False, is_flying=True)
12:52:53.467 [MainThread      ] INFO     serial_controller.status_builder StatusBuilder: StatusUpdate(armed=True, manual_mode=True, auto_mode=False, autoland_mode=False, is_flying=True)
12:52:53.467 [MainThread      ] INFO     serial_controller.serial_handler PC -> STM32: StatusUpdate(armed=True, manual_mode=True, auto_mode=False, autoland_mode=False, is_flying=True)
12:52:54.479 [MainThread      ] INFO     serial_controller.status_builder StatusBuilder: StatusUpdate(armed=True, manual_mode=True, auto_mode=False, autoland_mode=False, is_flying=True)
12:52:54.479 [MainThread      ] INFO     serial_controller.serial_handler PC -> STM32: StatusUpdate(armed=True, manual_mode=True, auto_mode=False, autoland_mode=False, is_flying=True)
12:52:55.490 [MainThread      ] INFO     serial_controller.status_builder StatusBuilder: StatusUpdate(armed=True, manual_mode=True, auto_mode=False, autoland_mode=False, is_flying=True)
12:52:55.492 [MainThread      ] INFO     serial_controller.serial_handler PC -> STM32: StatusUpdate(armed=True, manual_mode=True, auto_mode=False, autoland_mode=False, is_flying=True)
12:52:56.493 [MainThread      ] INFO     serial_controller.status_builder StatusBuilder: StatusUpdate(armed=True, manual_mode=True, auto_mode=False, autoland_mode=False, is_flying=True)
12:52:56.493 [MainThread      ] INFO     serial_controller.serial_handler PC -> STM32: StatusUpdate(armed=True, manual_mode=True, auto_mode=False, autoland_mode=False, is_flying=True)
12:52:57.498 [MainThread      ] INFO     serial_controller.status_builder StatusBuilder: StatusUpdate(armed=True, manual_mode=True, auto_mode=False, autoland_mode=False, is_flying=True)
12:52:57.498 [MainThread      ] INFO     serial_controller.serial_handler PC -> STM32: StatusUpdate(armed=True, manual_mode=True, auto_mode=False, autoland_mode=False, is_flying=True)
12:52:58.522 [MainThread      ] INFO     serial_controller.status_builder StatusBuilder: StatusUpdate(armed=True, manual_mode=True, auto_mode=False, autoland_mode=False, is_flying=True)
12:52:58.522 [MainThread      ] INFO     serial_controller.serial_handler PC -> STM32: StatusUpdate(armed=True, manual_mode=True, auto_mode=False, autoland_mode=False, is_flying=True)
12:52:59.533 [MainThread      ] INFO     serial_controller.status_builder StatusBuilder: StatusUpdate(armed=True, manual_mode=True, auto_mode=False, autoland_mode=False, is_flying=True)
12:52:59.533 [MainThread      ] INFO     serial_controller.serial_handler PC -> STM32: StatusUpdate(armed=True, manual_mode=True, auto_mode=False, autoland_mode=False, is_flying=True)
12:53:00.540 [MainThread      ] INFO     serial_controller.status_builder StatusBuilder: StatusUpdate(armed=True, manual_mode=True, auto_mode=False, autoland_mode=False, is_flying=True)
12:53:00.546 [MainThread      ] INFO     serial_controller.serial_handler PC -> STM32: StatusUpdate(armed=True, manual_mode=True, auto_mode=False, autoland_mode=False, is_flying=True)
12:53:01.550 [MainThread      ] INFO     serial_controller.status_builder StatusBuilder: StatusUpdate(armed=True, manual_mode=True, auto_mode=False, autoland_mode=False, is_flying=True)
12:53:01.550 [MainThread      ] INFO     serial_controller.serial_handler PC -> STM32: StatusUpdate(armed=True, manual_mode=True, auto_mode=False, autoland_mode=False, is_flying=True)
12:53:02.557 [MainThread      ] INFO     serial_controller.status_builder StatusBuilder: StatusUpdate(armed=True, manual_mode=True, auto_mode=False, autoland_mode=False, is_flying=True)
12:53:02.558 [MainThread      ] INFO     serial_controller.serial_handler PC -> STM32: StatusUpdate(armed=True, manual_mode=True, auto_mode=False, autoland_mode=False, is_flying=True)
12:53:03.560 [MainThread      ] INFO     serial_controller.status_builder StatusBuilder: StatusUpdate(armed=True, manual_mode=True, auto_mode=False, autoland_mode=False, is_flying=True)
12:53:03.560 [MainThread      ] INFO     serial_controller.serial_handler PC -> STM32: StatusUpdate(armed=True, manual_mode=True, auto_mode=False, autoland_mode=False, is_flying=True)
12:53:04.560 [MainThread      ] INFO     serial_controller.status_builder StatusBuilder: StatusUpdate(armed=True, manual_mode=True, auto_mode=False, autoland_mode=False, is_flying=True)
12:53:04.560 [MainThread      ] INFO     serial_controller.serial_handler PC -> STM32: StatusUpdate(armed=True, manual_mode=True, auto_mode=False, autoland_mode=False, is_flying=True)
12:53:05.577 [MainThread      ] INFO     serial_controller.status_builder StatusBuilder: StatusUpdate(armed=True, manual_mode=True, auto_mode=False, autoland_mode=False, is_flying=True)
12:53:05.577 [MainThread      ] INFO     serial_controller.serial_handler PC -> STM32: StatusUpdate(armed=True, manual_mode=True, auto_mode=False, autoland_mode=False, is_flying=True)
12:53:06.586 [MainThread      ] INFO     serial_controller.status_builder StatusBuilder: StatusUpdate(armed=True, manual_mode=True, auto_mode=False, autoland_mode=False, is_flying=True)
12:53:06.586 [MainThread      ] INFO     serial_controller.serial_handler PC -> STM32: StatusUpdate(armed=True, manual_mode=True, auto_mode=False, autoland_mode=False, is_flying=True)
12:53:07.602 [MainThread      ] INFO     serial_controller.status_builder StatusBuilder: StatusUpdate(armed=True, manual_mode=True, auto_mode=False, autoland_mode=False, is_flying=True)
12:53:07.602 [MainThread      ] INFO     serial_controller.serial_handler PC -> STM32: StatusUpdate(armed=True, manual_mode=True, auto_mode=False, autoland_mode=False, is_flying=True)
12:53:08.625 [MainThread      ] INFO     serial_controller.status_builder StatusBuilder: StatusUpdate(armed=True, manual_mode=True, auto_mode=False, autoland_mode=False, is_flying=True)
12:53:08.625 [MainThread      ] INFO     serial_controller.serial_handler PC -> STM32: StatusUpdate(armed=True, manual_mode=True, auto_mode=False, autoland_mode=False, is_flying=True)
12:53:09.636 [MainThread      ] INFO     serial_controller.status_builder StatusBuilder: StatusUpdate(armed=True, manual_mode=True, auto_mode=False, autoland_mode=False, is_flying=True)
12:53:09.636 [MainThread      ] INFO     serial_controller.serial_handler PC -> STM32: StatusUpdate(armed=True, manual_mode=True, auto_mode=False, autoland_mode=False, is_flying=True)
12:53:10.649 [MainThread      ] INFO     serial_controller.status_builder StatusBuilder: StatusUpdate(armed=True, manual_mode=True, auto_mode=False, autoland_mode=False, is_flying=True)
12:53:10.650 [MainThread      ] INFO     serial_controller.serial_handler PC -> STM32: StatusUpdate(armed=True, manual_mode=True, auto_mode=False, autoland_mode=False, is_flying=True)
12:53:11.658 [MainThread      ] INFO     serial_controller.status_builder StatusBuilder: StatusUpdate(armed=True, manual_mode=True, auto_mode=False, autoland_mode=False, is_flying=True)
12:53:11.658 [MainThread      ] INFO     serial_controller.serial_handler PC -> STM32: StatusUpdate(armed=True, manual_mode=True, auto_mode=False, autoland_mode=False, is_flying=True)
12:53:12.672 [MainThread      ] INFO     serial_controller.status_builder StatusBuilder: StatusUpdate(armed=True, manual_mode=True, auto_mode=False, autoland_mode=False, is_flying=True)
12:53:12.672 [MainThread      ] INFO     serial_controller.serial_handler PC -> STM32: StatusUpdate(armed=True, manual_mode=True, auto_mode=False, autoland_mode=False, is_flying=True)
12:53:13.681 [MainThread      ] INFO     serial_controller.status_builder StatusBuilder: StatusUpdate(armed=True, manual_mode=True, auto_mode=False, autoland_mode=False, is_flying=True)
12:53:13.681 [MainThread      ] INFO     serial_controller.serial_handler PC -> STM32: StatusUpdate(armed=True, manual_mode=True, auto_mode=False, autoland_mode=False, is_flying=True)
12:53:14.692 [MainThread      ] INFO     serial_controller.status_builder StatusBuilder: StatusUpdate(armed=True, manual_mode=True, auto_mode=False, autoland_mode=False, is_flying=True)
12:53:14.692 [MainThread      ] INFO     serial_controller.serial_handler PC -> STM32: StatusUpdate(armed=True, manual_mode=True, auto_mode=False, autoland_mode=False, is_flying=True)
12:53:15.705 [MainThread      ] INFO     serial_controller.status_builder StatusBuilder: StatusUpdate(armed=True, manual_mode=True, auto_mode=False, autoland_mode=False, is_flying=True)
12:53:15.705 [MainThread      ] INFO     serial_controller.serial_handler PC -> STM32: StatusUpdate(armed=True, manual_mode=True, auto_mode=False, autoland_mode=False, is_flying=True)
12:53:16.713 [MainThread      ] INFO     serial_controller.status_builder StatusBuilder: StatusUpdate(armed=True, manual_mode=True, auto_mode=False, autoland_mode=False, is_flying=True)
12:53:16.714 [MainThread      ] INFO     serial_controller.serial_handler PC -> STM32: StatusUpdate(armed=True, manual_mode=True, auto_mode=False, autoland_mode=False, is_flying=True)
12:53:17.728 [MainThread      ] INFO     serial_controller.status_builder StatusBuilder: StatusUpdate(armed=True, manual_mode=True, auto_mode=False, autoland_mode=False, is_flying=True)
12:53:17.728 [MainThread      ] INFO     serial_controller.serial_handler PC -> STM32: StatusUpdate(armed=True, manual_mode=True, auto_mode=False, autoland_mode=False, is_flying=True)
12:53:18.737 [MainThread      ] INFO     serial_controller.status_builder StatusBuilder: StatusUpdate(armed=True, manual_mode=True, auto_mode=False, autoland_mode=False, is_flying=True)
12:53:18.737 [MainThread      ] INFO     serial_controller.serial_handler PC -> STM32: StatusUpdate(armed=True, manual_mode=True, auto_mode=False, autoland_mode=False, is_flying=True)
12:53:19.747 [MainThread      ] INFO     serial_controller.status_builder StatusBuilder: StatusUpdate(armed=True, manual_mode=True, auto_mode=False, autoland_mode=False, is_flying=True)
12:53:19.747 [MainThread      ] INFO     serial_controller.serial_handler PC -> STM32: StatusUpdate(armed=True, manual_mode=True, auto_mode=False, autoland_mode=False, is_flying=True)
12:53:20.756 [MainThread      ] INFO     serial_controller.status_builder StatusBuilder: StatusUpdate(armed=True, manual_mode=True, auto_mode=False, autoland_mode=False, is_flying=True)
12:53:20.756 [MainThread      ] INFO     serial_controller.serial_handler PC -> STM32: StatusUpdate(armed=True, manual_mode=True, auto_mode=False, autoland_mode=False, is_flying=True)
12:53:21.768 [MainThread      ] INFO     serial_controller.status_builder StatusBuilder: StatusUpdate(armed=True, manual_mode=True, auto_mode=False, autoland_mode=False, is_flying=True)
12:53:21.768 [MainThread      ] INFO     serial_controller.serial_handler PC -> STM32: StatusUpdate(armed=True, manual_mode=True, auto_mode=False, autoland_mode=False, is_flying=True)
12:53:22.780 [MainThread      ] INFO     serial_controller.status_builder StatusBuilder: StatusUpdate(armed=True, manual_mode=True, auto_mode=False, autoland_mode=False, is_flying=True)
12:53:22.780 [MainThread      ] INFO     serial_controller.serial_handler PC -> STM32: StatusUpdate(armed=True, manual_mode=True, auto_mode=False, autoland_mode=False, is_flying=True)
12:53:23.787 [MainThread      ] INFO     serial_controller.status_builder StatusBuilder: StatusUpdate(armed=True, manual_mode=True, auto_mode=False, autoland_mode=False, is_flying=True)
12:53:23.788 [MainThread      ] INFO     serial_controller.serial_handler PC -> STM32: StatusUpdate(armed=True, manual_mode=True, auto_mode=False, autoland_mode=False, is_flying=True)
12:53:24.785 [MainThread      ] INFO     serial_controller.status_builder StatusBuilder: StatusUpdate(armed=True, manual_mode=True, auto_mode=False, autoland_mode=False, is_flying=True)
12:53:24.785 [MainThread      ] INFO     serial_controller.serial_handler PC -> STM32: StatusUpdate(armed=True, manual_mode=True, auto_mode=False, autoland_mode=False, is_flying=True)
12:53:25.789 [MainThread      ] INFO     serial_controller.status_builder StatusBuilder: StatusUpdate(armed=True, manual_mode=True, auto_mode=False, autoland_mode=False, is_flying=True)
12:53:25.790 [MainThread      ] INFO     serial_controller.serial_handler PC -> STM32: StatusUpdate(armed=True, manual_mode=True, auto_mode=False, autoland_mode=False, is_flying=True)
12:53:26.796 [MainThread      ] INFO     serial_controller.status_builder StatusBuilder: StatusUpdate(armed=True, manual_mode=True, auto_mode=False, autoland_mode=False, is_flying=True)
12:53:26.797 [MainThread      ] INFO     serial_controller.serial_handler PC -> STM32: StatusUpdate(armed=True, manual_mode=True, auto_mode=False, autoland_mode=False, is_flying=True)
12:53:27.814 [MainThread      ] INFO     serial_controller.status_builder StatusBuilder: StatusUpdate(armed=True, manual_mode=True, auto_mode=False, autoland_mode=False, is_flying=True)
12:53:27.814 [MainThread      ] INFO     serial_controller.serial_handler PC -> STM32: StatusUpdate(armed=True, manual_mode=True, auto_mode=False, autoland_mode=False, is_flying=True)
12:53:28.832 [MainThread      ] INFO     serial_controller.status_builder StatusBuilder: StatusUpdate(armed=True, manual_mode=True, auto_mode=False, autoland_mode=False, is_flying=True)
12:53:28.836 [MainThread      ] INFO     serial_controller.serial_handler PC -> STM32: StatusUpdate(armed=True, manual_mode=True, auto_mode=False, autoland_mode=False, is_flying=True)
12:53:29.407 [SerialProcessor ] INFO     commands.translator          auto rising edge -> AutoModeCommand
12:53:29.410 [MainThread      ] DEBUG    mavlink.uav_commads.command_sender AutoModeCommand received
12:53:29.411 [UAVCommandSender] INFO     mavlink.uav_commads.commands.base_command ModeCommander: switched to AUTO.
12:53:29.847 [MainThread      ] INFO     serial_controller.status_builder StatusBuilder: StatusUpdate(armed=True, manual_mode=False, auto_mode=True, autoland_mode=False, is_flying=True)
12:53:29.848 [MainThread      ] INFO     serial_controller.serial_handler PC -> STM32: StatusUpdate(armed=True, manual_mode=False, auto_mode=True, autoland_mode=False, is_flying=True)
12:53:30.855 [MainThread      ] INFO     serial_controller.status_builder StatusBuilder: StatusUpdate(armed=True, manual_mode=False, auto_mode=True, autoland_mode=False, is_flying=True)
12:53:30.856 [MainThread      ] INFO     serial_controller.serial_handler PC -> STM32: StatusUpdate(armed=True, manual_mode=False, auto_mode=True, autoland_mode=False, is_flying=True)
12:53:31.870 [MainThread      ] INFO     serial_controller.status_builder StatusBuilder: StatusUpdate(armed=True, manual_mode=False, auto_mode=True, autoland_mode=False, is_flying=True)
12:53:31.871 [MainThread      ] INFO     serial_controller.serial_handler PC -> STM32: StatusUpdate(armed=True, manual_mode=False, auto_mode=True, autoland_mode=False, is_flying=True)
12:53:32.892 [MainThread      ] INFO     serial_controller.status_builder StatusBuilder: StatusUpdate(armed=True, manual_mode=False, auto_mode=True, autoland_mode=False, is_flying=True)
12:53:32.893 [MainThread      ] INFO     serial_controller.serial_handler PC -> STM32: StatusUpdate(armed=True, manual_mode=False, auto_mode=True, autoland_mode=False, is_flying=True)
12:53:33.907 [MainThread      ] INFO     serial_controller.status_builder StatusBuilder: StatusUpdate(armed=True, manual_mode=False, auto_mode=True, autoland_mode=False, is_flying=True)
12:53:33.908 [MainThread      ] INFO     serial_controller.serial_handler PC -> STM32: StatusUpdate(armed=True, manual_mode=False, auto_mode=True, autoland_mode=False, is_flying=True)
12:53:34.916 [MainThread      ] INFO     serial_controller.status_builder StatusBuilder: StatusUpdate(armed=True, manual_mode=False, auto_mode=True, autoland_mode=False, is_flying=True)
12:53:34.917 [MainThread      ] INFO     serial_controller.serial_handler PC -> STM32: StatusUpdate(armed=True, manual_mode=False, auto_mode=True, autoland_mode=False, is_flying=True)
12:53:35.922 [MainThread      ] INFO     serial_controller.status_builder StatusBuilder: StatusUpdate(armed=True, manual_mode=False, auto_mode=True, autoland_mode=False, is_flying=True)
12:53:35.923 [MainThread      ] INFO     serial_controller.serial_handler PC -> STM32: StatusUpdate(armed=True, manual_mode=False, auto_mode=True, autoland_mode=False, is_flying=True)
12:53:36.935 [MainThread      ] INFO     serial_controller.status_builder StatusBuilder: StatusUpdate(armed=True, manual_mode=False, auto_mode=True, autoland_mode=False, is_flying=True)
12:53:36.935 [MainThread      ] INFO     serial_controller.serial_handler PC -> STM32: StatusUpdate(armed=True, manual_mode=False, auto_mode=True, autoland_mode=False, is_flying=True)
12:53:37.956 [MainThread      ] INFO     serial_controller.status_builder StatusBuilder: StatusUpdate(armed=True, manual_mode=False, auto_mode=True, autoland_mode=False, is_flying=True)
12:53:37.956 [MainThread      ] INFO     serial_controller.serial_handler PC -> STM32: StatusUpdate(armed=True, manual_mode=False, auto_mode=True, autoland_mode=False, is_flying=True)
12:53:38.967 [MainThread      ] INFO     serial_controller.status_builder StatusBuilder: StatusUpdate(armed=True, manual_mode=False, auto_mode=True, autoland_mode=False, is_flying=True)
12:53:38.968 [MainThread      ] INFO     serial_controller.serial_handler PC -> STM32: StatusUpdate(armed=True, manual_mode=False, auto_mode=True, autoland_mode=False, is_flying=True)
12:53:39.982 [MainThread      ] INFO     serial_controller.status_builder StatusBuilder: StatusUpdate(armed=True, manual_mode=False, auto_mode=True, autoland_mode=False, is_flying=True)
12:53:39.982 [MainThread      ] INFO     serial_controller.serial_handler PC -> STM32: StatusUpdate(armed=True, manual_mode=False, auto_mode=True, autoland_mode=False, is_flying=True)
12:53:40.993 [MainThread      ] INFO     serial_controller.status_builder StatusBuilder: StatusUpdate(armed=True, manual_mode=False, auto_mode=True, autoland_mode=False, is_flying=True)
12:53:40.994 [MainThread      ] INFO     serial_controller.serial_handler PC -> STM32: StatusUpdate(armed=True, manual_mode=False, auto_mode=True, autoland_mode=False, is_flying=True)
12:53:42.007 [MainThread      ] INFO     serial_controller.status_builder StatusBuilder: StatusUpdate(armed=True, manual_mode=False, auto_mode=True, autoland_mode=False, is_flying=True)
12:53:42.008 [MainThread      ] INFO     serial_controller.serial_handler PC -> STM32: StatusUpdate(armed=True, manual_mode=False, auto_mode=True, autoland_mode=False, is_flying=True)
12:53:43.018 [MainThread      ] INFO     serial_controller.status_builder StatusBuilder: StatusUpdate(armed=True, manual_mode=False, auto_mode=True, autoland_mode=False, is_flying=True)
12:53:43.019 [MainThread      ] INFO     serial_controller.serial_handler PC -> STM32: StatusUpdate(armed=True, manual_mode=False, auto_mode=True, autoland_mode=False, is_flying=True)
12:53:44.020 [MainThread      ] INFO     serial_controller.status_builder StatusBuilder: StatusUpdate(armed=True, manual_mode=False, auto_mode=True, autoland_mode=False, is_flying=True)
12:53:44.020 [MainThread      ] INFO     serial_controller.serial_handler PC -> STM32: StatusUpdate(armed=True, manual_mode=False, auto_mode=True, autoland_mode=False, is_flying=True)
12:53:45.041 [MainThread      ] INFO     serial_controller.status_builder StatusBuilder: StatusUpdate(armed=True, manual_mode=False, auto_mode=True, autoland_mode=False, is_flying=True)
12:53:45.041 [MainThread      ] INFO     serial_controller.serial_handler PC -> STM32: StatusUpdate(armed=True, manual_mode=False, auto_mode=True, autoland_mode=False, is_flying=True)
12:53:46.050 [MainThread      ] INFO     serial_controller.status_builder StatusBuilder: StatusUpdate(armed=True, manual_mode=False, auto_mode=True, autoland_mode=False, is_flying=True)
12:53:46.050 [MainThread      ] INFO     serial_controller.serial_handler PC -> STM32: StatusUpdate(armed=True, manual_mode=False, auto_mode=True, autoland_mode=False, is_flying=True)
12:53:47.054 [MainThread      ] INFO     serial_controller.status_builder StatusBuilder: StatusUpdate(armed=True, manual_mode=False, auto_mode=True, autoland_mode=False, is_flying=True)
12:53:47.054 [MainThread      ] INFO     serial_controller.serial_handler PC -> STM32: StatusUpdate(armed=True, manual_mode=False, auto_mode=True, autoland_mode=False, is_flying=True)
12:53:48.065 [MainThread      ] INFO     serial_controller.status_builder StatusBuilder: StatusUpdate(armed=True, manual_mode=False, auto_mode=True, autoland_mode=False, is_flying=True)
12:53:48.066 [MainThread      ] INFO     serial_controller.serial_handler PC -> STM32: StatusUpdate(armed=True, manual_mode=False, auto_mode=True, autoland_mode=False, is_flying=True)
12:53:49.079 [MainThread      ] INFO     serial_controller.status_builder StatusBuilder: StatusUpdate(armed=True, manual_mode=False, auto_mode=True, autoland_mode=False, is_flying=True)
12:53:49.079 [MainThread      ] INFO     serial_controller.serial_handler PC -> STM32: StatusUpdate(armed=True, manual_mode=False, auto_mode=True, autoland_mode=False, is_flying=True)
12:53:50.094 [MainThread      ] INFO     serial_controller.status_builder StatusBuilder: StatusUpdate(armed=True, manual_mode=False, auto_mode=True, autoland_mode=False, is_flying=True)
12:53:50.095 [MainThread      ] INFO     serial_controller.serial_handler PC -> STM32: StatusUpdate(armed=True, manual_mode=False, auto_mode=True, autoland_mode=False, is_flying=True)
12:53:51.101 [MainThread      ] INFO     serial_controller.status_builder StatusBuilder: StatusUpdate(armed=True, manual_mode=False, auto_mode=True, autoland_mode=False, is_flying=True)
12:53:51.101 [MainThread      ] INFO     serial_controller.serial_handler PC -> STM32: StatusUpdate(armed=True, manual_mode=False, auto_mode=True, autoland_mode=False, is_flying=True)
12:53:52.119 [MainThread      ] INFO     serial_controller.status_builder StatusBuilder: StatusUpdate(armed=True, manual_mode=False, auto_mode=True, autoland_mode=False, is_flying=True)
12:53:52.122 [MainThread      ] INFO     serial_controller.serial_handler PC -> STM32: StatusUpdate(armed=True, manual_mode=False, auto_mode=True, autoland_mode=False, is_flying=True)
12:53:53.130 [MainThread      ] INFO     serial_controller.status_builder StatusBuilder: StatusUpdate(armed=True, manual_mode=False, auto_mode=True, autoland_mode=False, is_flying=True)
12:53:53.131 [MainThread      ] INFO     serial_controller.serial_handler PC -> STM32: StatusUpdate(armed=True, manual_mode=False, auto_mode=True, autoland_mode=False, is_flying=True)
12:53:53.683 [SerialProcessor ] INFO     commands.translator          manual rising edge -> ManualModeCommand
12:53:53.694 [MainThread      ] DEBUG    mavlink.uav_commads.command_sender ManualModeCommand received
12:53:53.694 [MainThread      ] WARNING  mavlink.uav_commads.commands.autotakeoff_commands AutoTakeOff: cancel requested.
12:53:53.695 [UAVCommandSender] INFO     mavlink.uav_commads.command_sender Switched to FBWB — joystick active.
12:53:54.132 [MainThread      ] INFO     serial_controller.status_builder StatusBuilder: StatusUpdate(armed=True, manual_mode=True, auto_mode=False, autoland_mode=False, is_flying=True)
12:53:54.133 [MainThread      ] INFO     serial_controller.serial_handler PC -> STM32: StatusUpdate(armed=True, manual_mode=True, auto_mode=False, autoland_mode=False, is_flying=True)
12:53:55.146 [MainThread      ] INFO     serial_controller.status_builder StatusBuilder: StatusUpdate(armed=True, manual_mode=True, auto_mode=False, autoland_mode=False, is_flying=True)
12:53:55.151 [MainThread      ] INFO     serial_controller.serial_handler PC -> STM32: StatusUpdate(armed=True, manual_mode=True, auto_mode=False, autoland_mode=False, is_flying=True)
12:53:56.150 [MainThread      ] INFO     serial_controller.status_builder StatusBuilder: StatusUpdate(armed=True, manual_mode=True, auto_mode=False, autoland_mode=False, is_flying=True)
12:53:56.150 [MainThread      ] INFO     serial_controller.serial_handler PC -> STM32: StatusUpdate(armed=True, manual_mode=True, auto_mode=False, autoland_mode=False, is_flying=True)
12:53:57.158 [MainThread      ] INFO     serial_controller.status_builder StatusBuilder: StatusUpdate(armed=True, manual_mode=True, auto_mode=False, autoland_mode=False, is_flying=True)
12:53:57.159 [MainThread      ] INFO     serial_controller.serial_handler PC -> STM32: StatusUpdate(armed=True, manual_mode=True, auto_mode=False, autoland_mode=False, is_flying=True)
12:53:58.170 [MainThread      ] INFO     serial_controller.status_builder StatusBuilder: StatusUpdate(armed=True, manual_mode=True, auto_mode=False, autoland_mode=False, is_flying=True)
12:53:58.170 [MainThread      ] INFO     serial_controller.serial_handler PC -> STM32: StatusUpdate(armed=True, manual_mode=True, auto_mode=False, autoland_mode=False, is_flying=True)
12:53:59.181 [MainThread      ] INFO     serial_controller.status_builder StatusBuilder: StatusUpdate(armed=True, manual_mode=True, auto_mode=False, autoland_mode=False, is_flying=True)
12:53:59.181 [MainThread      ] INFO     serial_controller.serial_handler PC -> STM32: StatusUpdate(armed=True, manual_mode=True, auto_mode=False, autoland_mode=False, is_flying=True)
12:54:00.190 [MainThread      ] INFO     serial_controller.status_builder StatusBuilder: StatusUpdate(armed=True, manual_mode=True, auto_mode=False, autoland_mode=False, is_flying=True)
12:54:00.190 [MainThread      ] INFO     serial_controller.serial_handler PC -> STM32: StatusUpdate(armed=True, manual_mode=True, auto_mode=False, autoland_mode=False, is_flying=True)
12:54:01.200 [MainThread      ] INFO     serial_controller.status_builder StatusBuilder: StatusUpdate(armed=True, manual_mode=True, auto_mode=False, autoland_mode=False, is_flying=True)
12:54:01.200 [MainThread      ] INFO     serial_controller.serial_handler PC -> STM32: StatusUpdate(armed=True, manual_mode=True, auto_mode=False, autoland_mode=False, is_flying=True)
12:54:02.219 [MainThread      ] INFO     serial_controller.status_builder StatusBuilder: StatusUpdate(armed=True, manual_mode=True, auto_mode=False, autoland_mode=False, is_flying=True)
12:54:02.219 [MainThread      ] INFO     serial_controller.serial_handler PC -> STM32: StatusUpdate(armed=True, manual_mode=True, auto_mode=False, autoland_mode=False, is_flying=True)
12:54:03.233 [MainThread      ] INFO     serial_controller.status_builder StatusBuilder: StatusUpdate(armed=True, manual_mode=True, auto_mode=False, autoland_mode=False, is_flying=True)
12:54:03.233 [MainThread      ] INFO     serial_controller.serial_handler PC -> STM32: StatusUpdate(armed=True, manual_mode=True, auto_mode=False, autoland_mode=False, is_flying=True)
12:54:04.229 [MainThread      ] INFO     serial_controller.status_builder StatusBuilder: StatusUpdate(armed=True, manual_mode=True, auto_mode=False, autoland_mode=False, is_flying=True)
12:54:04.229 [MainThread      ] INFO     serial_controller.serial_handler PC -> STM32: StatusUpdate(armed=True, manual_mode=True, auto_mode=False, autoland_mode=False, is_flying=True)
12:54:05.250 [MainThread      ] INFO     serial_controller.status_builder StatusBuilder: StatusUpdate(armed=True, manual_mode=True, auto_mode=False, autoland_mode=False, is_flying=True)
12:54:05.251 [MainThread      ] INFO     serial_controller.serial_handler PC -> STM32: StatusUpdate(armed=True, manual_mode=True, auto_mode=False, autoland_mode=False, is_flying=True)
12:54:06.260 [MainThread      ] INFO     serial_controller.status_builder StatusBuilder: StatusUpdate(armed=True, manual_mode=True, auto_mode=False, autoland_mode=False, is_flying=True)
12:54:06.261 [MainThread      ] INFO     serial_controller.serial_handler PC -> STM32: StatusUpdate(armed=True, manual_mode=True, auto_mode=False, autoland_mode=False, is_flying=True)
12:54:07.256 [MainThread      ] INFO     serial_controller.status_builder StatusBuilder: StatusUpdate(armed=True, manual_mode=True, auto_mode=False, autoland_mode=False, is_flying=True)
12:54:07.257 [MainThread      ] INFO     serial_controller.serial_handler PC -> STM32: StatusUpdate(armed=True, manual_mode=True, auto_mode=False, autoland_mode=False, is_flying=True)
12:54:08.266 [MainThread      ] INFO     serial_controller.status_builder StatusBuilder: StatusUpdate(armed=True, manual_mode=True, auto_mode=False, autoland_mode=False, is_flying=True)
12:54:08.270 [MainThread      ] INFO     serial_controller.serial_handler PC -> STM32: StatusUpdate(armed=True, manual_mode=True, auto_mode=False, autoland_mode=False, is_flying=True)
12:54:09.272 [MainThread      ] INFO     serial_controller.status_builder StatusBuilder: StatusUpdate(armed=True, manual_mode=True, auto_mode=False, autoland_mode=False, is_flying=True)
12:54:09.272 [MainThread      ] INFO     serial_controller.serial_handler PC -> STM32: StatusUpdate(armed=True, manual_mode=True, auto_mode=False, autoland_mode=False, is_flying=True)
12:54:10.276 [MainThread      ] INFO     serial_controller.status_builder StatusBuilder: StatusUpdate(armed=True, manual_mode=True, auto_mode=False, autoland_mode=False, is_flying=True)
12:54:10.277 [MainThread      ] INFO     serial_controller.serial_handler PC -> STM32: StatusUpdate(armed=True, manual_mode=True, auto_mode=False, autoland_mode=False, is_flying=True)
12:54:11.293 [MainThread      ] INFO     serial_controller.status_builder StatusBuilder: StatusUpdate(armed=True, manual_mode=True, auto_mode=False, autoland_mode=False, is_flying=True)
12:54:11.295 [MainThread      ] INFO     serial_controller.serial_handler PC -> STM32: StatusUpdate(armed=True, manual_mode=True, auto_mode=False, autoland_mode=False, is_flying=True)
12:54:12.299 [MainThread      ] INFO     serial_controller.status_builder StatusBuilder: StatusUpdate(armed=True, manual_mode=True, auto_mode=False, autoland_mode=False, is_flying=True)
12:54:12.299 [MainThread      ] INFO     serial_controller.serial_handler PC -> STM32: StatusUpdate(armed=True, manual_mode=True, auto_mode=False, autoland_mode=False, is_flying=True)
12:54:13.309 [MainThread      ] INFO     serial_controller.status_builder StatusBuilder: StatusUpdate(armed=True, manual_mode=True, auto_mode=False, autoland_mode=False, is_flying=True)
12:54:13.309 [MainThread      ] INFO     serial_controller.serial_handler PC -> STM32: StatusUpdate(armed=True, manual_mode=True, auto_mode=False, autoland_mode=False, is_flying=True)
12:54:14.324 [MainThread      ] INFO     serial_controller.status_builder StatusBuilder: StatusUpdate(armed=True, manual_mode=True, auto_mode=False, autoland_mode=False, is_flying=True)
12:54:14.324 [MainThread      ] INFO     serial_controller.serial_handler PC -> STM32: StatusUpdate(armed=True, manual_mode=True, auto_mode=False, autoland_mode=False, is_flying=True)
12:54:15.332 [MainThread      ] INFO     serial_controller.status_builder StatusBuilder: StatusUpdate(armed=True, manual_mode=True, auto_mode=False, autoland_mode=False, is_flying=True)
12:54:15.333 [MainThread      ] INFO     serial_controller.serial_handler PC -> STM32: StatusUpdate(armed=True, manual_mode=True, auto_mode=False, autoland_mode=False, is_flying=True)
12:54:16.340 [MainThread      ] INFO     serial_controller.status_builder StatusBuilder: StatusUpdate(armed=True, manual_mode=True, auto_mode=False, autoland_mode=False, is_flying=True)
12:54:16.340 [MainThread      ] INFO     serial_controller.serial_handler PC -> STM32: StatusUpdate(armed=True, manual_mode=True, auto_mode=False, autoland_mode=False, is_flying=True)
12:54:17.356 [MainThread      ] INFO     serial_controller.status_builder StatusBuilder: StatusUpdate(armed=True, manual_mode=True, auto_mode=False, autoland_mode=False, is_flying=True)
12:54:17.358 [MainThread      ] INFO     serial_controller.serial_handler PC -> STM32: StatusUpdate(armed=True, manual_mode=True, auto_mode=False, autoland_mode=False, is_flying=True)
12:54:18.369 [MainThread      ] INFO     serial_controller.status_builder StatusBuilder: StatusUpdate(armed=True, manual_mode=True, auto_mode=False, autoland_mode=False, is_flying=True)
12:54:18.370 [MainThread      ] INFO     serial_controller.serial_handler PC -> STM32: StatusUpdate(armed=True, manual_mode=True, auto_mode=False, autoland_mode=False, is_flying=True)
12:54:19.372 [MainThread      ] INFO     serial_controller.status_builder StatusBuilder: StatusUpdate(armed=True, manual_mode=True, auto_mode=False, autoland_mode=False, is_flying=False)
12:54:19.373 [MainThread      ] INFO     serial_controller.serial_handler PC -> STM32: StatusUpdate(armed=True, manual_mode=True, auto_mode=False, autoland_mode=False, is_flying=False)
12:54:20.381 [MainThread      ] INFO     serial_controller.status_builder StatusBuilder: StatusUpdate(armed=True, manual_mode=True, auto_mode=False, autoland_mode=False, is_flying=False)
12:54:20.381 [MainThread      ] INFO     serial_controller.serial_handler PC -> STM32: StatusUpdate(armed=True, manual_mode=True, auto_mode=False, autoland_mode=False, is_flying=False)
12:54:21.380 [MainThread      ] INFO     serial_controller.status_builder StatusBuilder: StatusUpdate(armed=True, manual_mode=True, auto_mode=False, autoland_mode=False, is_flying=False)
12:54:21.383 [MainThread      ] INFO     serial_controller.serial_handler PC -> STM32: StatusUpdate(armed=True, manual_mode=True, auto_mode=False, autoland_mode=False, is_flying=False)
12:54:22.400 [MainThread      ] INFO     serial_controller.status_builder StatusBuilder: StatusUpdate(armed=True, manual_mode=True, auto_mode=False, autoland_mode=False, is_flying=False)
12:54:22.400 [MainThread      ] INFO     serial_controller.serial_handler PC -> STM32: StatusUpdate(armed=True, manual_mode=True, auto_mode=False, autoland_mode=False, is_flying=False)
12:54:23.405 [MainThread      ] INFO     serial_controller.status_builder StatusBuilder: StatusUpdate(armed=True, manual_mode=True, auto_mode=False, autoland_mode=False, is_flying=False)
12:54:23.405 [MainThread      ] INFO     serial_controller.serial_handler PC -> STM32: StatusUpdate(armed=True, manual_mode=True, auto_mode=False, autoland_mode=False, is_flying=False)
12:54:24.424 [MainThread      ] INFO     serial_controller.status_builder StatusBuilder: StatusUpdate(armed=True, manual_mode=True, auto_mode=False, autoland_mode=False, is_flying=True)
12:54:24.424 [MainThread      ] INFO     serial_controller.serial_handler PC -> STM32: StatusUpdate(armed=True, manual_mode=True, auto_mode=False, autoland_mode=False, is_flying=True)
12:54:25.426 [MainThread      ] INFO     serial_controller.status_builder StatusBuilder: StatusUpdate(armed=True, manual_mode=True, auto_mode=False, autoland_mode=False, is_flying=True)
12:54:25.426 [MainThread      ] INFO     serial_controller.serial_handler PC -> STM32: StatusUpdate(armed=True, manual_mode=True, auto_mode=False, autoland_mode=False, is_flying=True)
12:54:26.432 [MainThread      ] INFO     serial_controller.status_builder StatusBuilder: StatusUpdate(armed=True, manual_mode=True, auto_mode=False, autoland_mode=False, is_flying=True)
12:54:26.432 [MainThread      ] INFO     serial_controller.serial_handler PC -> STM32: StatusUpdate(armed=True, manual_mode=True, auto_mode=False, autoland_mode=False, is_flying=True)
12:54:27.445 [MainThread      ] INFO     serial_controller.status_builder StatusBuilder: StatusUpdate(armed=True, manual_mode=True, auto_mode=False, autoland_mode=False, is_flying=False)
12:54:27.446 [MainThread      ] INFO     serial_controller.serial_handler PC -> STM32: StatusUpdate(armed=True, manual_mode=True, auto_mode=False, autoland_mode=False, is_flying=False)
12:54:28.445 [MainThread      ] INFO     serial_controller.status_builder StatusBuilder: StatusUpdate(armed=True, manual_mode=True, auto_mode=False, autoland_mode=False, is_flying=True)
12:54:28.446 [MainThread      ] INFO     serial_controller.serial_handler PC -> STM32: StatusUpdate(armed=True, manual_mode=True, auto_mode=False, autoland_mode=False, is_flying=True)
12:54:29.467 [MainThread      ] INFO     serial_controller.status_builder StatusBuilder: StatusUpdate(armed=True, manual_mode=True, auto_mode=False, autoland_mode=False, is_flying=False)
12:54:29.468 [MainThread      ] INFO     serial_controller.serial_handler PC -> STM32: StatusUpdate(armed=True, manual_mode=True, auto_mode=False, autoland_mode=False, is_flying=False)
12:54:30.480 [MainThread      ] INFO     serial_controller.status_builder StatusBuilder: StatusUpdate(armed=True, manual_mode=True, auto_mode=False, autoland_mode=False, is_flying=False)
12:54:30.480 [MainThread      ] INFO     serial_controller.serial_handler PC -> STM32: StatusUpdate(armed=True, manual_mode=True, auto_mode=False, autoland_mode=False, is_flying=False)
12:54:31.478 [MainThread      ] INFO     serial_controller.status_builder StatusBuilder: StatusUpdate(armed=True, manual_mode=True, auto_mode=False, autoland_mode=False, is_flying=False)
12:54:31.478 [MainThread      ] INFO     serial_controller.serial_handler PC -> STM32: StatusUpdate(armed=True, manual_mode=True, auto_mode=False, autoland_mode=False, is_flying=False)
12:54:32.493 [MainThread      ] INFO     serial_controller.status_builder StatusBuilder: StatusUpdate(armed=True, manual_mode=True, auto_mode=False, autoland_mode=False, is_flying=False)
12:54:32.493 [MainThread      ] INFO     serial_controller.serial_handler PC -> STM32: StatusUpdate(armed=True, manual_mode=True, auto_mode=False, autoland_mode=False, is_flying=False)
12:54:33.490 [MainThread      ] INFO     serial_controller.status_builder StatusBuilder: StatusUpdate(armed=True, manual_mode=True, auto_mode=False, autoland_mode=False, is_flying=False)
12:54:33.490 [MainThread      ] INFO     serial_controller.serial_handler PC -> STM32: StatusUpdate(armed=True, manual_mode=True, auto_mode=False, autoland_mode=False, is_flying=False)
12:54:34.506 [MainThread      ] INFO     serial_controller.status_builder StatusBuilder: StatusUpdate(armed=True, manual_mode=True, auto_mode=False, autoland_mode=False, is_flying=False)
12:54:34.509 [MainThread      ] INFO     serial_controller.serial_handler PC -> STM32: StatusUpdate(armed=True, manual_mode=True, auto_mode=False, autoland_mode=False, is_flying=False)
12:54:35.518 [MainThread      ] INFO     serial_controller.status_builder StatusBuilder: StatusUpdate(armed=True, manual_mode=True, auto_mode=False, autoland_mode=False, is_flying=False)
12:54:35.518 [MainThread      ] INFO     serial_controller.serial_handler PC -> STM32: StatusUpdate(armed=True, manual_mode=True, auto_mode=False, autoland_mode=False, is_flying=False)
12:54:36.535 [MainThread      ] INFO     serial_controller.status_builder StatusBuilder: StatusUpdate(armed=True, manual_mode=True, auto_mode=False, autoland_mode=False, is_flying=False)
12:54:36.535 [MainThread      ] INFO     serial_controller.serial_handler PC -> STM32: StatusUpdate(armed=True, manual_mode=True, auto_mode=False, autoland_mode=False, is_flying=False)
12:54:37.535 [MainThread      ] INFO     serial_controller.status_builder StatusBuilder: StatusUpdate(armed=True, manual_mode=True, auto_mode=False, autoland_mode=False, is_flying=False)
12:54:37.535 [MainThread      ] INFO     serial_controller.serial_handler PC -> STM32: StatusUpdate(armed=True, manual_mode=True, auto_mode=False, autoland_mode=False, is_flying=False)
12:54:38.551 [MainThread      ] INFO     serial_controller.status_builder StatusBuilder: StatusUpdate(armed=True, manual_mode=True, auto_mode=False, autoland_mode=False, is_flying=False)
12:54:38.552 [MainThread      ] INFO     serial_controller.serial_handler PC -> STM32: StatusUpdate(armed=True, manual_mode=True, auto_mode=False, autoland_mode=False, is_flying=False)
12:54:39.561 [MainThread      ] INFO     serial_controller.status_builder StatusBuilder: StatusUpdate(armed=True, manual_mode=True, auto_mode=False, autoland_mode=False, is_flying=False)
12:54:39.561 [MainThread      ] INFO     serial_controller.serial_handler PC -> STM32: StatusUpdate(armed=True, manual_mode=True, auto_mode=False, autoland_mode=False, is_flying=False)
12:54:40.558 [MainThread      ] INFO     serial_controller.status_builder StatusBuilder: StatusUpdate(armed=True, manual_mode=True, auto_mode=False, autoland_mode=False, is_flying=False)
12:54:40.559 [MainThread      ] INFO     serial_controller.serial_handler PC -> STM32: StatusUpdate(armed=True, manual_mode=True, auto_mode=False, autoland_mode=False, is_flying=False)
12:54:41.571 [MainThread      ] INFO     serial_controller.status_builder StatusBuilder: StatusUpdate(armed=True, manual_mode=True, auto_mode=False, autoland_mode=False, is_flying=False)
12:54:41.572 [MainThread      ] INFO     serial_controller.serial_handler PC -> STM32: StatusUpdate(armed=True, manual_mode=True, auto_mode=False, autoland_mode=False, is_flying=False)
12:54:42.586 [MainThread      ] INFO     serial_controller.status_builder StatusBuilder: StatusUpdate(armed=True, manual_mode=True, auto_mode=False, autoland_mode=False, is_flying=False)
12:54:42.586 [MainThread      ] INFO     serial_controller.serial_handler PC -> STM32: StatusUpdate(armed=True, manual_mode=True, auto_mode=False, autoland_mode=False, is_flying=False)
12:54:43.589 [MainThread      ] INFO     serial_controller.status_builder StatusBuilder: StatusUpdate(armed=True, manual_mode=True, auto_mode=False, autoland_mode=False, is_flying=False)
12:54:43.589 [MainThread      ] INFO     serial_controller.serial_handler PC -> STM32: StatusUpdate(armed=True, manual_mode=True, auto_mode=False, autoland_mode=False, is_flying=False)
12:54:44.607 [MainThread      ] INFO     serial_controller.status_builder StatusBuilder: StatusUpdate(armed=True, manual_mode=True, auto_mode=False, autoland_mode=False, is_flying=False)
12:54:44.607 [MainThread      ] INFO     serial_controller.serial_handler PC -> STM32: StatusUpdate(armed=True, manual_mode=True, auto_mode=False, autoland_mode=False, is_flying=False)
12:54:45.619 [MainThread      ] INFO     serial_controller.status_builder StatusBuilder: StatusUpdate(armed=True, manual_mode=True, auto_mode=False, autoland_mode=False, is_flying=False)
12:54:45.619 [MainThread      ] INFO     serial_controller.serial_handler PC -> STM32: StatusUpdate(armed=True, manual_mode=True, auto_mode=False, autoland_mode=False, is_flying=False)
12:54:46.000 [SerialProcessor ] INFO     commands.translator          arm rising edge -> ArmCommand
12:54:46.002 [MainThread      ] DEBUG    mavlink.uav_commads.command_sender ArmCommand received
12:54:46.002 [MainThread      ] INFO     mavlink.uav_commads.command_sender Already armed — skipping
12:54:46.622 [MainThread      ] INFO     serial_controller.status_builder StatusBuilder: StatusUpdate(armed=True, manual_mode=True, auto_mode=False, autoland_mode=False, is_flying=False)
12:54:46.622 [MainThread      ] INFO     serial_controller.serial_handler PC -> STM32: StatusUpdate(armed=True, manual_mode=True, auto_mode=False, autoland_mode=False, is_flying=False)
12:54:47.622 [MainThread      ] INFO     serial_controller.status_builder StatusBuilder: StatusUpdate(armed=True, manual_mode=True, auto_mode=False, autoland_mode=False, is_flying=False)
12:54:47.623 [MainThread      ] INFO     serial_controller.serial_handler PC -> STM32: StatusUpdate(armed=True, manual_mode=True, auto_mode=False, autoland_mode=False, is_flying=False)
12:54:48.629 [MainThread      ] INFO     serial_controller.status_builder StatusBuilder: StatusUpdate(armed=True, manual_mode=True, auto_mode=False, autoland_mode=False, is_flying=False)
12:54:48.629 [MainThread      ] INFO     serial_controller.serial_handler PC -> STM32: StatusUpdate(armed=True, manual_mode=True, auto_mode=False, autoland_mode=False, is_flying=False)
12:54:49.631 [MainThread      ] INFO     serial_controller.status_builder StatusBuilder: StatusUpdate(armed=True, manual_mode=True, auto_mode=False, autoland_mode=False, is_flying=False)
12:54:49.631 [MainThread      ] INFO     serial_controller.serial_handler PC -> STM32: StatusUpdate(armed=True, manual_mode=True, auto_mode=False, autoland_mode=False, is_flying=False)
12:54:49.853 [SerialProcessor ] INFO     commands.translator          arm falling edge -> DisarmCommand
12:54:49.861 [MainThread      ] INFO     mavlink.uav_commads.command_sender DisarmCommand received
12:54:49.862 [UAVCommandSender] INFO     mavlink.uav_commads.commands.arms_commands Disarming...
12:54:49.862 [UAVCommandSender] INFO     mavlink.uav_commads.commands.arms_commands Disarm command sent.
12:54:50.646 [MainThread      ] INFO     serial_controller.status_builder StatusBuilder: StatusUpdate(armed=False, manual_mode=True, auto_mode=False, autoland_mode=False, is_flying=False)
12:54:50.646 [MainThread      ] INFO     serial_controller.serial_handler PC -> STM32: StatusUpdate(armed=False, manual_mode=True, auto_mode=False, autoland_mode=False, is_flying=False)
12:54:51.656 [MainThread      ] INFO     serial_controller.status_builder StatusBuilder: StatusUpdate(armed=False, manual_mode=True, auto_mode=False, autoland_mode=False, is_flying=False)
12:54:51.656 [MainThread      ] INFO     serial_controller.serial_handler PC -> STM32: StatusUpdate(armed=False, manual_mode=True, auto_mode=False, autoland_mode=False, is_flying=False)
12:54:52.676 [MainThread      ] INFO     serial_controller.status_builder StatusBuilder: StatusUpdate(armed=False, manual_mode=True, auto_mode=False, autoland_mode=False, is_flying=False)
12:54:52.678 [MainThread      ] INFO     serial_controller.serial_handler PC -> STM32: StatusUpdate(armed=False, manual_mode=True, auto_mode=False, autoland_mode=False, is_flying=False)
12:54:53.690 [MainThread      ] INFO     serial_controller.status_builder StatusBuilder: StatusUpdate(armed=False, manual_mode=True, auto_mode=False, autoland_mode=False, is_flying=False)
12:54:53.691 [MainThread      ] INFO     serial_controller.serial_handler PC -> STM32: StatusUpdate(armed=False, manual_mode=True, auto_mode=False, autoland_mode=False, is_flying=False)
12:54:54.247 [SerialProcessor ] INFO     commands.translator          arm rising edge -> ArmCommand
12:54:54.254 [MainThread      ] DEBUG    mavlink.uav_commads.command_sender ArmCommand received
12:54:54.254 [UAVCommandSender] INFO     mavlink.uav_commads.commands.arms_commands Arming...
12:54:54.255 [UAVCommandSender] INFO     mavlink.uav_commads.commands.arms_commands Arm command sent.
12:54:54.698 [MainThread      ] INFO     serial_controller.status_builder StatusBuilder: StatusUpdate(armed=False, manual_mode=True, auto_mode=False, autoland_mode=False, is_flying=False)
12:54:54.698 [MainThread      ] INFO     serial_controller.serial_handler PC -> STM32: StatusUpdate(armed=False, manual_mode=True, auto_mode=False, autoland_mode=False, is_flying=False)
12:54:55.699 [MainThread      ] INFO     serial_controller.status_builder StatusBuilder: StatusUpdate(armed=False, manual_mode=True, auto_mode=False, autoland_mode=False, is_flying=False)
12:54:55.699 [MainThread      ] INFO     serial_controller.serial_handler PC -> STM32: StatusUpdate(armed=False, manual_mode=True, auto_mode=False, autoland_mode=False, is_flying=False)
12:54:56.705 [MainThread      ] INFO     serial_controller.status_builder StatusBuilder: StatusUpdate(armed=False, manual_mode=True, auto_mode=False, autoland_mode=False, is_flying=False)
12:54:56.705 [MainThread      ] INFO     serial_controller.serial_handler PC -> STM32: StatusUpdate(armed=False, manual_mode=True, auto_mode=False, autoland_mode=False, is_flying=False)
12:54:57.725 [MainThread      ] INFO     serial_controller.status_builder StatusBuilder: StatusUpdate(armed=False, manual_mode=True, auto_mode=False, autoland_mode=False, is_flying=False)
12:54:57.725 [MainThread      ] INFO     serial_controller.serial_handler PC -> STM32: StatusUpdate(armed=False, manual_mode=True, auto_mode=False, autoland_mode=False, is_flying=False)
12:54:58.732 [MainThread      ] INFO     serial_controller.status_builder StatusBuilder: StatusUpdate(armed=False, manual_mode=True, auto_mode=False, autoland_mode=False, is_flying=False)
12:54:58.732 [MainThread      ] INFO     serial_controller.serial_handler PC -> STM32: StatusUpdate(armed=False, manual_mode=True, auto_mode=False, autoland_mode=False, is_flying=False)
12:54:59.738 [MainThread      ] INFO     serial_controller.status_builder StatusBuilder: StatusUpdate(armed=False, manual_mode=True, auto_mode=False, autoland_mode=False, is_flying=False)
12:54:59.738 [MainThread      ] INFO     serial_controller.serial_handler PC -> STM32: StatusUpdate(armed=False, manual_mode=True, auto_mode=False, autoland_mode=False, is_flying=False)
12:55:00.759 [MainThread      ] INFO     serial_controller.status_builder StatusBuilder: StatusUpdate(armed=False, manual_mode=True, auto_mode=False, autoland_mode=False, is_flying=False)
12:55:00.760 [MainThread      ] INFO     serial_controller.serial_handler PC -> STM32: StatusUpdate(armed=False, manual_mode=True, auto_mode=False, autoland_mode=False, is_flying=False)
12:55:01.771 [MainThread      ] INFO     serial_controller.status_builder StatusBuilder: StatusUpdate(armed=False, manual_mode=True, auto_mode=False, autoland_mode=False, is_flying=False)
12:55:01.772 [MainThread      ] INFO     serial_controller.serial_handler PC -> STM32: StatusUpdate(armed=False, manual_mode=True, auto_mode=False, autoland_mode=False, is_flying=False)
12:55:02.776 [MainThread      ] INFO     serial_controller.status_builder StatusBuilder: StatusUpdate(armed=False, manual_mode=True, auto_mode=False, autoland_mode=False, is_flying=False)
12:55:02.777 [MainThread      ] INFO     serial_controller.serial_handler PC -> STM32: StatusUpdate(armed=False, manual_mode=True, auto_mode=False, autoland_mode=False, is_flying=False)
12:55:03.777 [MainThread      ] INFO     serial_controller.status_builder StatusBuilder: StatusUpdate(armed=False, manual_mode=True, auto_mode=False, autoland_mode=False, is_flying=False)
12:55:03.778 [MainThread      ] INFO     serial_controller.serial_handler PC -> STM32: StatusUpdate(armed=False, manual_mode=True, auto_mode=False, autoland_mode=False, is_flying=False)
12:55:04.793 [MainThread      ] INFO     serial_controller.status_builder StatusBuilder: StatusUpdate(armed=False, manual_mode=True, auto_mode=False, autoland_mode=False, is_flying=False)
12:55:04.793 [MainThread      ] INFO     serial_controller.serial_handler PC -> STM32: StatusUpdate(armed=False, manual_mode=True, auto_mode=False, autoland_mode=False, is_flying=False)
12:55:05.804 [MainThread      ] INFO     serial_controller.status_builder StatusBuilder: StatusUpdate(armed=False, manual_mode=True, auto_mode=False, autoland_mode=False, is_flying=False)
12:55:05.805 [MainThread      ] INFO     serial_controller.serial_handler PC -> STM32: StatusUpdate(armed=False, manual_mode=True, auto_mode=False, autoland_mode=False, is_flying=False)
12:55:06.814 [MainThread      ] INFO     serial_controller.status_builder StatusBuilder: StatusUpdate(armed=False, manual_mode=True, auto_mode=False, autoland_mode=False, is_flying=False)
12:55:06.814 [MainThread      ] INFO     serial_controller.serial_handler PC -> STM32: StatusUpdate(armed=False, manual_mode=True, auto_mode=False, autoland_mode=False, is_flying=False)
12:55:07.818 [MainThread      ] INFO     serial_controller.status_builder StatusBuilder: StatusUpdate(armed=False, manual_mode=True, auto_mode=False, autoland_mode=False, is_flying=False)
12:55:07.821 [MainThread      ] INFO     serial_controller.serial_handler PC -> STM32: StatusUpdate(armed=False, manual_mode=True, auto_mode=False, autoland_mode=False, is_flying=False)
12:55:08.819 [MainThread      ] INFO     serial_controller.status_builder StatusBuilder: StatusUpdate(armed=False, manual_mode=True, auto_mode=False, autoland_mode=False, is_flying=False)
12:55:08.819 [MainThread      ] INFO     serial_controller.serial_handler PC -> STM32: StatusUpdate(armed=False, manual_mode=True, auto_mode=False, autoland_mode=False, is_flying=False)
12:55:09.835 [MainThread      ] INFO     serial_controller.status_builder StatusBuilder: StatusUpdate(armed=False, manual_mode=True, auto_mode=False, autoland_mode=False, is_flying=False)
12:55:09.836 [MainThread      ] INFO     serial_controller.serial_handler PC -> STM32: StatusUpdate(armed=False, manual_mode=True, auto_mode=False, autoland_mode=False, is_flying=False)
12:55:10.844 [MainThread      ] INFO     serial_controller.status_builder StatusBuilder: StatusUpdate(armed=False, manual_mode=True, auto_mode=False, autoland_mode=False, is_flying=False)
12:55:10.844 [MainThread      ] INFO     serial_controller.serial_handler PC -> STM32: StatusUpdate(armed=False, manual_mode=True, auto_mode=False, autoland_mode=False, is_flying=False)
12:55:11.851 [MainThread      ] INFO     serial_controller.status_builder StatusBuilder: StatusUpdate(armed=False, manual_mode=True, auto_mode=False, autoland_mode=False, is_flying=False)
12:55:11.852 [MainThread      ] INFO     serial_controller.serial_handler PC -> STM32: StatusUpdate(armed=False, manual_mode=True, auto_mode=False, autoland_mode=False, is_flying=False)
12:55:12.874 [MainThread      ] INFO     serial_controller.status_builder StatusBuilder: StatusUpdate(armed=False, manual_mode=True, auto_mode=False, autoland_mode=False, is_flying=False)
12:55:12.877 [MainThread      ] INFO     serial_controller.serial_handler PC -> STM32: StatusUpdate(armed=False, manual_mode=True, auto_mode=False, autoland_mode=False, is_flying=False)
12:55:13.871 [MainThread      ] INFO     serial_controller.status_builder StatusBuilder: StatusUpdate(armed=False, manual_mode=True, auto_mode=False, autoland_mode=False, is_flying=False)
12:55:13.871 [MainThread      ] INFO     serial_controller.serial_handler PC -> STM32: StatusUpdate(armed=False, manual_mode=True, auto_mode=False, autoland_mode=False, is_flying=False)
12:55:14.886 [MainThread      ] INFO     serial_controller.status_builder StatusBuilder: StatusUpdate(armed=False, manual_mode=True, auto_mode=False, autoland_mode=False, is_flying=False)
12:55:14.887 [MainThread      ] INFO     serial_controller.serial_handler PC -> STM32: StatusUpdate(armed=False, manual_mode=True, auto_mode=False, autoland_mode=False, is_flying=False)
12:55:15.904 [MainThread      ] INFO     serial_controller.status_builder StatusBuilder: StatusUpdate(armed=False, manual_mode=True, auto_mode=False, autoland_mode=False, is_flying=False)
12:55:15.904 [MainThread      ] INFO     serial_controller.serial_handler PC -> STM32: StatusUpdate(armed=False, manual_mode=True, auto_mode=False, autoland_mode=False, is_flying=False)
12:55:16.908 [MainThread      ] INFO     serial_controller.status_builder StatusBuilder: StatusUpdate(armed=False, manual_mode=True, auto_mode=False, autoland_mode=False, is_flying=False)
12:55:16.909 [MainThread      ] INFO     serial_controller.serial_handler PC -> STM32: StatusUpdate(armed=False, manual_mode=True, auto_mode=False, autoland_mode=False, is_flying=False)
12:55:17.908 [MainThread      ] INFO     serial_controller.status_builder StatusBuilder: StatusUpdate(armed=False, manual_mode=True, auto_mode=False, autoland_mode=False, is_flying=False)
12:55:17.909 [MainThread      ] INFO     serial_controller.serial_handler PC -> STM32: StatusUpdate(armed=False, manual_mode=True, auto_mode=False, autoland_mode=False, is_flying=False)
12:55:18.931 [MainThread      ] INFO     serial_controller.status_builder StatusBuilder: StatusUpdate(armed=False, manual_mode=True, auto_mode=False, autoland_mode=False, is_flying=False)
12:55:18.932 [MainThread      ] INFO     serial_controller.serial_handler PC -> STM32: StatusUpdate(armed=False, manual_mode=True, auto_mode=False, autoland_mode=False, is_flying=False)
13:13:43.391 [Thread-1 (_run) ] INFO     serial_controller.serial_handler Scanning for STM32 on COM ports...
13:13:43.393 [Thread-2 (_run) ] INFO     mavlink.mavlink_worker         [state-poll] connecting to tcp:127.0.0.1:5762...
13:13:43.399 [Thread-3 (_run) ] INFO     mavlink.mavlink_worker         [command-sender] connecting to tcp:127.0.0.1:5763...
13:13:43.401 [Thread-2 (_run) ] INFO     mavlink.mavlink_worker         [state-poll] connected on tcp:127.0.0.1:5762.
13:13:43.406 [Thread-3 (_run) ] INFO     mavlink.mavlink_worker         [command-sender] connected on tcp:127.0.0.1:5763.
13:13:43.406 [MainThread      ] INFO     __main__                     Controller started.
13:13:43.407 [Thread-1 (_run) ] INFO     serial_controller.serial_handler Found STM32 (DFRobot CH340, matched by description) on COM67 — 'USB-Enhanced-SERIAL-D CH344 (COM67)'
13:13:43.410 [Thread-2 (_run) ] INFO     mavlink.mavlink_worker       UAVStatePoller waiting for heartbeat...
13:13:43.411 [Thread-3 (_run) ] INFO     mavlink.mavlink_worker       UAVCommandSender waiting for heartbeat...
13:13:43.414 [Thread-1 (_run) ] INFO     serial_controller.serial_handler STM32 connected on COM67.
13:13:43.415 [SerialReader    ] INFO     serial_controller.serial_handler SerialReader: started.
13:13:43.416 [SerialProcessor ] INFO     serial_controller.serial_handler SerialProcessor: started.
13:13:43.450 [Thread-2 (_run) ] INFO     mavlink.mavlink_worker       UAVStatePoller heartbeat received — system 1 component 1
13:13:43.451 [Thread-3 (_run) ] INFO     mavlink.mavlink_worker       UAVCommandSender heartbeat received — system 1 component 1
13:13:43.472 [Thread-3 (_run) ] INFO     mavlink.uav_commads.command_sender UAVCommandSender connected.
13:13:43.476 [Thread-2 (_run) ] INFO     mavlink.mavlink_worker       UAVStatePoller loop started.
13:13:43.487 [Thread-3 (_run) ] INFO     mavlink.mavlink_worker       UAVCommandSender loop started.
13:13:43.503 [MainThread      ] INFO     serial_controller.status_builder StatusBuilder: StatusUpdate(armed=True, manual_mode=True, auto_mode=False, autoland_mode=False, is_flying=False)
13:13:43.511 [MainThread      ] INFO     serial_controller.serial_handler PC -> STM32: StatusUpdate(armed=True, manual_mode=True, auto_mode=False, autoland_mode=False, is_flying=False)
13:13:44.507 [MainThread      ] INFO     serial_controller.status_builder StatusBuilder: StatusUpdate(armed=True, manual_mode=True, auto_mode=False, autoland_mode=False, is_flying=False)
13:13:44.508 [MainThread      ] INFO     serial_controller.serial_handler PC -> STM32: StatusUpdate(armed=True, manual_mode=True, auto_mode=False, autoland_mode=False, is_flying=False)
13:13:45.513 [MainThread      ] INFO     serial_controller.status_builder StatusBuilder: StatusUpdate(armed=True, manual_mode=True, auto_mode=False, autoland_mode=False, is_flying=False)
13:13:45.514 [MainThread      ] INFO     serial_controller.serial_handler PC -> STM32: StatusUpdate(armed=True, manual_mode=True, auto_mode=False, autoland_mode=False, is_flying=False)
13:13:46.524 [MainThread      ] INFO     serial_controller.status_builder StatusBuilder: StatusUpdate(armed=True, manual_mode=True, auto_mode=False, autoland_mode=False, is_flying=False)
13:13:46.524 [MainThread      ] INFO     serial_controller.serial_handler PC -> STM32: StatusUpdate(armed=True, manual_mode=True, auto_mode=False, autoland_mode=False, is_flying=False)
13:13:47.534 [MainThread      ] INFO     serial_controller.status_builder StatusBuilder: StatusUpdate(armed=True, manual_mode=True, auto_mode=False, autoland_mode=False, is_flying=False)
13:13:47.534 [MainThread      ] INFO     serial_controller.serial_handler PC -> STM32: StatusUpdate(armed=True, manual_mode=True, auto_mode=False, autoland_mode=False, is_flying=False)
13:13:48.543 [MainThread      ] INFO     serial_controller.status_builder StatusBuilder: StatusUpdate(armed=True, manual_mode=True, auto_mode=False, autoland_mode=False, is_flying=False)
13:13:48.544 [MainThread      ] INFO     serial_controller.serial_handler PC -> STM32: StatusUpdate(armed=True, manual_mode=True, auto_mode=False, autoland_mode=False, is_flying=False)
13:13:49.491 [SerialProcessor ] INFO     commands.translator          auto rising edge -> AutoModeCommand
13:13:49.494 [MainThread      ] DEBUG    mavlink.uav_commads.command_sender AutoModeCommand received
13:13:49.494 [UAVCommandSender] INFO     mavlink.uav_commads.commands.base_command ModeCommander: switched to AUTO.
13:13:49.557 [MainThread      ] INFO     serial_controller.status_builder StatusBuilder: StatusUpdate(armed=True, manual_mode=False, auto_mode=True, autoland_mode=False, is_flying=False)
13:13:49.558 [MainThread      ] INFO     serial_controller.serial_handler PC -> STM32: StatusUpdate(armed=True, manual_mode=False, auto_mode=True, autoland_mode=False, is_flying=False)
13:13:50.573 [MainThread      ] INFO     serial_controller.status_builder StatusBuilder: StatusUpdate(armed=True, manual_mode=False, auto_mode=True, autoland_mode=False, is_flying=False)
13:13:50.573 [MainThread      ] INFO     serial_controller.serial_handler PC -> STM32: StatusUpdate(armed=True, manual_mode=False, auto_mode=True, autoland_mode=False, is_flying=False)
13:13:51.586 [MainThread      ] INFO     serial_controller.status_builder StatusBuilder: StatusUpdate(armed=True, manual_mode=False, auto_mode=True, autoland_mode=False, is_flying=True)
13:13:51.587 [MainThread      ] INFO     serial_controller.serial_handler PC -> STM32: StatusUpdate(armed=True, manual_mode=False, auto_mode=True, autoland_mode=False, is_flying=True)
13:13:52.588 [MainThread      ] INFO     serial_controller.status_builder StatusBuilder: StatusUpdate(armed=True, manual_mode=False, auto_mode=True, autoland_mode=False, is_flying=True)
13:13:52.588 [MainThread      ] INFO     serial_controller.serial_handler PC -> STM32: StatusUpdate(armed=True, manual_mode=False, auto_mode=True, autoland_mode=False, is_flying=True)
13:13:53.599 [MainThread      ] INFO     serial_controller.status_builder StatusBuilder: StatusUpdate(armed=True, manual_mode=False, auto_mode=True, autoland_mode=False, is_flying=True)
13:13:53.599 [MainThread      ] INFO     serial_controller.serial_handler PC -> STM32: StatusUpdate(armed=True, manual_mode=False, auto_mode=True, autoland_mode=False, is_flying=True)
13:13:54.611 [MainThread      ] INFO     serial_controller.status_builder StatusBuilder: StatusUpdate(armed=True, manual_mode=False, auto_mode=True, autoland_mode=False, is_flying=True)
13:13:54.611 [MainThread      ] INFO     serial_controller.serial_handler PC -> STM32: StatusUpdate(armed=True, manual_mode=False, auto_mode=True, autoland_mode=False, is_flying=True)
13:13:55.626 [MainThread      ] INFO     serial_controller.status_builder StatusBuilder: StatusUpdate(armed=True, manual_mode=False, auto_mode=True, autoland_mode=False, is_flying=True)
13:13:55.626 [MainThread      ] INFO     serial_controller.serial_handler PC -> STM32: StatusUpdate(armed=True, manual_mode=False, auto_mode=True, autoland_mode=False, is_flying=True)
13:13:56.636 [MainThread      ] INFO     serial_controller.status_builder StatusBuilder: StatusUpdate(armed=True, manual_mode=False, auto_mode=True, autoland_mode=False, is_flying=True)
13:13:56.637 [MainThread      ] INFO     serial_controller.serial_handler PC -> STM32: StatusUpdate(armed=True, manual_mode=False, auto_mode=True, autoland_mode=False, is_flying=True)
13:13:57.653 [MainThread      ] INFO     serial_controller.status_builder StatusBuilder: StatusUpdate(armed=True, manual_mode=False, auto_mode=True, autoland_mode=False, is_flying=True)
13:13:57.653 [MainThread      ] INFO     serial_controller.serial_handler PC -> STM32: StatusUpdate(armed=True, manual_mode=False, auto_mode=True, autoland_mode=False, is_flying=True)
13:13:58.667 [MainThread      ] INFO     serial_controller.status_builder StatusBuilder: StatusUpdate(armed=True, manual_mode=False, auto_mode=True, autoland_mode=False, is_flying=True)
13:13:58.668 [MainThread      ] INFO     serial_controller.serial_handler PC -> STM32: StatusUpdate(armed=True, manual_mode=False, auto_mode=True, autoland_mode=False, is_flying=True)
13:13:59.679 [MainThread      ] INFO     serial_controller.status_builder StatusBuilder: StatusUpdate(armed=True, manual_mode=False, auto_mode=True, autoland_mode=False, is_flying=True)
13:13:59.680 [MainThread      ] INFO     serial_controller.serial_handler PC -> STM32: StatusUpdate(armed=True, manual_mode=False, auto_mode=True, autoland_mode=False, is_flying=True)
13:14:00.153 [SerialProcessor ] INFO     commands.translator          autoland rising edge -> LandCommand
13:14:00.160 [MainThread      ] DEBUG    mavlink.uav_commads.command_sender LandCommand received
13:14:00.695 [MainThread      ] INFO     serial_controller.status_builder StatusBuilder: StatusUpdate(armed=True, manual_mode=False, auto_mode=True, autoland_mode=False, is_flying=True)
13:14:00.695 [MainThread      ] INFO     serial_controller.serial_handler PC -> STM32: StatusUpdate(armed=True, manual_mode=False, auto_mode=True, autoland_mode=False, is_flying=True)
13:14:01.172 [SerialProcessor ] INFO     commands.translator          auto rising edge -> AutoModeCommand
13:14:01.177 [MainThread      ] DEBUG    mavlink.uav_commads.command_sender AutoModeCommand received
13:14:01.177 [UAVCommandSender] INFO     mavlink.uav_commads.commands.base_command ModeCommander: switched to AUTO.
13:14:01.711 [MainThread      ] INFO     serial_controller.status_builder StatusBuilder: StatusUpdate(armed=True, manual_mode=False, auto_mode=True, autoland_mode=False, is_flying=True)
13:14:01.712 [MainThread      ] INFO     serial_controller.serial_handler PC -> STM32: StatusUpdate(armed=True, manual_mode=False, auto_mode=True, autoland_mode=False, is_flying=True)
13:14:02.733 [MainThread      ] INFO     serial_controller.status_builder StatusBuilder: StatusUpdate(armed=True, manual_mode=False, auto_mode=True, autoland_mode=False, is_flying=True)
13:14:02.733 [MainThread      ] INFO     serial_controller.serial_handler PC -> STM32: StatusUpdate(armed=True, manual_mode=False, auto_mode=True, autoland_mode=False, is_flying=True)
13:14:03.737 [MainThread      ] INFO     serial_controller.status_builder StatusBuilder: StatusUpdate(armed=True, manual_mode=False, auto_mode=True, autoland_mode=False, is_flying=True)
13:14:03.738 [MainThread      ] INFO     serial_controller.serial_handler PC -> STM32: StatusUpdate(armed=True, manual_mode=False, auto_mode=True, autoland_mode=False, is_flying=True)
13:14:04.756 [MainThread      ] INFO     serial_controller.status_builder StatusBuilder: StatusUpdate(armed=True, manual_mode=False, auto_mode=True, autoland_mode=False, is_flying=True)
13:14:04.757 [MainThread      ] INFO     serial_controller.serial_handler PC -> STM32: StatusUpdate(armed=True, manual_mode=False, auto_mode=True, autoland_mode=False, is_flying=True)
13:14:05.763 [MainThread      ] INFO     serial_controller.status_builder StatusBuilder: StatusUpdate(armed=True, manual_mode=False, auto_mode=True, autoland_mode=False, is_flying=True)
13:14:05.763 [MainThread      ] INFO     serial_controller.serial_handler PC -> STM32: StatusUpdate(armed=True, manual_mode=False, auto_mode=True, autoland_mode=False, is_flying=True)
13:14:06.782 [MainThread      ] INFO     serial_controller.status_builder StatusBuilder: StatusUpdate(armed=True, manual_mode=False, auto_mode=True, autoland_mode=False, is_flying=True)
13:14:06.782 [MainThread      ] INFO     serial_controller.serial_handler PC -> STM32: StatusUpdate(armed=True, manual_mode=False, auto_mode=True, autoland_mode=False, is_flying=True)
13:14:07.064 [SerialProcessor ] INFO     commands.translator          manual rising edge -> ManualModeCommand
13:14:07.066 [MainThread      ] DEBUG    mavlink.uav_commads.command_sender ManualModeCommand received
13:14:07.066 [MainThread      ] WARNING  mavlink.uav_commads.commands.autotakeoff_commands AutoTakeOff: cancel requested.
13:14:07.075 [UAVCommandSender] INFO     mavlink.uav_commads.command_sender Switched to FBWB — joystick active.
13:14:07.788 [MainThread      ] INFO     serial_controller.status_builder StatusBuilder: StatusUpdate(armed=True, manual_mode=True, auto_mode=False, autoland_mode=False, is_flying=True)
13:14:07.789 [MainThread      ] INFO     serial_controller.serial_handler PC -> STM32: StatusUpdate(armed=True, manual_mode=True, auto_mode=False, autoland_mode=False, is_flying=True)
13:14:08.807 [MainThread      ] INFO     serial_controller.status_builder StatusBuilder: StatusUpdate(armed=True, manual_mode=True, auto_mode=False, autoland_mode=False, is_flying=True)
13:14:08.809 [MainThread      ] INFO     serial_controller.serial_handler PC -> STM32: StatusUpdate(armed=True, manual_mode=True, auto_mode=False, autoland_mode=False, is_flying=True)
13:14:09.819 [MainThread      ] INFO     serial_controller.status_builder StatusBuilder: StatusUpdate(armed=True, manual_mode=True, auto_mode=False, autoland_mode=False, is_flying=True)
13:14:09.819 [MainThread      ] INFO     serial_controller.serial_handler PC -> STM32: StatusUpdate(armed=True, manual_mode=True, auto_mode=False, autoland_mode=False, is_flying=True)
13:14:10.826 [MainThread      ] INFO     serial_controller.status_builder StatusBuilder: StatusUpdate(armed=True, manual_mode=True, auto_mode=False, autoland_mode=False, is_flying=True)
13:14:10.826 [MainThread      ] INFO     serial_controller.serial_handler PC -> STM32: StatusUpdate(armed=True, manual_mode=True, auto_mode=False, autoland_mode=False, is_flying=True)
13:14:11.843 [MainThread      ] INFO     serial_controller.status_builder StatusBuilder: StatusUpdate(armed=True, manual_mode=True, auto_mode=False, autoland_mode=False, is_flying=True)
13:14:11.844 [MainThread      ] INFO     serial_controller.serial_handler PC -> STM32: StatusUpdate(armed=True, manual_mode=True, auto_mode=False, autoland_mode=False, is_flying=True)
13:14:12.850 [MainThread      ] INFO     serial_controller.status_builder StatusBuilder: StatusUpdate(armed=True, manual_mode=True, auto_mode=False, autoland_mode=False, is_flying=True)
13:14:12.850 [MainThread      ] INFO     serial_controller.serial_handler PC -> STM32: StatusUpdate(armed=True, manual_mode=True, auto_mode=False, autoland_mode=False, is_flying=True)
13:14:13.861 [MainThread      ] INFO     serial_controller.status_builder StatusBuilder: StatusUpdate(armed=True, manual_mode=True, auto_mode=False, autoland_mode=False, is_flying=True)
13:14:13.861 [MainThread      ] INFO     serial_controller.serial_handler PC -> STM32: StatusUpdate(armed=True, manual_mode=True, auto_mode=False, autoland_mode=False, is_flying=True)
13:14:14.875 [MainThread      ] INFO     serial_controller.status_builder StatusBuilder: StatusUpdate(armed=True, manual_mode=True, auto_mode=False, autoland_mode=False, is_flying=True)
13:14:14.875 [MainThread      ] INFO     serial_controller.serial_handler PC -> STM32: StatusUpdate(armed=True, manual_mode=True, auto_mode=False, autoland_mode=False, is_flying=True)
13:14:15.884 [MainThread      ] INFO     serial_controller.status_builder StatusBuilder: StatusUpdate(armed=True, manual_mode=True, auto_mode=False, autoland_mode=False, is_flying=True)
13:14:15.885 [MainThread      ] INFO     serial_controller.serial_handler PC -> STM32: StatusUpdate(armed=True, manual_mode=True, auto_mode=False, autoland_mode=False, is_flying=True)
13:14:16.892 [MainThread      ] INFO     serial_controller.status_builder StatusBuilder: StatusUpdate(armed=True, manual_mode=True, auto_mode=False, autoland_mode=False, is_flying=True)
13:14:16.893 [MainThread      ] INFO     serial_controller.serial_handler PC -> STM32: StatusUpdate(armed=True, manual_mode=True, auto_mode=False, autoland_mode=False, is_flying=True)
13:14:17.907 [MainThread      ] INFO     serial_controller.status_builder StatusBuilder: StatusUpdate(armed=True, manual_mode=True, auto_mode=False, autoland_mode=False, is_flying=True)
13:14:17.908 [MainThread      ] INFO     serial_controller.serial_handler PC -> STM32: StatusUpdate(armed=True, manual_mode=True, auto_mode=False, autoland_mode=False, is_flying=True)
11:40:25.520 [Thread-1 (_run) ] INFO     serial_controller.serial_handler Scanning for STM32 on COM ports...
11:40:25.521 [Thread-2 (_run) ] INFO     mavlink.mavlink_worker         [command-sender] connecting to udpin:0.0.0.0:14551...
11:40:25.521 [MainThread      ] INFO     __main__                     Controller started.
11:40:25.522 [Thread-2 (_run) ] INFO     mavlink.mavlink_worker         [command-sender] connected on udpin:0.0.0.0:14551.
11:40:25.523 [Thread-2 (_run) ] INFO     mavlink.mavlink_worker       UAVCommandSender waiting for heartbeat...
11:40:25.532 [Thread-1 (_run) ] INFO     serial_controller.serial_handler No STM32 device found on any COM port.
11:38:42.598 [Thread-1 (_run) ] INFO     serial_controller.serial_handler Scanning for STM32 on COM ports...
11:38:42.599 [Thread-2 (_run) ] INFO     mavlink.mavlink_worker         [command-sender] connecting to udpin:0.0.0.0:14551...
11:38:42.599 [MainThread      ] INFO     API.panel_sync               PanelStateSync: started.
11:38:42.602 [MainThread      ] INFO     __main__                     Controller started.
11:38:42.638 [Thread-2 (_run) ] INFO     mavlink.mavlink_worker         [command-sender] connected on udpin:0.0.0.0:14551.
11:38:42.640 [Thread-2 (_run) ] INFO     mavlink.mavlink_worker       UAVCommandSender waiting for heartbeat...
11:38:42.641 [Thread-1 (_run) ] INFO     serial_controller.serial_handler No STM32 device found on any COM port.
11:41:53.312 [Thread-1 (_run) ] INFO     serial_controller.serial_handler Scanning for STM32 on COM ports...
11:41:53.327 [Thread-2 (_run) ] INFO     mavlink.mavlink_worker         [command-sender] connecting to udpin:0.0.0.0:14551...
11:41:53.336 [Thread-2 (_run) ] INFO     mavlink.mavlink_worker         [command-sender] connected on udpin:0.0.0.0:14551.
11:41:53.336 [MainThread      ] INFO     API.panel_sync               PanelStateSync: started.
11:41:53.338 [Thread-2 (_run) ] INFO     mavlink.mavlink_worker       UAVCommandSender waiting for heartbeat...
11:41:53.344 [MainThread      ] INFO     __main__                     Controller started.
11:41:53.434 [Thread-1 (_run) ] INFO     serial_controller.serial_handler No STM32 device found on any COM port.
11:42:03.356 [Thread-2 (_run) ] WARNING  mavlink.mavlink_worker       UAVCommandSender: no heartbeat within 10s — closing and retrying.
16:22:06.199 [Thread-1 (_run) ] INFO     serial_controller.serial_handler Scanning for STM32 on COM ports...
16:22:06.200 [Thread-2 (_run) ] INFO     mavlink.mavlink_worker         [command-sender] connecting to udpin:0.0.0.0:14551...
16:22:06.200 [MainThread      ] INFO     API.panel_sync               PanelStateSync: started.
16:22:06.201 [MainThread      ] INFO     __main__                     Controller started.
16:22:06.317 [Thread-2 (_run) ] INFO     mavlink.mavlink_worker         [command-sender] connected on udpin:0.0.0.0:14551.
16:22:06.318 [Thread-2 (_run) ] INFO     mavlink.mavlink_worker       UAVCommandSender waiting for heartbeat...
16:22:06.488 [Thread-1 (_run) ] INFO     serial_controller.serial_handler Found STM32 (DFRobot CH340, matched by description) on COM67 — 'USB-Enhanced-SERIAL-D CH344 (COM67)'
16:22:06.489 [Thread-1 (_run) ] INFO     serial_controller.serial_handler STM32 connected on COM67.
16:22:06.490 [SerialReader    ] INFO     serial_controller.serial_handler SerialReader: started.
16:22:06.490 [SerialProcessor ] INFO     serial_controller.serial_handler SerialProcessor: started.
16:22:16.339 [Thread-2 (_run) ] WARNING  mavlink.mavlink_worker       UAVCommandSender: no heartbeat within 10s — closing and retrying.
16:22:48.062 [Thread-1 (_run) ] INFO     serial_controller.serial_handler Scanning for STM32 on COM ports...
16:22:48.062 [MainThread      ] INFO     API.panel_sync               PanelStateSync: started.
16:22:48.063 [MainThread      ] INFO     __main__                     Controller started.
16:22:48.341 [Thread-1 (_run) ] INFO     serial_controller.serial_handler Found STM32 (DFRobot CH340, matched by description) on COM67 — 'USB-Enhanced-SERIAL-D CH344 (COM67)'
16:22:48.354 [Thread-1 (_run) ] INFO     serial_controller.serial_handler STM32 connected on COM67.
16:22:48.356 [SerialReader    ] INFO     serial_controller.serial_handler SerialReader: started.
16:22:48.357 [SerialProcessor ] INFO     serial_controller.serial_handler SerialProcessor: started.
16:23:04.019 [Thread-1 (_run) ] INFO     serial_controller.serial_handler Scanning for STM32 on COM ports...
16:23:04.019 [MainThread      ] INFO     __main__                     Controller started.
16:23:04.102 [Thread-1 (_run) ] INFO     serial_controller.serial_handler Found STM32 (DFRobot CH340, matched by description) on COM67 — 'USB-Enhanced-SERIAL-D CH344 (COM67)'
16:23:04.113 [Thread-1 (_run) ] INFO     serial_controller.serial_handler STM32 connected on COM67.
16:23:04.117 [SerialReader    ] INFO     serial_controller.serial_handler SerialReader: started.
16:23:04.123 [SerialProcessor ] INFO     serial_controller.serial_handler SerialProcessor: started.
16:23:53.762 [Thread-1 (_run) ] INFO     serial_controller.serial_handler Scanning for STM32 on COM ports...
16:23:53.762 [MainThread      ] INFO     __main__                     Controller started.
16:23:53.844 [Thread-1 (_run) ] INFO     serial_controller.serial_handler Found STM32 (DFRobot CH340, matched by description) on COM67 — 'USB-Enhanced-SERIAL-D CH344 (COM67)'
16:23:53.849 [Thread-1 (_run) ] INFO     serial_controller.serial_handler STM32 connected on COM67.
16:23:53.850 [SerialReader    ] INFO     serial_controller.serial_handler SerialReader: started.
16:23:53.850 [SerialProcessor ] INFO     serial_controller.serial_handler SerialProcessor: started.
16:27:22.850 [Thread-1 (_run) ] INFO     serial_controller.serial_handler Scanning for STM32 on COM ports...
16:27:22.851 [MainThread      ] INFO     __main__                     Controller started.
16:27:22.932 [Thread-1 (_run) ] INFO     serial_controller.serial_handler Found STM32 (DFRobot CH340, matched by description) on COM67 — 'USB-Enhanced-SERIAL-D CH344 (COM67)'
16:27:22.936 [Thread-1 (_run) ] INFO     serial_controller.serial_handler STM32 connected on COM67.
16:27:22.942 [SerialReader    ] INFO     serial_controller.serial_handler SerialReader: started.
16:27:22.943 [SerialProcessor ] INFO     serial_controller.serial_handler SerialProcessor: started.
16:42:06.230 [Thread-1 (_run) ] INFO     serial_controller.serial_handler Scanning for STM32 on COM ports...
16:42:06.230 [MainThread      ] INFO     __main__                     Controller started.
16:42:06.310 [Thread-1 (_run) ] INFO     serial_controller.serial_handler Found STM32 (DFRobot CH340, matched by description) on COM67 — 'USB-Enhanced-SERIAL-D CH344 (COM67)'
16:42:06.315 [Thread-1 (_run) ] INFO     serial_controller.serial_handler STM32 connected on COM67.
16:42:06.320 [SerialReader    ] INFO     serial_controller.serial_handler SerialReader: started.
16:42:06.325 [SerialProcessor ] INFO     serial_controller.serial_handler SerialProcessor: started.
16:46:41.982 [Thread-1 (_run) ] INFO     serial_controller.serial_handler Scanning for STM32 on COM ports...
16:46:41.983 [MainThread      ] INFO     __main__                     Controller started.
16:46:42.066 [Thread-1 (_run) ] INFO     serial_controller.serial_handler Found STM32 (DFRobot CH340, matched by description) on COM67 — 'USB-Enhanced-SERIAL-D CH344 (COM67)'
16:46:42.071 [Thread-1 (_run) ] INFO     serial_controller.serial_handler STM32 connected on COM67.
16:46:42.072 [SerialReader    ] INFO     serial_controller.serial_handler SerialReader: started.
16:46:42.073 [SerialProcessor ] INFO     serial_controller.serial_handler SerialProcessor: started.
16:52:20.781 [Watchdog        ] ERROR    state.watchdog               WATCHDOG: serial thread appears frozen!
16:52:21.128 [SerialReader    ] INFO     serial_controller.serial_handler SerialReader: connection lost!
16:52:21.156 [SerialReader    ] INFO     serial_controller.serial_handler STM32 disconnected.
16:52:21.156 [SerialReader    ] INFO     serial_controller.serial_handler SerialReader: stopped.
16:52:21.233 [SerialProcessor ] INFO     serial_controller.serial_handler SerialProcessor: stopped.
07:26:54.375 [Thread-1 (_run) ] INFO     serial_controller.serial_handler Scanning for STM32 on COM ports...
07:26:54.375 [MainThread      ] INFO     __main__                     Controller started.
07:26:54.508 [Thread-1 (_run) ] INFO     serial_controller.serial_handler Found STM32 (DFRobot CH340, matched by description) on COM67 — 'USB-Enhanced-SERIAL-D CH344 (COM67)'
07:26:54.652 [Thread-1 (_run) ] INFO     serial_controller.serial_handler STM32 connected on COM67.
07:26:54.653 [SerialReader    ] INFO     serial_controller.serial_handler SerialReader: started.
07:26:54.654 [SerialProcessor ] INFO     serial_controller.serial_handler SerialProcessor: started.
07:26:54.677 [SerialProcessor ] INFO     commands.translator          zoomin rising edge -> ZoomInCommand
07:26:54.677 [SerialProcessor ] INFO     commands.translator          zoomout rising edge -> ZoomOutCommand
07:26:54.677 [SerialProcessor ] INFO     commands.translator          widein rising edge -> FOVPlusCommand
07:26:54.677 [SerialProcessor ] INFO     commands.translator          wideout rising edge -> FOVMinusCommand
07:26:54.678 [SerialProcessor ] INFO     commands.translator          focus_in rising edge -> FocusPlusCommand
07:26:54.678 [SerialProcessor ] INFO     commands.translator          laser_on_off rising edge -> LaserPowerOnCommand
07:26:54.678 [SerialProcessor ] INFO     commands.translator          image_sensor_change rising edge -> ImageSensorChangeCommand
07:26:54.678 [SerialProcessor ] INFO     commands.translator          ir_polarity rising edge -> IRPolarityToggleCommand
07:26:54.678 [SerialProcessor ] INFO     commands.translator          ir_camera_dzoom_minus rising edge -> IRCameraDzoomMinusCommand
07:26:54.678 [SerialProcessor ] INFO     commands.translator          near_infrared_toggle rising edge -> NearInfraredToggleCommand
07:27:01.857 [SerialProcessor ] INFO     commands.translator          eo_image_on_off rising edge -> EOImageToggleCommand
07:27:01.857 [SerialProcessor ] INFO     commands.translator          video_ip rising edge -> VideoSourceToggleCommand
07:27:01.857 [SerialProcessor ] INFO     commands.translator          eo_dzoom_toggle rising edge -> EODzoomToggleCommand
07:27:02.667 [SerialProcessor ] INFO     commands.translator          take_picture rising edge -> TakePictureCommand
07:27:02.668 [SerialProcessor ] INFO     commands.translator          picture_record_mode_toggle rising edge -> PictureRecordModeToggleCommand
07:27:02.668 [SerialProcessor ] INFO     commands.translator          motor_on_off rising edge -> MotorToggleCommand
07:27:02.886 [SerialProcessor ] INFO     commands.translator          laser_zoom_in rising edge -> LaserZoomInCommand
07:27:25.939 [Thread-1 (_run) ] INFO     serial_controller.serial_handler Scanning for STM32 on COM ports...
07:27:25.939 [MainThread      ] INFO     __main__                     Controller started.
07:27:26.020 [Thread-1 (_run) ] INFO     serial_controller.serial_handler Found STM32 (DFRobot CH340, matched by description) on COM67 — 'USB-Enhanced-SERIAL-D CH344 (COM67)'
07:27:26.025 [Thread-1 (_run) ] INFO     serial_controller.serial_handler STM32 connected on COM67.
07:27:26.027 [SerialReader    ] INFO     serial_controller.serial_handler SerialReader: started.
07:27:26.028 [SerialProcessor ] INFO     serial_controller.serial_handler SerialProcessor: started.
07:27:26.053 [SerialProcessor ] INFO     commands.translator          zoomin rising edge -> ZoomInCommand
07:27:26.054 [SerialProcessor ] INFO     commands.translator          zoomout rising edge -> ZoomOutCommand
07:27:26.054 [SerialProcessor ] INFO     commands.translator          widein rising edge -> FOVPlusCommand
07:27:26.054 [SerialProcessor ] INFO     commands.translator          wideout rising edge -> FOVMinusCommand
07:27:26.055 [SerialProcessor ] INFO     commands.translator          focus_in rising edge -> FocusPlusCommand
07:27:26.055 [SerialProcessor ] INFO     commands.translator          laser_on_off rising edge -> LaserPowerOnCommand
07:27:26.055 [SerialProcessor ] INFO     commands.translator          laser_zoom_in rising edge -> LaserZoomInCommand
07:27:26.055 [SerialProcessor ] INFO     commands.translator          take_picture rising edge -> TakePictureCommand
07:27:26.055 [SerialProcessor ] INFO     commands.translator          picture_record_mode_toggle rising edge -> PictureRecordModeToggleCommand
07:27:26.056 [SerialProcessor ] INFO     commands.translator          image_sensor_change rising edge -> ImageSensorChangeCommand
07:27:26.056 [SerialProcessor ] INFO     commands.translator          ir_polarity rising edge -> IRPolarityToggleCommand
07:27:26.056 [SerialProcessor ] INFO     commands.translator          ir_camera_dzoom_minus rising edge -> IRCameraDzoomMinusCommand
07:27:26.056 [SerialProcessor ] INFO     commands.translator          near_infrared_toggle rising edge -> NearInfraredToggleCommand
07:27:26.056 [SerialProcessor ] INFO     commands.translator          eo_image_on_off rising edge -> EOImageToggleCommand
07:27:26.056 [SerialProcessor ] INFO     commands.translator          motor_on_off rising edge -> MotorToggleCommand
07:27:26.057 [SerialProcessor ] INFO     commands.translator          video_ip rising edge -> VideoSourceToggleCommand
07:27:26.057 [SerialProcessor ] INFO     commands.translator          eo_dzoom_toggle rising edge -> EODzoomToggleCommand
07:30:04.427 [Thread-1 (_run) ] INFO     serial_controller.serial_handler Scanning for STM32 on COM ports...
07:30:04.427 [MainThread      ] INFO     __main__                     Controller started.
07:30:04.510 [Thread-1 (_run) ] INFO     serial_controller.serial_handler Found STM32 (DFRobot CH340, matched by description) on COM67 — 'USB-Enhanced-SERIAL-D CH344 (COM67)'
07:30:04.516 [Thread-1 (_run) ] INFO     serial_controller.serial_handler STM32 connected on COM67.
07:30:04.517 [SerialReader    ] INFO     serial_controller.serial_handler SerialReader: started.
07:30:04.519 [SerialProcessor ] INFO     serial_controller.serial_handler SerialProcessor: started.
07:30:04.537 [SerialProcessor ] INFO     commands.translator          zoomin rising edge -> ZoomInCommand
07:30:04.538 [SerialProcessor ] INFO     commands.translator          zoomout rising edge -> ZoomOutCommand
07:30:04.538 [SerialProcessor ] INFO     commands.translator          widein rising edge -> FOVPlusCommand
07:30:04.538 [SerialProcessor ] INFO     commands.translator          wideout rising edge -> FOVMinusCommand
07:30:04.538 [SerialProcessor ] INFO     commands.translator          focus_in rising edge -> FocusPlusCommand
07:30:04.538 [SerialProcessor ] INFO     commands.translator          laser_on_off rising edge -> LaserPowerOnCommand
07:30:04.539 [SerialProcessor ] INFO     commands.translator          laser_zoom_in rising edge -> LaserZoomInCommand
07:30:04.539 [SerialProcessor ] INFO     commands.translator          take_picture rising edge -> TakePictureCommand
07:30:04.539 [SerialProcessor ] INFO     commands.translator          picture_record_mode_toggle rising edge -> PictureRecordModeToggleCommand
07:30:04.539 [SerialProcessor ] INFO     commands.translator          image_sensor_change rising edge -> ImageSensorChangeCommand
07:30:04.539 [SerialProcessor ] INFO     commands.translator          ir_polarity rising edge -> IRPolarityToggleCommand
07:30:04.540 [SerialProcessor ] INFO     commands.translator          ir_camera_dzoom_minus rising edge -> IRCameraDzoomMinusCommand
07:30:04.540 [SerialProcessor ] INFO     commands.translator          near_infrared_toggle rising edge -> NearInfraredToggleCommand
07:30:04.540 [SerialProcessor ] INFO     commands.translator          eo_image_on_off rising edge -> EOImageToggleCommand
07:30:04.540 [SerialProcessor ] INFO     commands.translator          motor_on_off rising edge -> MotorToggleCommand
07:30:04.540 [SerialProcessor ] INFO     commands.translator          video_ip rising edge -> VideoSourceToggleCommand
07:30:04.540 [SerialProcessor ] INFO     commands.translator          eo_dzoom_toggle rising edge -> EODzoomToggleCommand
07:32:09.891 [Thread-1 (_run) ] INFO     serial_controller.serial_handler Scanning for STM32 on COM ports...
07:32:09.892 [MainThread      ] INFO     __main__                     Controller started.
07:32:09.974 [Thread-1 (_run) ] INFO     serial_controller.serial_handler Found STM32 (DFRobot CH340, matched by description) on COM67 — 'USB-Enhanced-SERIAL-D CH344 (COM67)'
07:32:09.978 [Thread-1 (_run) ] INFO     serial_controller.serial_handler STM32 connected on COM67.
07:32:09.983 [SerialReader    ] INFO     serial_controller.serial_handler SerialReader: started.
07:32:09.986 [SerialProcessor ] INFO     serial_controller.serial_handler SerialProcessor: started.
07:32:09.998 [SerialProcessor ] INFO     commands.translator          focus_out rising edge -> FocusMinusCommand
07:32:21.436 [SerialProcessor ] INFO     commands.translator          laser_zoom_out rising edge -> LaserZoomOutCommand
07:32:24.316 [SerialProcessor ] INFO     commands.translator          ai_tracking_on_off rising edge -> AITrackingOnCommand
07:32:25.461 [SerialProcessor ] INFO     commands.translator          ir_camera_dzoom_plus rising edge -> IRCameraDzoomPlusCommand
07:34:14.125 [Thread-1 (_run) ] INFO     serial_controller.serial_handler Scanning for STM32 on COM ports...
07:34:14.126 [MainThread      ] INFO     API.panel_sync               PanelStateSync: started.
07:34:14.127 [MainThread      ] INFO     __main__                     Controller started.
07:34:14.209 [Thread-1 (_run) ] INFO     serial_controller.serial_handler Found STM32 (DFRobot CH340, matched by description) on COM67 — 'USB-Enhanced-SERIAL-D CH344 (COM67)'
07:34:14.213 [Thread-1 (_run) ] INFO     serial_controller.serial_handler STM32 connected on COM67.
07:34:14.224 [SerialReader    ] INFO     serial_controller.serial_handler SerialReader: started.
07:34:14.225 [SerialProcessor ] INFO     serial_controller.serial_handler SerialProcessor: started.
07:34:14.233 [SerialProcessor ] INFO     commands.translator          focus_out rising edge -> FocusMinusCommand
07:34:14.239 [SerialProcessor ] INFO     commands.translator          laser_zoom_out rising edge -> LaserZoomOutCommand
07:34:14.240 [SerialProcessor ] INFO     commands.translator          ai_tracking_on_off rising edge -> AITrackingOnCommand
07:34:14.241 [SerialProcessor ] INFO     commands.translator          ir_camera_dzoom_plus rising edge -> IRCameraDzoomPlusCommand
07:37:06.709 [Thread-1 (_run) ] INFO     serial_controller.serial_handler Scanning for STM32 on COM ports...
07:37:06.709 [MainThread      ] INFO     API.panel_sync               PanelStateSync: started.
07:37:06.710 [MainThread      ] INFO     __main__                     Controller started.
07:37:06.794 [Thread-1 (_run) ] INFO     serial_controller.serial_handler Found STM32 (DFRobot CH340, matched by description) on COM67 — 'USB-Enhanced-SERIAL-D CH344 (COM67)'
07:37:06.805 [Thread-1 (_run) ] INFO     serial_controller.serial_handler STM32 connected on COM67.
07:37:06.807 [SerialReader    ] INFO     serial_controller.serial_handler SerialReader: started.
07:37:06.810 [SerialProcessor ] INFO     serial_controller.serial_handler SerialProcessor: started.
07:37:06.828 [SerialProcessor ] INFO     commands.translator          widein rising edge -> FOVPlusCommand
07:37:15.727 [SerialProcessor ] INFO     commands.translator          focus_out rising edge -> FocusMinusCommand
07:37:15.933 [SerialProcessor ] INFO     commands.translator          focus_out falling edge -> FocusMinusFallCommand
07:37:20.796 [SerialProcessor ] INFO     commands.translator          focus_in rising edge -> FocusPlusCommand
07:37:21.027 [SerialProcessor ] INFO     commands.translator          focus_in falling edge -> FocusPlusFallCommand
07:37:25.118 [SerialProcessor ] INFO     commands.translator          focus_out rising edge -> FocusMinusCommand
07:37:26.764 [SerialProcessor ] INFO     commands.translator          focus_out falling edge -> FocusMinusFallCommand
07:37:27.433 [SerialProcessor ] INFO     commands.translator          focus_in rising edge -> FocusPlusCommand
07:37:27.986 [SerialProcessor ] INFO     commands.translator          focus_in falling edge -> FocusPlusFallCommand
07:37:43.717 [SerialProcessor ] INFO     commands.translator          wideout rising edge -> FOVMinusCommand
07:37:43.987 [SerialProcessor ] INFO     commands.translator          wideout falling edge -> FOVMinusFallCommand
07:40:35.759 [Thread-1 (_run) ] INFO     serial_controller.serial_handler Scanning for STM32 on COM ports...
07:40:35.760 [MainThread      ] INFO     API.panel_sync               PanelStateSync: started.
07:40:35.761 [MainThread      ] INFO     __main__                     Controller started.
07:40:35.844 [Thread-1 (_run) ] INFO     serial_controller.serial_handler Found STM32 (DFRobot CH340, matched by description) on COM67 — 'USB-Enhanced-SERIAL-D CH344 (COM67)'
07:40:35.849 [Thread-1 (_run) ] INFO     serial_controller.serial_handler STM32 connected on COM67.
07:40:35.853 [SerialReader    ] INFO     serial_controller.serial_handler SerialReader: started.
07:40:35.854 [SerialProcessor ] INFO     serial_controller.serial_handler SerialProcessor: started.
07:40:35.869 [SerialProcessor ] INFO     commands.translator          widein rising edge -> FOVPlusCommand
07:41:48.076 [Thread-1 (_run) ] INFO     serial_controller.serial_handler Scanning for STM32 on COM ports...
07:41:48.077 [MainThread      ] INFO     API.panel_sync               PanelStateSync: started.
07:41:48.077 [MainThread      ] INFO     __main__                     Controller started.
07:41:48.161 [Thread-1 (_run) ] INFO     serial_controller.serial_handler Found STM32 (DFRobot CH340, matched by description) on COM67 — 'USB-Enhanced-SERIAL-D CH344 (COM67)'
07:41:48.167 [Thread-1 (_run) ] INFO     serial_controller.serial_handler STM32 connected on COM67.
07:41:48.168 [SerialReader    ] INFO     serial_controller.serial_handler SerialReader: started.
07:41:48.169 [SerialProcessor ] INFO     serial_controller.serial_handler SerialProcessor: started.
07:41:53.122 [SerialProcessor ] INFO     commands.translator          wideout rising edge -> FOVMinusCommand
07:41:53.289 [SerialProcessor ] INFO     commands.translator          wideout falling edge -> FOVMinusFallCommand
07:41:54.228 [SerialProcessor ] INFO     commands.translator          widein rising edge -> FOVPlusCommand
07:41:54.382 [SerialProcessor ] INFO     commands.translator          widein falling edge -> FOVPlusFallCommand
07:41:55.618 [SerialProcessor ] INFO     commands.translator          wideout rising edge -> FOVMinusCommand
07:41:55.784 [SerialProcessor ] INFO     commands.translator          wideout falling edge -> FOVMinusFallCommand
07:41:56.235 [SerialProcessor ] INFO     commands.translator          widein rising edge -> FOVPlusCommand
07:41:56.402 [SerialProcessor ] INFO     commands.translator          widein falling edge -> FOVPlusFallCommand
07:41:57.934 [SerialProcessor ] INFO     commands.translator          widein rising edge -> FOVPlusCommand
07:41:58.114 [SerialProcessor ] INFO     commands.translator          widein falling edge -> FOVPlusFallCommand
07:41:58.461 [SerialProcessor ] INFO     commands.translator          wideout rising edge -> FOVMinusCommand
07:41:58.589 [SerialProcessor ] INFO     commands.translator          wideout falling edge -> FOVMinusFallCommand
07:43:15.051 [Thread-1 (_run) ] INFO     serial_controller.serial_handler Scanning for STM32 on COM ports...
07:43:15.052 [MainThread      ] INFO     API.panel_sync               PanelStateSync: started.
07:43:15.053 [MainThread      ] INFO     __main__                     Controller started.
07:43:15.136 [Thread-1 (_run) ] INFO     serial_controller.serial_handler Found STM32 (DFRobot CH340, matched by description) on COM67 — 'USB-Enhanced-SERIAL-D CH344 (COM67)'
07:43:15.142 [Thread-1 (_run) ] INFO     serial_controller.serial_handler STM32 connected on COM67.
07:43:15.144 [SerialReader    ] INFO     serial_controller.serial_handler SerialReader: started.
07:43:15.145 [SerialProcessor ] INFO     serial_controller.serial_handler SerialProcessor: started.
07:43:18.119 [SerialProcessor ] INFO     commands.translator          widein rising edge -> FOVPlusCommand
07:43:20.422 [SerialProcessor ] INFO     commands.translator          widein falling edge -> FOVPlusFallCommand
07:43:21.001 [SerialProcessor ] INFO     commands.translator          wideout rising edge -> FOVMinusCommand
07:43:21.528 [SerialProcessor ] INFO     commands.translator          wideout falling edge -> FOVMinusFallCommand
07:49:50.962 [Thread-1 (_run) ] INFO     serial_controller.serial_handler Scanning for STM32 on COM ports...
07:49:50.962 [MainThread      ] INFO     API.panel_sync               PanelStateSync: started.
07:49:50.963 [MainThread      ] INFO     __main__                     Controller started.
07:49:51.050 [Thread-1 (_run) ] INFO     serial_controller.serial_handler Found STM32 (DFRobot CH340, matched by description) on COM67 — 'USB-Enhanced-SERIAL-D CH344 (COM67)'
07:49:51.055 [Thread-1 (_run) ] INFO     serial_controller.serial_handler STM32 connected on COM67.
07:49:51.060 [SerialReader    ] INFO     serial_controller.serial_handler SerialReader: started.
07:49:51.065 [SerialProcessor ] INFO     serial_controller.serial_handler SerialProcessor: started.
07:49:55.871 [SerialProcessor ] INFO     commands.translator          zoomin rising edge -> ZoomInCommand
07:49:57.029 [SerialProcessor ] INFO     commands.translator          zoomin falling edge -> ZoomInFallCommand
07:49:57.492 [SerialProcessor ] INFO     commands.translator          zoomout rising edge -> ZoomOutCommand
07:49:58.161 [SerialProcessor ] INFO     commands.translator          zoomout falling edge -> ZoomOutFallCommand
07:49:58.676 [SerialProcessor ] INFO     commands.translator          widein rising edge -> FOVPlusCommand
07:49:59.577 [SerialProcessor ] INFO     commands.translator          widein falling edge -> FOVPlusFallCommand
07:49:59.911 [SerialProcessor ] INFO     commands.translator          wideout rising edge -> FOVMinusCommand
07:50:00.632 [SerialProcessor ] INFO     commands.translator          wideout falling edge -> FOVMinusFallCommand
07:50:01.082 [SerialProcessor ] INFO     commands.translator          focus_in rising edge -> FocusPlusCommand
07:50:01.585 [SerialProcessor ] INFO     commands.translator          focus_in falling edge -> FocusPlusFallCommand
07:50:01.907 [SerialProcessor ] INFO     commands.translator          focus_out rising edge -> FocusMinusCommand
07:50:02.370 [SerialProcessor ] INFO     commands.translator          focus_out falling edge -> FocusMinusFallCommand
07:54:29.615 [Thread-1 (_run) ] INFO     serial_controller.serial_handler Scanning for STM32 on COM ports...
07:54:29.616 [MainThread      ] INFO     API.panel_sync               PanelStateSync: started.
07:54:29.616 [MainThread      ] INFO     __main__                     Controller started.
07:54:29.698 [Thread-1 (_run) ] INFO     serial_controller.serial_handler Found STM32 (DFRobot CH340, matched by description) on COM67 — 'USB-Enhanced-SERIAL-D CH344 (COM67)'
07:54:29.705 [Thread-1 (_run) ] INFO     serial_controller.serial_handler STM32 connected on COM67.
07:54:29.705 [SerialReader    ] INFO     serial_controller.serial_handler SerialReader: started.
07:54:29.706 [SerialProcessor ] INFO     serial_controller.serial_handler SerialProcessor: started.
08:05:24.271 [Thread-1 (_run) ] INFO     serial_controller.serial_handler Scanning for STM32 on COM ports...
08:05:24.271 [MainThread      ] INFO     API.panel_sync               PanelStateSync: started.
08:05:24.272 [MainThread      ] INFO     __main__                     Controller started.
08:05:24.320 [Thread-1 (_run) ] INFO     serial_controller.serial_handler Found STM32 (DFRobot CH340, matched by description) on COM67 — 'USB-Enhanced-SERIAL-D CH344 (COM67)'
08:05:24.365 [Thread-1 (_run) ] INFO     serial_controller.serial_handler STM32 connected on COM67.
08:05:24.371 [SerialReader    ] INFO     serial_controller.serial_handler SerialReader: started.
08:05:24.372 [SerialProcessor ] INFO     serial_controller.serial_handler SerialProcessor: started.
08:47:58.119 [Thread-1 (_run) ] INFO     serial_controller.serial_handler Scanning for STM32 on COM ports...
08:47:58.120 [MainThread      ] INFO     API.panel_sync               PanelStateSync: started.
08:47:58.121 [MainThread      ] INFO     __main__                     Controller started.
08:47:58.167 [Thread-1 (_run) ] INFO     serial_controller.serial_handler Found STM32 (DFRobot CH340, matched by description) on COM67 — 'USB-Enhanced-SERIAL-D CH344 (COM67)'
08:47:58.169 [Thread-1 (_run) ] INFO     serial_controller.serial_handler STM32 connected on COM67.
08:47:58.170 [SerialReader    ] INFO     serial_controller.serial_handler SerialReader: started.
08:47:58.170 [SerialProcessor ] INFO     serial_controller.serial_handler SerialProcessor: started.
08:48:06.335 [SerialProcessor ] INFO     commands.translator          zoomin rising edge -> ZoomInCommand
08:48:07.428 [SerialProcessor ] INFO     commands.translator          zoomin falling edge -> ZoomInFallCommand
08:48:07.828 [SerialProcessor ] INFO     commands.translator          zoomout rising edge -> ZoomOutCommand
08:48:08.354 [SerialProcessor ] INFO     commands.translator          zoomout falling edge -> ZoomOutFallCommand
08:48:08.972 [SerialProcessor ] INFO     commands.translator          widein rising edge -> FOVPlusCommand
08:48:09.512 [SerialProcessor ] INFO     commands.translator          widein falling edge -> FOVPlusFallCommand
08:48:09.885 [SerialProcessor ] INFO     commands.translator          wideout rising edge -> FOVMinusCommand
08:48:10.451 [SerialProcessor ] INFO     commands.translator          wideout falling edge -> FOVMinusFallCommand
08:48:10.773 [SerialProcessor ] INFO     commands.translator          focus_in rising edge -> FocusPlusCommand
08:48:11.275 [SerialProcessor ] INFO     commands.translator          focus_in falling edge -> FocusPlusFallCommand
08:48:11.532 [SerialProcessor ] INFO     commands.translator          focus_out rising edge -> FocusMinusCommand
08:48:11.738 [SerialProcessor ] INFO     commands.translator          focus_out falling edge -> FocusMinusFallCommand
08:48:16.473 [SerialProcessor ] INFO     commands.translator          image_sensor_change rising edge -> ImageSensorChangeCommand
08:48:17.181 [SerialProcessor ] INFO     commands.translator          image_sensor_change rising edge -> ImageSensorChangeCommand
08:48:21.275 [SerialProcessor ] INFO     commands.translator          near_infrared_toggle rising edge -> NearInfraredToggleCommand
08:48:22.047 [SerialProcessor ] INFO     commands.translator          ir_polarity rising edge -> IRPolarityToggleCommand
08:48:23.129 [SerialProcessor ] INFO     commands.translator          ir_polarity rising edge -> IRPolarityToggleCommand
08:48:24.094 [SerialProcessor ] INFO     commands.translator          ir_polarity rising edge -> IRPolarityToggleCommand
08:48:24.519 [SerialProcessor ] INFO     commands.translator          ir_polarity rising edge -> IRPolarityToggleCommand
08:48:25.420 [SerialProcessor ] INFO     commands.translator          ir_camera_dzoom_minus rising edge -> IRCameraDzoomMinusCommand
08:48:25.806 [SerialProcessor ] INFO     commands.translator          ir_camera_dzoom_minus falling edge -> IRCameraDzoomMinusFallCommand
08:48:26.064 [SerialProcessor ] INFO     commands.translator          ir_camera_dzoom_plus rising edge -> IRCameraDzoomPlusCommand
08:48:26.283 [SerialProcessor ] INFO     commands.translator          ir_camera_dzoom_plus falling edge -> IRCameraDzoomPlusFallCommand
08:48:26.540 [SerialProcessor ] INFO     commands.translator          ir_camera_dzoom_plus rising edge -> IRCameraDzoomPlusCommand
08:48:26.836 [SerialProcessor ] INFO     commands.translator          ir_camera_dzoom_plus falling edge -> IRCameraDzoomPlusFallCommand
08:48:27.274 [SerialProcessor ] INFO     commands.translator          ir_camera_dzoom_plus rising edge -> IRCameraDzoomPlusCommand
08:48:28.162 [SerialProcessor ] INFO     commands.translator          ir_camera_dzoom_plus falling edge -> IRCameraDzoomPlusFallCommand
08:48:30.660 [SerialProcessor ] INFO     commands.translator          ir_camera_dzoom_plus rising edge -> IRCameraDzoomPlusCommand
08:48:31.728 [SerialProcessor ] INFO     commands.translator          ir_camera_dzoom_plus falling edge -> IRCameraDzoomPlusFallCommand
08:48:33.582 [SerialProcessor ] INFO     commands.translator          ir_polarity rising edge -> IRPolarityToggleCommand
08:48:34.161 [SerialProcessor ] INFO     commands.translator          ir_polarity rising edge -> IRPolarityToggleCommand
08:48:34.509 [SerialProcessor ] INFO     commands.translator          ir_polarity rising edge -> IRPolarityToggleCommand
08:48:34.728 [SerialProcessor ] INFO     commands.translator          ir_polarity rising edge -> IRPolarityToggleCommand
08:48:35.075 [SerialProcessor ] INFO     commands.translator          ir_polarity rising edge -> IRPolarityToggleCommand
08:48:36.015 [SerialProcessor ] INFO     commands.translator          ir_polarity rising edge -> IRPolarityToggleCommand
08:48:36.542 [SerialProcessor ] INFO     commands.translator          ir_polarity rising edge -> IRPolarityToggleCommand
08:48:37.160 [SerialProcessor ] INFO     commands.translator          ir_camera_dzoom_minus rising edge -> IRCameraDzoomMinusCommand
08:48:37.289 [SerialProcessor ] INFO     commands.translator          ir_camera_dzoom_minus falling edge -> IRCameraDzoomMinusFallCommand
08:48:37.752 [SerialProcessor ] INFO     commands.translator          ir_camera_dzoom_plus rising edge -> IRCameraDzoomPlusCommand
08:48:37.907 [SerialProcessor ] INFO     commands.translator          ir_camera_dzoom_plus falling edge -> IRCameraDzoomPlusFallCommand
08:48:40.906 [SerialProcessor ] INFO     commands.translator          tracking_source_toggle rising edge -> TrackingSourceToggleCommand
08:48:44.021 [SerialProcessor ] INFO     commands.translator          joystick_track rising edge -> JoystickTrackModeOnCommand
08:48:45.604 [SerialProcessor ] INFO     commands.translator          joystick_track falling edge -> JoystickTrackModeOffCommand
08:48:46.260 [SerialProcessor ] INFO     commands.translator          tracking_template_toggle rising edge -> TrackingTemplateToggleCommand
08:48:46.583 [SerialProcessor ] INFO     commands.translator          tracking_search_on_off rising edge -> TrackingStartCommand
08:48:46.648 [SerialReader    ] INFO     serial_controller.serial_handler SerialReader: connection lost!
08:48:46.649 [SerialReader    ] INFO     serial_controller.serial_handler STM32 disconnected.
08:48:46.650 [SerialReader    ] INFO     serial_controller.serial_handler SerialReader: stopped.
08:48:46.714 [SerialProcessor ] INFO     serial_controller.serial_handler SerialProcessor: stopped.
08:48:52.146 [Watchdog        ] ERROR    state.watchdog               WATCHDOG: serial thread appears frozen!
08:51:29.715 [Thread-1 (_run) ] INFO     serial_controller.serial_handler Scanning for STM32 on COM ports...
08:51:29.716 [MainThread      ] INFO     API.panel_sync               PanelStateSync: started.
08:51:29.716 [MainThread      ] INFO     __main__                     Controller started.
08:51:29.752 [Thread-1 (_run) ] INFO     serial_controller.serial_handler Found STM32 (DFRobot CH340, matched by description) on COM67 — 'USB-Enhanced-SERIAL-D CH344 (COM67)'
08:51:29.763 [Thread-1 (_run) ] INFO     serial_controller.serial_handler STM32 connected on COM67.
08:51:29.764 [SerialReader    ] INFO     serial_controller.serial_handler SerialReader: started.
08:51:29.764 [SerialProcessor ] INFO     serial_controller.serial_handler SerialProcessor: started.
08:52:47.166 [SerialProcessor ] INFO     commands.translator          image_sensor_change rising edge -> ImageSensorChangeCommand
08:53:41.068 [SerialProcessor ] INFO     commands.translator          near_infrared_toggle rising edge -> NearInfraredToggleCommand
08:53:44.848 [SerialProcessor ] INFO     commands.translator          ir_camera_dzoom_minus rising edge -> IRCameraDzoomMinusCommand
08:53:45.144 [SerialProcessor ] INFO     commands.translator          ir_camera_dzoom_minus falling edge -> IRCameraDzoomMinusFallCommand
08:53:45.671 [SerialProcessor ] INFO     commands.translator          ir_camera_dzoom_plus rising edge -> IRCameraDzoomPlusCommand
08:53:46.030 [SerialProcessor ] INFO     commands.translator          ir_camera_dzoom_plus falling edge -> IRCameraDzoomPlusFallCommand
08:53:46.700 [SerialProcessor ] INFO     commands.translator          ir_camera_dzoom_plus rising edge -> IRCameraDzoomPlusCommand
08:53:47.136 [SerialProcessor ] INFO     commands.translator          ir_camera_dzoom_plus falling edge -> IRCameraDzoomPlusFallCommand
08:53:48.371 [SerialProcessor ] INFO     commands.translator          ir_camera_dzoom_minus rising edge -> IRCameraDzoomMinusCommand
08:53:48.667 [SerialProcessor ] INFO     commands.translator          ir_camera_dzoom_minus falling edge -> IRCameraDzoomMinusFallCommand
08:53:49.001 [SerialProcessor ] INFO     commands.translator          ir_camera_dzoom_plus rising edge -> IRCameraDzoomPlusCommand
08:53:51.547 [SerialProcessor ] INFO     commands.translator          ir_camera_dzoom_plus falling edge -> IRCameraDzoomPlusFallCommand
08:53:51.997 [SerialProcessor ] INFO     commands.translator          ir_camera_dzoom_minus rising edge -> IRCameraDzoomMinusCommand
08:53:52.345 [SerialProcessor ] INFO     commands.translator          ir_camera_dzoom_minus falling edge -> IRCameraDzoomMinusFallCommand
08:53:52.666 [SerialProcessor ] INFO     commands.translator          ir_camera_dzoom_plus rising edge -> IRCameraDzoomPlusCommand
08:53:53.052 [SerialProcessor ] INFO     commands.translator          ir_camera_dzoom_plus falling edge -> IRCameraDzoomPlusFallCommand
08:53:53.926 [SerialProcessor ] INFO     commands.translator          ir_camera_dzoom_minus rising edge -> IRCameraDzoomMinusCommand
08:53:54.196 [SerialProcessor ] INFO     commands.translator          ir_camera_dzoom_minus falling edge -> IRCameraDzoomMinusFallCommand
08:53:54.608 [SerialProcessor ] INFO     commands.translator          ir_camera_dzoom_plus rising edge -> IRCameraDzoomPlusCommand
08:53:55.495 [SerialProcessor ] INFO     commands.translator          ir_camera_dzoom_plus falling edge -> IRCameraDzoomPlusFallCommand
08:53:55.996 [SerialProcessor ] INFO     commands.translator          near_infrared_toggle rising edge -> NearInfraredToggleCommand
08:54:01.011 [SerialProcessor ] INFO     commands.translator          near_infrared_toggle rising edge -> NearInfraredToggleCommand
08:54:03.068 [SerialProcessor ] INFO     commands.translator          near_infrared_toggle rising edge -> NearInfraredToggleCommand
08:54:05.721 [SerialProcessor ] INFO     commands.translator          ir_polarity rising edge -> IRPolarityToggleCommand
08:54:08.530 [SerialProcessor ] INFO     commands.translator          ir_polarity rising edge -> IRPolarityToggleCommand
08:54:10.947 [SerialProcessor ] INFO     commands.translator          ir_polarity rising edge -> IRPolarityToggleCommand
08:54:15.526 [SerialProcessor ] INFO     commands.translator          near_infrared_toggle rising edge -> NearInfraredToggleCommand
08:54:16.409 [SerialProcessor ] INFO     commands.translator          ir_camera_dzoom_minus rising edge -> IRCameraDzoomMinusCommand
08:54:16.615 [SerialProcessor ] INFO     commands.translator          ir_camera_dzoom_minus falling edge -> IRCameraDzoomMinusFallCommand
08:54:17.874 [SerialProcessor ] INFO     commands.translator          ir_camera_dzoom_plus rising edge -> IRCameraDzoomPlusCommand
08:54:18.080 [SerialProcessor ] INFO     commands.translator          ir_camera_dzoom_plus falling edge -> IRCameraDzoomPlusFallCommand
08:54:18.992 [SerialProcessor ] INFO     commands.translator          ir_polarity rising edge -> IRPolarityToggleCommand
08:56:13.033 [SerialProcessor ] INFO     commands.translator          laser_on_off rising edge -> LaserPowerOnCommand
08:56:14.833 [SerialProcessor ] INFO     commands.translator          laser_on_off falling edge -> LaserPowerOffCommand
08:56:15.682 [SerialProcessor ] INFO     commands.translator          laser_on_off rising edge -> LaserPowerOnCommand
08:56:16.415 [SerialProcessor ] INFO     commands.translator          laser_on_off falling edge -> LaserPowerOffCommand
08:56:17.791 [SerialProcessor ] INFO     commands.translator          laser_on_off rising edge -> LaserPowerOnCommand
08:56:18.382 [SerialProcessor ] INFO     commands.translator          laser_on_off falling edge -> LaserPowerOffCommand
08:56:27.382 [SerialProcessor ] INFO     commands.translator          tracking_template_toggle rising edge -> TrackingTemplateToggleCommand
08:56:28.706 [SerialProcessor ] INFO     commands.translator          tracking_template_toggle rising edge -> TrackingTemplateToggleCommand
08:56:30.249 [SerialProcessor ] INFO     commands.translator          tracking_template_toggle rising edge -> TrackingTemplateToggleCommand
08:56:31.753 [SerialProcessor ] INFO     commands.translator          tracking_template_toggle rising edge -> TrackingTemplateToggleCommand
08:56:34.543 [SerialProcessor ] INFO     commands.translator          tracking_template_toggle rising edge -> TrackingTemplateToggleCommand
08:56:38.451 [SerialProcessor ] INFO     commands.translator          tracking_template_toggle rising edge -> TrackingTemplateToggleCommand
08:57:07.084 [SerialProcessor ] INFO     commands.translator          tracking_source_toggle rising edge -> TrackingSourceToggleCommand
08:57:09.218 [SerialProcessor ] INFO     commands.translator          ai_tracking_on_off rising edge -> AITrackingOnCommand
08:57:11.249 [SerialProcessor ] INFO     commands.translator          tracking_search_on_off rising edge -> TrackingStartCommand
08:57:12.278 [SerialProcessor ] INFO     commands.translator          tracking_search_on_off falling edge -> TrackingStopCommand
08:57:13.126 [SerialProcessor ] INFO     commands.translator          tracking_search_on_off rising edge -> TrackingStartCommand
08:57:16.071 [SerialProcessor ] INFO     commands.translator          tracking_search_on_off falling edge -> TrackingStopCommand
08:58:08.197 [SerialProcessor ] INFO     commands.translator          tracking_search_on_off rising edge -> TrackingStartCommand
08:58:09.483 [SerialProcessor ] INFO     commands.translator          tracking_search_on_off falling edge -> TrackingStopCommand
08:58:09.959 [SerialProcessor ] INFO     commands.translator          tracking_search_on_off rising edge -> TrackingStartCommand
08:58:10.549 [SerialProcessor ] INFO     commands.translator          tracking_search_on_off falling edge -> TrackingStopCommand
08:58:11.899 [SerialProcessor ] INFO     commands.translator          tracking_search_on_off rising edge -> TrackingStartCommand
08:58:12.580 [SerialProcessor ] INFO     commands.translator          tracking_search_on_off falling edge -> TrackingStopCommand
08:58:13.518 [SerialProcessor ] INFO     commands.translator          tracking_search_on_off rising edge -> TrackingStartCommand
08:58:14.251 [SerialProcessor ] INFO     commands.translator          tracking_search_on_off falling edge -> TrackingStopCommand
08:58:14.945 [SerialProcessor ] INFO     commands.translator          tracking_source_toggle rising edge -> TrackingSourceToggleCommand
08:58:16.693 [SerialProcessor ] INFO     commands.translator          tracking_source_toggle rising edge -> TrackingSourceToggleCommand
08:58:19.648 [SerialProcessor ] INFO     commands.translator          tracking_source_toggle rising edge -> TrackingSourceToggleCommand
09:07:08.164 [SerialProcessor ] INFO     commands.translator          ai_tracking_on_off falling edge -> AITrackingOffCommand
09:16:05.888 [Thread-1 (_run) ] INFO     serial_controller.serial_handler Scanning for STM32 on COM ports...
09:16:05.888 [MainThread      ] INFO     API.panel_sync               PanelStateSync: started.
09:16:05.889 [MainThread      ] INFO     __main__                     Controller started.
09:16:05.937 [Thread-1 (_run) ] INFO     serial_controller.serial_handler Found STM32 (DFRobot CH340, matched by description) on COM67 — 'USB-Enhanced-SERIAL-D CH344 (COM67)'
09:16:05.938 [Thread-1 (_run) ] INFO     serial_controller.serial_handler STM32 connected on COM67.
09:16:05.939 [SerialReader    ] INFO     serial_controller.serial_handler SerialReader: started.
09:16:05.940 [SerialProcessor ] INFO     serial_controller.serial_handler SerialProcessor: started.
09:30:32.428 [Thread-1 (_run) ] INFO     serial_controller.serial_handler Scanning for STM32 on COM ports...
09:30:32.429 [MainThread      ] INFO     API.panel_sync               PanelStateSync: started.
09:30:32.430 [MainThread      ] INFO     __main__                     Controller started.
09:30:32.474 [Thread-1 (_run) ] INFO     serial_controller.serial_handler Found STM32 (DFRobot CH340, matched by description) on COM67 — 'USB-Enhanced-SERIAL-D CH344 (COM67)'
09:30:32.518 [Thread-1 (_run) ] INFO     serial_controller.serial_handler STM32 connected on COM67.
09:30:32.521 [SerialReader    ] INFO     serial_controller.serial_handler SerialReader: started.
09:30:32.522 [SerialProcessor ] INFO     serial_controller.serial_handler SerialProcessor: started.
09:30:32.539 [SerialProcessor ] INFO     commands.translator          stop_record rising edge -> StopRecordCommand
09:30:35.919 [SerialProcessor ] INFO     commands.translator          zoomin rising edge -> ZoomInCommand
09:30:36.111 [SerialProcessor ] INFO     commands.translator          zoomin falling edge -> ZoomInFallCommand
09:30:36.818 [SerialProcessor ] INFO     commands.translator          zoomout rising edge -> ZoomOutCommand
09:30:37.037 [SerialProcessor ] INFO     commands.translator          zoomout falling edge -> ZoomOutFallCommand
09:30:37.435 [SerialProcessor ] INFO     commands.translator          widein rising edge -> FOVPlusCommand
09:30:37.679 [SerialProcessor ] INFO     commands.translator          widein falling edge -> FOVPlusFallCommand
09:30:38.002 [SerialProcessor ] INFO     commands.translator          wideout rising edge -> FOVMinusCommand
09:30:38.231 [SerialProcessor ] INFO     commands.translator          wideout falling edge -> FOVMinusFallCommand
09:30:39.234 [SerialProcessor ] INFO     commands.translator          focus_in rising edge -> FocusPlusCommand
09:30:39.401 [SerialProcessor ] INFO     commands.translator          focus_in falling edge -> FocusPlusFallCommand
09:30:39.696 [SerialProcessor ] INFO     commands.translator          focus_out rising edge -> FocusMinusCommand
09:30:39.850 [SerialProcessor ] INFO     commands.translator          focus_out falling edge -> FocusMinusFallCommand
09:30:43.923 [SerialProcessor ] INFO     commands.translator          video_ip rising edge -> VideoSourceToggleCommand
09:30:56.502 [SerialProcessor ] INFO     commands.translator          tracking_source_toggle rising edge -> TrackingSourceToggleCommand
09:31:14.902 [Thread-1 (_run) ] INFO     serial_controller.serial_handler Scanning for STM32 on COM ports...
09:31:14.902 [MainThread      ] INFO     API.panel_sync               PanelStateSync: started.
09:31:14.903 [MainThread      ] INFO     __main__                     Controller started.
09:31:14.978 [Thread-1 (_run) ] INFO     serial_controller.serial_handler Found STM32 (DFRobot CH340, matched by description) on COM67 — 'USB-Enhanced-SERIAL-D CH344 (COM67)'
09:31:14.990 [Thread-1 (_run) ] INFO     serial_controller.serial_handler STM32 connected on COM67.
09:31:14.998 [SerialReader    ] INFO     serial_controller.serial_handler SerialReader: started.
09:31:14.999 [SerialProcessor ] INFO     serial_controller.serial_handler SerialProcessor: started.
09:31:16.753 [SerialProcessor ] INFO     commands.translator          zoomin rising edge -> ZoomInCommand
09:31:16.932 [SerialProcessor ] INFO     commands.translator          zoomin falling edge -> ZoomInFallCommand
09:31:17.395 [SerialProcessor ] INFO     commands.translator          zoomout rising edge -> ZoomOutCommand
09:31:17.511 [SerialProcessor ] INFO     commands.translator          zoomout falling edge -> ZoomOutFallCommand
09:31:17.832 [SerialProcessor ] INFO     commands.translator          widein rising edge -> FOVPlusCommand
09:31:18.012 [SerialProcessor ] INFO     commands.translator          widein falling edge -> FOVPlusFallCommand
09:31:18.256 [SerialProcessor ] INFO     commands.translator          wideout rising edge -> FOVMinusCommand
09:31:18.398 [SerialProcessor ] INFO     commands.translator          wideout falling edge -> FOVMinusFallCommand
09:31:18.719 [SerialProcessor ] INFO     commands.translator          focus_in rising edge -> FocusPlusCommand
09:31:18.873 [SerialProcessor ] INFO     commands.translator          focus_in falling edge -> FocusPlusFallCommand
09:31:19.066 [SerialProcessor ] INFO     commands.translator          focus_out rising edge -> FocusMinusCommand
09:31:19.220 [SerialProcessor ] INFO     commands.translator          focus_out falling edge -> FocusMinusFallCommand
09:31:22.805 [SerialProcessor ] INFO     commands.translator          video_ip rising edge -> VideoSourceToggleCommand
09:31:25.747 [SerialProcessor ] INFO     commands.translator          eo_image_on_off rising edge -> EOImageToggleCommand
09:31:28.355 [SerialProcessor ] INFO     commands.translator          eo_dzoom_toggle rising edge -> EODzoomToggleCommand
18:06:52.973 [Thread-1 (_run) ] INFO     serial_controller.serial_handler Scanning for STM32 on COM ports...
18:06:52.974 [Thread-2 (_run) ] INFO     mavlink.mavlink_worker         [command-sender] connecting to udpin:0.0.0.0:14551...
18:06:52.975 [MainThread      ] INFO     API.panel_sync               PanelStateSync: started.
18:06:52.976 [Thread-2 (_run) ] INFO     mavlink.mavlink_worker         [command-sender] connected on udpin:0.0.0.0:14551.
18:06:52.976 [MainThread      ] INFO     __main__                     Controller started.
18:06:52.977 [Thread-2 (_run) ] INFO     mavlink.mavlink_worker       UAVCommandSender waiting for heartbeat...
18:06:53.086 [Thread-1 (_run) ] INFO     serial_controller.serial_handler No STM32 device found on any COM port.
18:07:03.062 [Thread-2 (_run) ] WARNING  mavlink.mavlink_worker       UAVCommandSender: no heartbeat within 10s — closing and retrying.
18:54:00.071 [Thread-1 (_run) ] INFO     serial_controller.serial_handler Scanning for STM32 on COM ports...
18:54:00.072 [MainThread      ] INFO     API.panel_sync               PanelStateSync: started.
18:54:00.073 [MainThread      ] INFO     __main__                     Controller started.
18:54:00.104 [Thread-1 (_run) ] INFO     serial_controller.serial_handler No STM32 device found on any COM port.
18:54:08.023 [Thread-1 (_run) ] INFO     serial_controller.serial_handler Scanning for STM32 on COM ports...
18:54:08.024 [Thread-2 (_run) ] INFO     mavlink.mavlink_worker         [command-sender] connecting to udpin:0.0.0.0:14551...
18:54:08.025 [MainThread      ] INFO     API.panel_sync               PanelStateSync: started.
18:54:08.025 [MainThread      ] INFO     __main__                     Controller started.
18:54:08.053 [Thread-2 (_run) ] INFO     mavlink.mavlink_worker         [command-sender] connected on udpin:0.0.0.0:14551.
18:54:08.055 [Thread-2 (_run) ] INFO     mavlink.mavlink_worker       UAVCommandSender waiting for heartbeat...
18:54:08.057 [Thread-1 (_run) ] INFO     serial_controller.serial_handler No STM32 device found on any COM port.
18:54:56.348 [Thread-1 (_run) ] INFO     serial_controller.serial_handler Scanning for STM32 on COM ports...
18:54:56.349 [Thread-2 (_run) ] INFO     mavlink.mavlink_worker         [command-sender] connecting to udpin:0.0.0.0:14551...
18:54:56.349 [MainThread      ] INFO     API.panel_sync               PanelStateSync: started.
18:54:56.350 [MainThread      ] INFO     __main__                     Controller started.
18:54:56.380 [Thread-2 (_run) ] INFO     mavlink.mavlink_worker         [command-sender] connected on udpin:0.0.0.0:14551.
18:54:56.381 [Thread-2 (_run) ] INFO     mavlink.mavlink_worker       UAVCommandSender waiting for heartbeat...
18:54:56.383 [Thread-1 (_run) ] INFO     serial_controller.serial_handler No STM32 device found on any COM port.
18:55:21.298 [Thread-1 (_run) ] INFO     serial_controller.serial_handler Scanning for STM32 on COM ports...
18:55:21.298 [Thread-2 (_run) ] INFO     mavlink.mavlink_worker         [command-sender] connecting to udpin:0.0.0.0:14551...
18:55:21.299 [MainThread      ] INFO     API.panel_sync               PanelStateSync: started.
18:55:21.300 [MainThread      ] INFO     __main__                     Controller started.
18:55:21.329 [Thread-2 (_run) ] INFO     mavlink.mavlink_worker         [command-sender] connected on udpin:0.0.0.0:14551.
18:55:21.330 [Thread-2 (_run) ] INFO     mavlink.mavlink_worker       UAVCommandSender waiting for heartbeat...
18:55:21.331 [Thread-1 (_run) ] INFO     serial_controller.serial_handler No STM32 device found on any COM port.
18:55:31.344 [Thread-2 (_run) ] WARNING  mavlink.mavlink_worker       UAVCommandSender: no heartbeat within 10s — closing and retrying.
18:59:55.829 [Thread-1 (_run) ] INFO     serial_controller.serial_handler Scanning for STM32 on COM ports...
18:59:55.830 [MainThread      ] INFO     API.panel_sync               PanelStateSync: started.
18:59:55.831 [MainThread      ] INFO     __main__                     Controller started.
18:59:55.866 [Thread-1 (_run) ] INFO     serial_controller.serial_handler No STM32 device found on any COM port.
19:00:15.989 [Thread-1 (_run) ] INFO     serial_controller.serial_handler Scanning for STM32 on COM ports...
19:00:15.989 [Thread-2 (_run) ] INFO     mavlink.mavlink_worker         [command-sender] connecting to udpin:0.0.0.0:14551...
19:00:15.990 [MainThread      ] INFO     API.panel_sync               PanelStateSync: started.
19:00:15.991 [MainThread      ] INFO     __main__                     Controller started.
19:00:16.018 [Thread-2 (_run) ] INFO     mavlink.mavlink_worker         [command-sender] connected on udpin:0.0.0.0:14551.
19:00:16.019 [Thread-2 (_run) ] INFO     mavlink.mavlink_worker       UAVCommandSender waiting for heartbeat...
19:00:16.021 [Thread-1 (_run) ] INFO     serial_controller.serial_handler No STM32 device found on any COM port.
19:00:26.026 [Thread-2 (_run) ] WARNING  mavlink.mavlink_worker       UAVCommandSender: no heartbeat within 10s — closing and retrying.
19:00:26.027 [Thread-2 (_run) ] WARNING  mavlink.mavlink_worker       No heartbeat, retrying in 10 seconds...
19:06:24.015 [Thread-1 (_run) ] INFO     serial_controller.serial_handler Scanning for STM32 on COM ports...
19:06:24.016 [Thread-2 (_run) ] INFO     mavlink.mavlink_worker         [command-sender] connecting to udpin:0.0.0.0:14551...
19:06:24.016 [MainThread      ] INFO     API.panel_sync               PanelStateSync: started.
19:06:24.017 [MainThread      ] INFO     __main__                     Controller started.
19:06:24.048 [Thread-2 (_run) ] INFO     mavlink.mavlink_worker         [command-sender] connected on udpin:0.0.0.0:14551.
19:06:24.049 [Thread-2 (_run) ] INFO     mavlink.mavlink_worker       UAVCommandSender waiting for heartbeat...
19:06:24.050 [Thread-1 (_run) ] INFO     serial_controller.serial_handler No STM32 device found on any COM port.
19:08:01.967 [Thread-1 (_run) ] INFO     serial_controller.serial_handler Scanning for STM32 on COM ports...
19:08:01.967 [Thread-2 (_run) ] INFO     mavlink.mavlink_worker         [command-sender] connecting to udpin:0.0.0.0:14551...
19:08:01.967 [MainThread      ] INFO     API.panel_sync               PanelStateSync: started.
19:08:01.968 [MainThread      ] INFO     __main__                     Controller started.
19:08:01.998 [Thread-2 (_run) ] INFO     mavlink.mavlink_worker         [command-sender] connected on udpin:0.0.0.0:14551.
19:08:01.998 [Thread-2 (_run) ] INFO     mavlink.mavlink_worker       UAVCommandSender waiting for heartbeat...
19:08:02.000 [Thread-1 (_run) ] INFO     serial_controller.serial_handler No STM32 device found on any COM port.
19:08:12.016 [Thread-2 (_run) ] WARNING  mavlink.mavlink_worker       UAVCommandSender: no heartbeat within 10s — closing and retrying.
19:08:12.018 [Thread-2 (_run) ] WARNING  mavlink.mavlink_worker       No heartbeat, retrying in 10 seconds...
19:09:59.757 [Thread-1 (_run) ] INFO     serial_controller.serial_handler Scanning for STM32 on COM ports...
19:09:59.757 [Thread-2 (_run) ] INFO     mavlink.mavlink_worker         [command-sender] connecting to udpin:0.0.0.0:14551...
19:09:59.758 [MainThread      ] INFO     API.panel_sync               PanelStateSync: started.
19:09:59.759 [MainThread      ] INFO     __main__                     Controller started.
19:09:59.787 [Thread-2 (_run) ] INFO     mavlink.mavlink_worker         [command-sender] connected on udpin:0.0.0.0:14551.
19:09:59.794 [Thread-1 (_run) ] INFO     serial_controller.serial_handler No STM32 device found on any COM port.
19:09:59.807 [Thread-2 (_run) ] INFO     mavlink.uav_commads.command_sender UAVCommandSender connected.
19:09:59.811 [UAVCommandSender] INFO     mavlink.uav_commads.analog_input_handler Gimbal rate: pitch=-45.0deg/s, yaw=-45.0deg/s
19:09:59.811 [Thread-2 (_run) ] INFO     mavlink.mavlink_worker       UAVCommandSender loop started.
19:09:59.814 [UAVCommandSender] INFO     mavlink.uav_commads.commands.payload_commands Sent raw Viewpro frame (20 bytes): 55 aa dc 11 30 01 ee 6c ee 6c 00 00 00 00 00 00 00 00 00 20
19:10:00.129 [UAVCommandSender] INFO     mavlink.uav_commads.analog_input_handler Gimbal rate: pitch=-45.0deg/s, yaw=-45.0deg/s
19:10:00.129 [UAVCommandSender] INFO     mavlink.uav_commads.commands.payload_commands Sent raw Viewpro frame (20 bytes): 55 aa dc 51 30 01 ee 6c ee 6c 00 00 00 00 00 00 00 00 00 60
19:10:00.434 [UAVCommandSender] INFO     mavlink.uav_commads.analog_input_handler Gimbal rate: pitch=-45.0deg/s, yaw=-45.0deg/s
19:10:00.434 [UAVCommandSender] INFO     mavlink.uav_commads.commands.payload_commands Sent raw Viewpro frame (20 bytes): 55 aa dc 91 30 01 ee 6c ee 6c 00 00 00 00 00 00 00 00 00 a0
19:10:00.837 [UAVCommandSender] INFO     mavlink.uav_commads.analog_input_handler Gimbal rate: pitch=-45.0deg/s, yaw=-45.0deg/s
19:10:00.841 [UAVCommandSender] INFO     mavlink.uav_commads.commands.payload_commands Sent raw Viewpro frame (20 bytes): 55 aa dc d1 30 01 ee 6c ee 6c 00 00 00 00 00 00 00 00 00 e0
19:10:01.221 [UAVCommandSender] INFO     mavlink.uav_commads.analog_input_handler Gimbal rate: pitch=-45.0deg/s, yaw=-45.0deg/s
19:10:01.222 [UAVCommandSender] INFO     mavlink.uav_commads.commands.payload_commands Sent raw Viewpro frame (20 bytes): 55 aa dc 11 30 01 ee 6c ee 6c 00 00 00 00 00 00 00 00 00 20
19:10:01.604 [UAVCommandSender] INFO     mavlink.uav_commads.analog_input_handler Gimbal rate: pitch=-45.0deg/s, yaw=-45.0deg/s
19:10:01.605 [UAVCommandSender] INFO     mavlink.uav_commads.commands.payload_commands Sent raw Viewpro frame (20 bytes): 55 aa dc 51 30 01 ee 6c ee 6c 00 00 00 00 00 00 00 00 00 60
19:10:01.999 [UAVCommandSender] INFO     mavlink.uav_commads.analog_input_handler Gimbal rate: pitch=-45.0deg/s, yaw=-45.0deg/s
19:10:02.000 [UAVCommandSender] INFO     mavlink.uav_commads.commands.payload_commands Sent raw Viewpro frame (20 bytes): 55 aa dc 91 30 01 ee 6c ee 6c 00 00 00 00 00 00 00 00 00 a0
19:10:02.416 [UAVCommandSender] INFO     mavlink.uav_commads.analog_input_handler Gimbal rate: pitch=-45.0deg/s, yaw=-45.0deg/s
19:10:02.422 [UAVCommandSender] INFO     mavlink.uav_commads.commands.payload_commands Sent raw Viewpro frame (20 bytes): 55 aa dc d1 30 01 ee 6c ee 6c 00 00 00 00 00 00 00 00 00 e0
19:10:02.725 [UAVCommandSender] INFO     mavlink.uav_commads.analog_input_handler Gimbal rate: pitch=-45.0deg/s, yaw=-45.0deg/s
19:10:02.726 [UAVCommandSender] INFO     mavlink.uav_commads.commands.payload_commands Sent raw Viewpro frame (20 bytes): 55 aa dc 11 30 01 ee 6c ee 6c 00 00 00 00 00 00 00 00 00 20
19:10:03.038 [UAVCommandSender] INFO     mavlink.uav_commads.analog_input_handler Gimbal rate: pitch=-45.0deg/s, yaw=-45.0deg/s
19:10:03.038 [UAVCommandSender] INFO     mavlink.uav_commads.commands.payload_commands Sent raw Viewpro frame (20 bytes): 55 aa dc 51 30 01 ee 6c ee 6c 00 00 00 00 00 00 00 00 00 60
19:10:03.352 [UAVCommandSender] INFO     mavlink.uav_commads.analog_input_handler Gimbal rate: pitch=-45.0deg/s, yaw=-45.0deg/s
19:10:03.352 [UAVCommandSender] INFO     mavlink.uav_commads.commands.payload_commands Sent raw Viewpro frame (20 bytes): 55 aa dc 91 30 01 ee 6c ee 6c 00 00 00 00 00 00 00 00 00 a0
19:10:03.663 [UAVCommandSender] INFO     mavlink.uav_commads.analog_input_handler Gimbal rate: pitch=-45.0deg/s, yaw=-45.0deg/s
19:10:03.663 [UAVCommandSender] INFO     mavlink.uav_commads.commands.payload_commands Sent raw Viewpro frame (20 bytes): 55 aa dc d1 30 01 ee 6c ee 6c 00 00 00 00 00 00 00 00 00 e0
19:10:03.977 [UAVCommandSender] INFO     mavlink.uav_commads.analog_input_handler Gimbal rate: pitch=-45.0deg/s, yaw=-45.0deg/s
19:10:03.977 [UAVCommandSender] INFO     mavlink.uav_commads.commands.payload_commands Sent raw Viewpro frame (20 bytes): 55 aa dc 11 30 01 ee 6c ee 6c 00 00 00 00 00 00 00 00 00 20
19:10:04.290 [UAVCommandSender] INFO     mavlink.uav_commads.analog_input_handler Gimbal rate: pitch=-45.0deg/s, yaw=-45.0deg/s
19:10:04.291 [UAVCommandSender] INFO     mavlink.uav_commads.commands.payload_commands Sent raw Viewpro frame (20 bytes): 55 aa dc 51 30 01 ee 6c ee 6c 00 00 00 00 00 00 00 00 00 60
19:10:04.606 [UAVCommandSender] INFO     mavlink.uav_commads.analog_input_handler Gimbal rate: pitch=-45.0deg/s, yaw=-45.0deg/s
19:10:04.606 [UAVCommandSender] INFO     mavlink.uav_commads.commands.payload_commands Sent raw Viewpro frame (20 bytes): 55 aa dc 91 30 01 ee 6c ee 6c 00 00 00 00 00 00 00 00 00 a0
19:10:04.918 [UAVCommandSender] INFO     mavlink.uav_commads.analog_input_handler Gimbal rate: pitch=-45.0deg/s, yaw=-45.0deg/s
19:10:04.918 [UAVCommandSender] INFO     mavlink.uav_commads.commands.payload_commands Sent raw Viewpro frame (20 bytes): 55 aa dc d1 30 01 ee 6c ee 6c 00 00 00 00 00 00 00 00 00 e0
19:10:05.231 [UAVCommandSender] INFO     mavlink.uav_commads.analog_input_handler Gimbal rate: pitch=-45.0deg/s, yaw=-45.0deg/s
19:10:05.232 [UAVCommandSender] INFO     mavlink.uav_commads.commands.payload_commands Sent raw Viewpro frame (20 bytes): 55 aa dc 11 30 01 ee 6c ee 6c 00 00 00 00 00 00 00 00 00 20
19:10:05.545 [UAVCommandSender] INFO     mavlink.uav_commads.analog_input_handler Gimbal rate: pitch=-45.0deg/s, yaw=-45.0deg/s
19:10:05.546 [UAVCommandSender] INFO     mavlink.uav_commads.commands.payload_commands Sent raw Viewpro frame (20 bytes): 55 aa dc 51 30 01 ee 6c ee 6c 00 00 00 00 00 00 00 00 00 60
19:10:05.858 [UAVCommandSender] INFO     mavlink.uav_commads.analog_input_handler Gimbal rate: pitch=-45.0deg/s, yaw=-45.0deg/s
19:10:05.858 [UAVCommandSender] INFO     mavlink.uav_commads.commands.payload_commands Sent raw Viewpro frame (20 bytes): 55 aa dc 91 30 01 ee 6c ee 6c 00 00 00 00 00 00 00 00 00 a0
19:10:06.167 [UAVCommandSender] INFO     mavlink.uav_commads.analog_input_handler Gimbal rate: pitch=-45.0deg/s, yaw=-45.0deg/s
19:10:06.168 [UAVCommandSender] INFO     mavlink.uav_commads.commands.payload_commands Sent raw Viewpro frame (20 bytes): 55 aa dc d1 30 01 ee 6c ee 6c 00 00 00 00 00 00 00 00 00 e0
19:10:06.483 [UAVCommandSender] INFO     mavlink.uav_commads.analog_input_handler Gimbal rate: pitch=-45.0deg/s, yaw=-45.0deg/s
19:10:06.483 [UAVCommandSender] INFO     mavlink.uav_commads.commands.payload_commands Sent raw Viewpro frame (20 bytes): 55 aa dc 11 30 01 ee 6c ee 6c 00 00 00 00 00 00 00 00 00 20
19:10:06.795 [UAVCommandSender] INFO     mavlink.uav_commads.analog_input_handler Gimbal rate: pitch=-45.0deg/s, yaw=-45.0deg/s
19:10:06.796 [UAVCommandSender] INFO     mavlink.uav_commads.commands.payload_commands Sent raw Viewpro frame (20 bytes): 55 aa dc 51 30 01 ee 6c ee 6c 00 00 00 00 00 00 00 00 00 60
19:10:07.110 [UAVCommandSender] INFO     mavlink.uav_commads.analog_input_handler Gimbal rate: pitch=-45.0deg/s, yaw=-45.0deg/s
19:10:07.111 [UAVCommandSender] INFO     mavlink.uav_commads.commands.payload_commands Sent raw Viewpro frame (20 bytes): 55 aa dc 91 30 01 ee 6c ee 6c 00 00 00 00 00 00 00 00 00 a0
19:10:07.421 [UAVCommandSender] INFO     mavlink.uav_commads.analog_input_handler Gimbal rate: pitch=-45.0deg/s, yaw=-45.0deg/s
19:10:07.422 [UAVCommandSender] INFO     mavlink.uav_commads.commands.payload_commands Sent raw Viewpro frame (20 bytes): 55 aa dc d1 30 01 ee 6c ee 6c 00 00 00 00 00 00 00 00 00 e0
19:10:07.730 [UAVCommandSender] INFO     mavlink.uav_commads.analog_input_handler Gimbal rate: pitch=-45.0deg/s, yaw=-45.0deg/s
19:10:07.731 [UAVCommandSender] INFO     mavlink.uav_commads.commands.payload_commands Sent raw Viewpro frame (20 bytes): 55 aa dc 11 30 01 ee 6c ee 6c 00 00 00 00 00 00 00 00 00 20
19:10:08.045 [UAVCommandSender] INFO     mavlink.uav_commads.analog_input_handler Gimbal rate: pitch=-45.0deg/s, yaw=-45.0deg/s
19:10:08.046 [UAVCommandSender] INFO     mavlink.uav_commads.commands.payload_commands Sent raw Viewpro frame (20 bytes): 55 aa dc 51 30 01 ee 6c ee 6c 00 00 00 00 00 00 00 00 00 60
19:10:08.357 [UAVCommandSender] INFO     mavlink.uav_commads.analog_input_handler Gimbal rate: pitch=-45.0deg/s, yaw=-45.0deg/s
19:10:08.357 [UAVCommandSender] INFO     mavlink.uav_commads.commands.payload_commands Sent raw Viewpro frame (20 bytes): 55 aa dc 91 30 01 ee 6c ee 6c 00 00 00 00 00 00 00 00 00 a0
19:10:08.740 [UAVCommandSender] INFO     mavlink.uav_commads.analog_input_handler Gimbal rate: pitch=-45.0deg/s, yaw=-45.0deg/s
19:10:08.741 [UAVCommandSender] INFO     mavlink.uav_commads.commands.payload_commands Sent raw Viewpro frame (20 bytes): 55 aa dc d1 30 01 ee 6c ee 6c 00 00 00 00 00 00 00 00 00 e0
19:10:09.158 [UAVCommandSender] INFO     mavlink.uav_commads.analog_input_handler Gimbal rate: pitch=-45.0deg/s, yaw=-45.0deg/s
19:10:09.158 [UAVCommandSender] INFO     mavlink.uav_commads.commands.payload_commands Sent raw Viewpro frame (20 bytes): 55 aa dc 11 30 01 ee 6c ee 6c 00 00 00 00 00 00 00 00 00 20
19:10:09.461 [UAVCommandSender] INFO     mavlink.uav_commads.analog_input_handler Gimbal rate: pitch=-45.0deg/s, yaw=-45.0deg/s
19:10:09.466 [UAVCommandSender] INFO     mavlink.uav_commads.commands.payload_commands Sent raw Viewpro frame (20 bytes): 55 aa dc 51 30 01 ee 6c ee 6c 00 00 00 00 00 00 00 00 00 60
19:10:09.798 [UAVCommandSender] INFO     mavlink.uav_commads.analog_input_handler Gimbal rate: pitch=-45.0deg/s, yaw=-45.0deg/s
19:10:09.803 [UAVCommandSender] INFO     mavlink.uav_commads.commands.payload_commands Sent raw Viewpro frame (20 bytes): 55 aa dc 91 30 01 ee 6c ee 6c 00 00 00 00 00 00 00 00 00 a0
19:10:17.035 [Thread-1 (_run) ] INFO     serial_controller.serial_handler Scanning for STM32 on COM ports...
19:10:17.035 [Thread-2 (_run) ] INFO     mavlink.mavlink_worker         [command-sender] connecting to udpin:0.0.0.0:14551...
19:10:17.036 [MainThread      ] INFO     API.panel_sync               PanelStateSync: started.
19:10:17.037 [MainThread      ] INFO     __main__                     Controller started.
19:10:17.065 [Thread-2 (_run) ] INFO     mavlink.mavlink_worker         [command-sender] connected on udpin:0.0.0.0:14551.
19:10:17.069 [Thread-2 (_run) ] INFO     mavlink.uav_commads.command_sender UAVCommandSender connected.
19:10:17.069 [Thread-1 (_run) ] INFO     serial_controller.serial_handler No STM32 device found on any COM port.
19:10:17.070 [UAVCommandSender] INFO     mavlink.uav_commads.analog_input_handler Gimbal rate: pitch=-45.0deg/s, yaw=-45.0deg/s
19:10:17.070 [Thread-2 (_run) ] INFO     mavlink.mavlink_worker       UAVCommandSender loop started.
19:10:17.071 [UAVCommandSender] INFO     mavlink.uav_commads.commands.payload_commands Sent raw Viewpro frame (20 bytes): 55 aa dc 11 30 01 ee 6c ee 6c 00 00 00 00 00 00 00 00 00 20
19:10:17.485 [UAVCommandSender] INFO     mavlink.uav_commads.analog_input_handler Gimbal rate: pitch=-45.0deg/s, yaw=-45.0deg/s
19:10:17.485 [UAVCommandSender] INFO     mavlink.uav_commads.commands.payload_commands Sent raw Viewpro frame (20 bytes): 55 aa dc 51 30 01 ee 6c ee 6c 00 00 00 00 00 00 00 00 00 60
19:10:17.802 [UAVCommandSender] INFO     mavlink.uav_commads.analog_input_handler Gimbal rate: pitch=-45.0deg/s, yaw=-45.0deg/s
19:10:17.802 [UAVCommandSender] INFO     mavlink.uav_commads.commands.payload_commands Sent raw Viewpro frame (20 bytes): 55 aa dc 91 30 01 ee 6c ee 6c 00 00 00 00 00 00 00 00 00 a0
19:10:18.116 [UAVCommandSender] INFO     mavlink.uav_commads.analog_input_handler Gimbal rate: pitch=-45.0deg/s, yaw=-45.0deg/s
19:10:18.116 [UAVCommandSender] INFO     mavlink.uav_commads.commands.payload_commands Sent raw Viewpro frame (20 bytes): 55 aa dc d1 30 01 ee 6c ee 6c 00 00 00 00 00 00 00 00 00 e0
19:10:18.527 [UAVCommandSender] INFO     mavlink.uav_commads.analog_input_handler Gimbal rate: pitch=-45.0deg/s, yaw=-45.0deg/s
19:10:18.530 [UAVCommandSender] INFO     mavlink.uav_commads.commands.payload_commands Sent raw Viewpro frame (20 bytes): 55 aa dc 11 30 01 ee 6c ee 6c 00 00 00 00 00 00 00 00 00 20
19:10:18.911 [UAVCommandSender] INFO     mavlink.uav_commads.analog_input_handler Gimbal rate: pitch=-45.0deg/s, yaw=-45.0deg/s
19:10:18.912 [UAVCommandSender] INFO     mavlink.uav_commads.commands.payload_commands Sent raw Viewpro frame (20 bytes): 55 aa dc 51 30 01 ee 6c ee 6c 00 00 00 00 00 00 00 00 00 60
19:10:19.317 [UAVCommandSender] INFO     mavlink.uav_commads.analog_input_handler Gimbal rate: pitch=-45.0deg/s, yaw=-45.0deg/s
19:10:19.317 [UAVCommandSender] INFO     mavlink.uav_commads.commands.payload_commands Sent raw Viewpro frame (20 bytes): 55 aa dc 91 30 01 ee 6c ee 6c 00 00 00 00 00 00 00 00 00 a0
19:10:19.626 [UAVCommandSender] INFO     mavlink.uav_commads.analog_input_handler Gimbal rate: pitch=-45.0deg/s, yaw=-45.0deg/s
19:10:19.626 [UAVCommandSender] INFO     mavlink.uav_commads.commands.payload_commands Sent raw Viewpro frame (20 bytes): 55 aa dc d1 30 01 ee 6c ee 6c 00 00 00 00 00 00 00 00 00 e0
19:10:19.939 [UAVCommandSender] INFO     mavlink.uav_commads.analog_input_handler Gimbal rate: pitch=-45.0deg/s, yaw=-45.0deg/s
19:10:19.940 [UAVCommandSender] INFO     mavlink.uav_commads.commands.payload_commands Sent raw Viewpro frame (20 bytes): 55 aa dc 11 30 01 ee 6c ee 6c 00 00 00 00 00 00 00 00 00 20
19:10:20.252 [UAVCommandSender] INFO     mavlink.uav_commads.analog_input_handler Gimbal rate: pitch=-45.0deg/s, yaw=-45.0deg/s
19:10:20.252 [UAVCommandSender] INFO     mavlink.uav_commads.commands.payload_commands Sent raw Viewpro frame (20 bytes): 55 aa dc 51 30 01 ee 6c ee 6c 00 00 00 00 00 00 00 00 00 60
19:10:20.567 [UAVCommandSender] INFO     mavlink.uav_commads.analog_input_handler Gimbal rate: pitch=-45.0deg/s, yaw=-45.0deg/s
19:10:20.569 [UAVCommandSender] INFO     mavlink.uav_commads.commands.payload_commands Sent raw Viewpro frame (20 bytes): 55 aa dc 91 30 01 ee 6c ee 6c 00 00 00 00 00 00 00 00 00 a0
19:10:20.881 [UAVCommandSender] INFO     mavlink.uav_commads.analog_input_handler Gimbal rate: pitch=-45.0deg/s, yaw=-45.0deg/s
19:10:20.881 [UAVCommandSender] INFO     mavlink.uav_commads.commands.payload_commands Sent raw Viewpro frame (20 bytes): 55 aa dc d1 30 01 ee 6c ee 6c 00 00 00 00 00 00 00 00 00 e0
19:10:21.195 [UAVCommandSender] INFO     mavlink.uav_commads.analog_input_handler Gimbal rate: pitch=-45.0deg/s, yaw=-45.0deg/s
19:10:21.196 [UAVCommandSender] INFO     mavlink.uav_commads.commands.payload_commands Sent raw Viewpro frame (20 bytes): 55 aa dc 11 30 01 ee 6c ee 6c 00 00 00 00 00 00 00 00 00 20
19:10:21.519 [UAVCommandSender] INFO     mavlink.uav_commads.analog_input_handler Gimbal rate: pitch=-45.0deg/s, yaw=-45.0deg/s
19:10:21.519 [UAVCommandSender] INFO     mavlink.uav_commads.commands.payload_commands Sent raw Viewpro frame (20 bytes): 55 aa dc 51 30 01 ee 6c ee 6c 00 00 00 00 00 00 00 00 00 60
19:10:21.831 [UAVCommandSender] INFO     mavlink.uav_commads.analog_input_handler Gimbal rate: pitch=-45.0deg/s, yaw=-45.0deg/s
19:10:21.832 [UAVCommandSender] INFO     mavlink.uav_commads.commands.payload_commands Sent raw Viewpro frame (20 bytes): 55 aa dc 91 30 01 ee 6c ee 6c 00 00 00 00 00 00 00 00 00 a0
19:10:22.132 [UAVCommandSender] INFO     mavlink.uav_commads.analog_input_handler Gimbal rate: pitch=-45.0deg/s, yaw=-45.0deg/s
19:10:22.133 [UAVCommandSender] INFO     mavlink.uav_commads.commands.payload_commands Sent raw Viewpro frame (20 bytes): 55 aa dc d1 30 01 ee 6c ee 6c 00 00 00 00 00 00 00 00 00 e0
19:10:22.436 [UAVCommandSender] INFO     mavlink.uav_commads.analog_input_handler Gimbal rate: pitch=-45.0deg/s, yaw=-45.0deg/s
19:10:22.440 [UAVCommandSender] INFO     mavlink.uav_commads.commands.payload_commands Sent raw Viewpro frame (20 bytes): 55 aa dc 11 30 01 ee 6c ee 6c 00 00 00 00 00 00 00 00 00 20
19:10:22.751 [UAVCommandSender] INFO     mavlink.uav_commads.analog_input_handler Gimbal rate: pitch=-45.0deg/s, yaw=-45.0deg/s
19:10:22.756 [UAVCommandSender] INFO     mavlink.uav_commads.commands.payload_commands Sent raw Viewpro frame (20 bytes): 55 aa dc 51 30 01 ee 6c ee 6c 00 00 00 00 00 00 00 00 00 60
19:10:23.064 [UAVCommandSender] INFO     mavlink.uav_commads.analog_input_handler Gimbal rate: pitch=-45.0deg/s, yaw=-45.0deg/s
19:10:23.066 [UAVCommandSender] INFO     mavlink.uav_commads.commands.payload_commands Sent raw Viewpro frame (20 bytes): 55 aa dc 91 30 01 ee 6c ee 6c 00 00 00 00 00 00 00 00 00 a0
19:10:23.375 [UAVCommandSender] INFO     mavlink.uav_commads.analog_input_handler Gimbal rate: pitch=-45.0deg/s, yaw=-45.0deg/s
19:10:23.378 [UAVCommandSender] INFO     mavlink.uav_commads.commands.payload_commands Sent raw Viewpro frame (20 bytes): 55 aa dc d1 30 01 ee 6c ee 6c 00 00 00 00 00 00 00 00 00 e0
19:10:23.688 [UAVCommandSender] INFO     mavlink.uav_commads.analog_input_handler Gimbal rate: pitch=-45.0deg/s, yaw=-45.0deg/s
19:10:23.690 [UAVCommandSender] INFO     mavlink.uav_commads.commands.payload_commands Sent raw Viewpro frame (20 bytes): 55 aa dc 11 30 01 ee 6c ee 6c 00 00 00 00 00 00 00 00 00 20
19:10:23.998 [UAVCommandSender] INFO     mavlink.uav_commads.analog_input_handler Gimbal rate: pitch=-45.0deg/s, yaw=-45.0deg/s
19:10:23.999 [UAVCommandSender] INFO     mavlink.uav_commads.commands.payload_commands Sent raw Viewpro frame (20 bytes): 55 aa dc 51 30 01 ee 6c ee 6c 00 00 00 00 00 00 00 00 00 60
19:10:24.310 [UAVCommandSender] INFO     mavlink.uav_commads.analog_input_handler Gimbal rate: pitch=-45.0deg/s, yaw=-45.0deg/s
19:10:24.312 [UAVCommandSender] INFO     mavlink.uav_commads.commands.payload_commands Sent raw Viewpro frame (20 bytes): 55 aa dc 91 30 01 ee 6c ee 6c 00 00 00 00 00 00 00 00 00 a0
19:10:24.725 [UAVCommandSender] INFO     mavlink.uav_commads.analog_input_handler Gimbal rate: pitch=-45.0deg/s, yaw=-45.0deg/s
19:10:24.726 [UAVCommandSender] INFO     mavlink.uav_commads.commands.payload_commands Sent raw Viewpro frame (20 bytes): 55 aa dc d1 30 01 ee 6c ee 6c 00 00 00 00 00 00 00 00 00 e0
19:10:25.133 [UAVCommandSender] INFO     mavlink.uav_commads.analog_input_handler Gimbal rate: pitch=-45.0deg/s, yaw=-45.0deg/s
19:10:25.138 [UAVCommandSender] INFO     mavlink.uav_commads.commands.payload_commands Sent raw Viewpro frame (20 bytes): 55 aa dc 11 30 01 ee 6c ee 6c 00 00 00 00 00 00 00 00 00 20
19:10:25.440 [UAVCommandSender] INFO     mavlink.uav_commads.analog_input_handler Gimbal rate: pitch=-45.0deg/s, yaw=-45.0deg/s
19:10:25.473 [UAVCommandSender] INFO     mavlink.uav_commads.commands.payload_commands Sent raw Viewpro frame (20 bytes): 55 aa dc 51 30 01 ee 6c ee 6c 00 00 00 00 00 00 00 00 00 60
19:10:25.785 [UAVCommandSender] INFO     mavlink.uav_commads.analog_input_handler Gimbal rate: pitch=-45.0deg/s, yaw=-45.0deg/s
19:10:25.786 [UAVCommandSender] INFO     mavlink.uav_commads.commands.payload_commands Sent raw Viewpro frame (20 bytes): 55 aa dc 91 30 01 ee 6c ee 6c 00 00 00 00 00 00 00 00 00 a0
19:10:26.099 [UAVCommandSender] INFO     mavlink.uav_commads.analog_input_handler Gimbal rate: pitch=-45.0deg/s, yaw=-45.0deg/s
19:10:26.100 [UAVCommandSender] INFO     mavlink.uav_commads.commands.payload_commands Sent raw Viewpro frame (20 bytes): 55 aa dc d1 30 01 ee 6c ee 6c 00 00 00 00 00 00 00 00 00 e0
19:10:26.412 [UAVCommandSender] INFO     mavlink.uav_commads.analog_input_handler Gimbal rate: pitch=-45.0deg/s, yaw=-45.0deg/s
19:10:26.412 [UAVCommandSender] INFO     mavlink.uav_commads.commands.payload_commands Sent raw Viewpro frame (20 bytes): 55 aa dc 11 30 01 ee 6c ee 6c 00 00 00 00 00 00 00 00 00 20
19:10:26.723 [UAVCommandSender] INFO     mavlink.uav_commads.analog_input_handler Gimbal rate: pitch=-45.0deg/s, yaw=-45.0deg/s
19:10:26.724 [UAVCommandSender] INFO     mavlink.uav_commads.commands.payload_commands Sent raw Viewpro frame (20 bytes): 55 aa dc 51 30 01 ee 6c ee 6c 00 00 00 00 00 00 00 00 00 60
19:10:27.058 [UAVCommandSender] INFO     mavlink.uav_commads.analog_input_handler Gimbal rate: pitch=-45.0deg/s, yaw=-45.0deg/s
19:10:27.059 [UAVCommandSender] INFO     mavlink.uav_commads.commands.payload_commands Sent raw Viewpro frame (20 bytes): 55 aa dc 91 30 01 ee 6c ee 6c 00 00 00 00 00 00 00 00 00 a0
19:10:52.986 [Thread-1 (_run) ] INFO     serial_controller.serial_handler Scanning for STM32 on COM ports...
19:10:52.986 [Thread-2 (_run) ] INFO     mavlink.mavlink_worker         [command-sender] connecting to udpin:0.0.0.0:14551...
19:10:52.987 [MainThread      ] INFO     API.panel_sync               PanelStateSync: started.
19:10:52.988 [MainThread      ] INFO     __main__                     Controller started.
19:10:53.016 [Thread-2 (_run) ] INFO     mavlink.mavlink_worker         [command-sender] connected on udpin:0.0.0.0:14551.
19:10:53.017 [Thread-2 (_run) ] INFO     mavlink.mavlink_worker       UAVCommandSender waiting for heartbeat...
19:10:53.018 [Thread-1 (_run) ] INFO     serial_controller.serial_handler No STM32 device found on any COM port.
19:11:03.023 [Thread-2 (_run) ] WARNING  mavlink.mavlink_worker       UAVCommandSender: no heartbeat within 10s — closing and retrying.
19:11:03.024 [Thread-2 (_run) ] WARNING  mavlink.mavlink_worker       No heartbeat, retrying in 10 seconds...
19:12:01.966 [Thread-1 (_run) ] INFO     serial_controller.serial_handler Scanning for STM32 on COM ports...
19:12:01.967 [Thread-2 (_run) ] INFO     mavlink.mavlink_worker         [command-sender] connecting to udpin:0.0.0.0:14551...
19:12:01.967 [MainThread      ] INFO     API.panel_sync               PanelStateSync: started.
19:12:01.968 [MainThread      ] INFO     __main__                     Controller started.
19:12:01.993 [Thread-2 (_run) ] INFO     mavlink.mavlink_worker         [command-sender] connected on udpin:0.0.0.0:14551.
19:12:01.995 [Thread-2 (_run) ] INFO     mavlink.mavlink_worker       UAVCommandSender waiting for heartbeat...
19:12:01.998 [Thread-1 (_run) ] INFO     serial_controller.serial_handler No STM32 device found on any COM port.
19:12:12.006 [Thread-2 (_run) ] WARNING  mavlink.mavlink_worker       UAVCommandSender: no heartbeat within 10s — closing and retrying.
19:12:12.007 [Thread-2 (_run) ] WARNING  mavlink.mavlink_worker       No heartbeat, retrying in 10 seconds...
19:12:22.009 [Thread-2 (_run) ] INFO     mavlink.uav_commads.command_sender UAVCommandSender connected.
19:12:22.010 [UAVCommandSender] INFO     mavlink.uav_commads.analog_input_handler Gimbal rate: pitch=-45.0deg/s, yaw=-45.0deg/s
19:12:22.010 [UAVCommandSender] INFO     mavlink.uav_commads.commands.payload_commands Sent raw Viewpro frame (20 bytes): 55 aa dc 11 30 01 ee 6c ee 6c 00 00 00 00 00 00 00 00 00 20
19:12:22.010 [Thread-2 (_run) ] INFO     mavlink.mavlink_worker       UAVCommandSender loop started.
19:12:22.311 [UAVCommandSender] INFO     mavlink.uav_commads.analog_input_handler Gimbal rate: pitch=-45.0deg/s, yaw=-45.0deg/s
19:12:22.311 [UAVCommandSender] INFO     mavlink.uav_commads.commands.payload_commands Sent raw Viewpro frame (20 bytes): 55 aa dc 51 30 01 ee 6c ee 6c 00 00 00 00 00 00 00 00 00 60
19:12:22.624 [UAVCommandSender] INFO     mavlink.uav_commads.analog_input_handler Gimbal rate: pitch=-45.0deg/s, yaw=-45.0deg/s
19:12:22.625 [UAVCommandSender] INFO     mavlink.uav_commads.commands.payload_commands Sent raw Viewpro frame (20 bytes): 55 aa dc 91 30 01 ee 6c ee 6c 00 00 00 00 00 00 00 00 00 a0
19:12:22.937 [UAVCommandSender] INFO     mavlink.uav_commads.analog_input_handler Gimbal rate: pitch=-45.0deg/s, yaw=-45.0deg/s
19:12:22.938 [UAVCommandSender] INFO     mavlink.uav_commads.commands.payload_commands Sent raw Viewpro frame (20 bytes): 55 aa dc d1 30 01 ee 6c ee 6c 00 00 00 00 00 00 00 00 00 e0
19:12:23.249 [UAVCommandSender] INFO     mavlink.uav_commads.analog_input_handler Gimbal rate: pitch=-45.0deg/s, yaw=-45.0deg/s
19:12:23.249 [UAVCommandSender] INFO     mavlink.uav_commads.commands.payload_commands Sent raw Viewpro frame (20 bytes): 55 aa dc 11 30 01 ee 6c ee 6c 00 00 00 00 00 00 00 00 00 20
19:12:23.560 [UAVCommandSender] INFO     mavlink.uav_commads.analog_input_handler Gimbal rate: pitch=-45.0deg/s, yaw=-45.0deg/s
19:12:23.561 [UAVCommandSender] INFO     mavlink.uav_commads.commands.payload_commands Sent raw Viewpro frame (20 bytes): 55 aa dc 51 30 01 ee 6c ee 6c 00 00 00 00 00 00 00 00 00 60
19:12:23.873 [UAVCommandSender] INFO     mavlink.uav_commads.analog_input_handler Gimbal rate: pitch=-45.0deg/s, yaw=-45.0deg/s
19:12:23.873 [UAVCommandSender] INFO     mavlink.uav_commads.commands.payload_commands Sent raw Viewpro frame (20 bytes): 55 aa dc 91 30 01 ee 6c ee 6c 00 00 00 00 00 00 00 00 00 a0
19:12:24.187 [UAVCommandSender] INFO     mavlink.uav_commads.analog_input_handler Gimbal rate: pitch=-45.0deg/s, yaw=-45.0deg/s
19:12:24.187 [UAVCommandSender] INFO     mavlink.uav_commads.commands.payload_commands Sent raw Viewpro frame (20 bytes): 55 aa dc d1 30 01 ee 6c ee 6c 00 00 00 00 00 00 00 00 00 e0
19:12:24.500 [UAVCommandSender] INFO     mavlink.uav_commads.analog_input_handler Gimbal rate: pitch=-45.0deg/s, yaw=-45.0deg/s
19:12:24.500 [UAVCommandSender] INFO     mavlink.uav_commads.commands.payload_commands Sent raw Viewpro frame (20 bytes): 55 aa dc 11 30 01 ee 6c ee 6c 00 00 00 00 00 00 00 00 00 20
19:12:24.813 [UAVCommandSender] INFO     mavlink.uav_commads.analog_input_handler Gimbal rate: pitch=-45.0deg/s, yaw=-45.0deg/s
19:12:24.813 [UAVCommandSender] INFO     mavlink.uav_commads.commands.payload_commands Sent raw Viewpro frame (20 bytes): 55 aa dc 51 30 01 ee 6c ee 6c 00 00 00 00 00 00 00 00 00 60
19:12:25.125 [UAVCommandSender] INFO     mavlink.uav_commads.analog_input_handler Gimbal rate: pitch=-45.0deg/s, yaw=-45.0deg/s
19:12:25.126 [UAVCommandSender] INFO     mavlink.uav_commads.commands.payload_commands Sent raw Viewpro frame (20 bytes): 55 aa dc 91 30 01 ee 6c ee 6c 00 00 00 00 00 00 00 00 00 a0
19:12:25.438 [UAVCommandSender] INFO     mavlink.uav_commads.analog_input_handler Gimbal rate: pitch=-45.0deg/s, yaw=-45.0deg/s
19:12:25.438 [UAVCommandSender] INFO     mavlink.uav_commads.commands.payload_commands Sent raw Viewpro frame (20 bytes): 55 aa dc d1 30 01 ee 6c ee 6c 00 00 00 00 00 00 00 00 00 e0
19:12:25.753 [UAVCommandSender] INFO     mavlink.uav_commads.analog_input_handler Gimbal rate: pitch=-45.0deg/s, yaw=-45.0deg/s
19:12:25.753 [UAVCommandSender] INFO     mavlink.uav_commads.commands.payload_commands Sent raw Viewpro frame (20 bytes): 55 aa dc 11 30 01 ee 6c ee 6c 00 00 00 00 00 00 00 00 00 20
19:12:26.065 [UAVCommandSender] INFO     mavlink.uav_commads.analog_input_handler Gimbal rate: pitch=-45.0deg/s, yaw=-45.0deg/s
19:12:26.065 [UAVCommandSender] INFO     mavlink.uav_commads.commands.payload_commands Sent raw Viewpro frame (20 bytes): 55 aa dc 51 30 01 ee 6c ee 6c 00 00 00 00 00 00 00 00 00 60
19:12:26.378 [UAVCommandSender] INFO     mavlink.uav_commads.analog_input_handler Gimbal rate: pitch=-45.0deg/s, yaw=-45.0deg/s
19:12:26.378 [UAVCommandSender] INFO     mavlink.uav_commads.commands.payload_commands Sent raw Viewpro frame (20 bytes): 55 aa dc 91 30 01 ee 6c ee 6c 00 00 00 00 00 00 00 00 00 a0
19:12:26.690 [UAVCommandSender] INFO     mavlink.uav_commads.analog_input_handler Gimbal rate: pitch=-45.0deg/s, yaw=-45.0deg/s
19:12:26.690 [UAVCommandSender] INFO     mavlink.uav_commads.commands.payload_commands Sent raw Viewpro frame (20 bytes): 55 aa dc d1 30 01 ee 6c ee 6c 00 00 00 00 00 00 00 00 00 e0
19:12:27.000 [UAVCommandSender] INFO     mavlink.uav_commads.analog_input_handler Gimbal rate: pitch=-45.0deg/s, yaw=-45.0deg/s
19:12:27.001 [UAVCommandSender] INFO     mavlink.uav_commads.commands.payload_commands Sent raw Viewpro frame (20 bytes): 55 aa dc 11 30 01 ee 6c ee 6c 00 00 00 00 00 00 00 00 00 20
19:12:27.312 [UAVCommandSender] INFO     mavlink.uav_commads.analog_input_handler Gimbal rate: pitch=-45.0deg/s, yaw=-45.0deg/s
19:12:27.313 [UAVCommandSender] INFO     mavlink.uav_commads.commands.payload_commands Sent raw Viewpro frame (20 bytes): 55 aa dc 51 30 01 ee 6c ee 6c 00 00 00 00 00 00 00 00 00 60
19:12:27.624 [UAVCommandSender] INFO     mavlink.uav_commads.analog_input_handler Gimbal rate: pitch=-45.0deg/s, yaw=-45.0deg/s
19:12:27.624 [UAVCommandSender] INFO     mavlink.uav_commads.commands.payload_commands Sent raw Viewpro frame (20 bytes): 55 aa dc 91 30 01 ee 6c ee 6c 00 00 00 00 00 00 00 00 00 a0
19:12:27.935 [UAVCommandSender] INFO     mavlink.uav_commads.analog_input_handler Gimbal rate: pitch=-45.0deg/s, yaw=-45.0deg/s
19:12:27.935 [UAVCommandSender] INFO     mavlink.uav_commads.commands.payload_commands Sent raw Viewpro frame (20 bytes): 55 aa dc d1 30 01 ee 6c ee 6c 00 00 00 00 00 00 00 00 00 e0
19:12:28.248 [UAVCommandSender] INFO     mavlink.uav_commads.analog_input_handler Gimbal rate: pitch=-45.0deg/s, yaw=-45.0deg/s
19:12:28.249 [UAVCommandSender] INFO     mavlink.uav_commads.commands.payload_commands Sent raw Viewpro frame (20 bytes): 55 aa dc 11 30 01 ee 6c ee 6c 00 00 00 00 00 00 00 00 00 20
19:12:28.561 [UAVCommandSender] INFO     mavlink.uav_commads.analog_input_handler Gimbal rate: pitch=-45.0deg/s, yaw=-45.0deg/s
19:12:28.561 [UAVCommandSender] INFO     mavlink.uav_commads.commands.payload_commands Sent raw Viewpro frame (20 bytes): 55 aa dc 51 30 01 ee 6c ee 6c 00 00 00 00 00 00 00 00 00 60
19:12:28.873 [UAVCommandSender] INFO     mavlink.uav_commads.analog_input_handler Gimbal rate: pitch=-45.0deg/s, yaw=-45.0deg/s
19:12:28.873 [UAVCommandSender] INFO     mavlink.uav_commads.commands.payload_commands Sent raw Viewpro frame (20 bytes): 55 aa dc 91 30 01 ee 6c ee 6c 00 00 00 00 00 00 00 00 00 a0
19:12:29.186 [UAVCommandSender] INFO     mavlink.uav_commads.analog_input_handler Gimbal rate: pitch=-45.0deg/s, yaw=-45.0deg/s
19:12:29.197 [UAVCommandSender] INFO     mavlink.uav_commads.commands.payload_commands Sent raw Viewpro frame (20 bytes): 55 aa dc d1 30 01 ee 6c ee 6c 00 00 00 00 00 00 00 00 00 e0
19:12:29.515 [UAVCommandSender] INFO     mavlink.uav_commads.analog_input_handler Gimbal rate: pitch=-45.0deg/s, yaw=-45.0deg/s
19:12:29.516 [UAVCommandSender] INFO     mavlink.uav_commads.commands.payload_commands Sent raw Viewpro frame (20 bytes): 55 aa dc 11 30 01 ee 6c ee 6c 00 00 00 00 00 00 00 00 00 20
19:12:29.827 [UAVCommandSender] INFO     mavlink.uav_commads.analog_input_handler Gimbal rate: pitch=-45.0deg/s, yaw=-45.0deg/s
19:12:29.827 [UAVCommandSender] INFO     mavlink.uav_commads.commands.payload_commands Sent raw Viewpro frame (20 bytes): 55 aa dc 51 30 01 ee 6c ee 6c 00 00 00 00 00 00 00 00 00 60
19:12:30.140 [UAVCommandSender] INFO     mavlink.uav_commads.analog_input_handler Gimbal rate: pitch=-45.0deg/s, yaw=-45.0deg/s
19:12:30.140 [UAVCommandSender] INFO     mavlink.uav_commads.commands.payload_commands Sent raw Viewpro frame (20 bytes): 55 aa dc 91 30 01 ee 6c ee 6c 00 00 00 00 00 00 00 00 00 a0
19:12:30.454 [UAVCommandSender] INFO     mavlink.uav_commads.analog_input_handler Gimbal rate: pitch=-45.0deg/s, yaw=-45.0deg/s
19:12:30.454 [UAVCommandSender] INFO     mavlink.uav_commads.commands.payload_commands Sent raw Viewpro frame (20 bytes): 55 aa dc d1 30 01 ee 6c ee 6c 00 00 00 00 00 00 00 00 00 e0
19:12:30.767 [UAVCommandSender] INFO     mavlink.uav_commads.analog_input_handler Gimbal rate: pitch=-45.0deg/s, yaw=-45.0deg/s
19:12:30.767 [UAVCommandSender] INFO     mavlink.uav_commads.commands.payload_commands Sent raw Viewpro frame (20 bytes): 55 aa dc 11 30 01 ee 6c ee 6c 00 00 00 00 00 00 00 00 00 20
19:12:31.079 [UAVCommandSender] INFO     mavlink.uav_commads.analog_input_handler Gimbal rate: pitch=-45.0deg/s, yaw=-45.0deg/s
19:12:31.080 [UAVCommandSender] INFO     mavlink.uav_commads.commands.payload_commands Sent raw Viewpro frame (20 bytes): 55 aa dc 51 30 01 ee 6c ee 6c 00 00 00 00 00 00 00 00 00 60
19:12:31.412 [UAVCommandSender] INFO     mavlink.uav_commads.analog_input_handler Gimbal rate: pitch=-45.0deg/s, yaw=-45.0deg/s
19:12:31.430 [UAVCommandSender] INFO     mavlink.uav_commads.commands.payload_commands Sent raw Viewpro frame (20 bytes): 55 aa dc 91 30 01 ee 6c ee 6c 00 00 00 00 00 00 00 00 00 a0
19:14:07.245 [Thread-1 (_run) ] INFO     serial_controller.serial_handler Scanning for STM32 on COM ports...
19:14:07.246 [Thread-2 (_run) ] INFO     mavlink.mavlink_worker         [command-sender] connecting to udpin:0.0.0.0:14551...
19:14:07.246 [MainThread      ] INFO     API.panel_sync               PanelStateSync: started.
19:14:07.247 [MainThread      ] INFO     __main__                     Controller started.
19:14:07.276 [Thread-2 (_run) ] INFO     mavlink.mavlink_worker         [command-sender] connected on udpin:0.0.0.0:14551.
19:14:07.277 [Thread-2 (_run) ] INFO     mavlink.mavlink_worker       UAVCommandSender waiting for heartbeat...
19:14:07.279 [Thread-1 (_run) ] INFO     serial_controller.serial_handler No STM32 device found on any COM port.
19:14:17.289 [Thread-2 (_run) ] WARNING  mavlink.mavlink_worker       UAVCommandSender: no heartbeat within 10s — closing and retrying.
19:14:17.292 [Thread-2 (_run) ] INFO     mavlink.uav_commads.command_sender UAVCommandSender connected.
19:14:17.293 [UAVCommandSender] INFO     mavlink.uav_commads.analog_input_handler Gimbal rate: pitch=-45.0deg/s, yaw=-45.0deg/s
19:14:17.293 [UAVCommandSender] INFO     mavlink.uav_commads.commands.payload_commands Sent raw Viewpro frame (20 bytes): 55 aa dc 11 30 01 ee 6c ee 6c 00 00 00 00 00 00 00 00 00 20
19:14:17.293 [Thread-2 (_run) ] INFO     mavlink.mavlink_worker       UAVCommandSender loop started.
19:14:17.599 [UAVCommandSender] INFO     mavlink.uav_commads.analog_input_handler Gimbal rate: pitch=-45.0deg/s, yaw=-45.0deg/s
19:14:17.599 [UAVCommandSender] INFO     mavlink.uav_commads.commands.payload_commands Sent raw Viewpro frame (20 bytes): 55 aa dc 51 30 01 ee 6c ee 6c 00 00 00 00 00 00 00 00 00 60
19:14:17.912 [UAVCommandSender] INFO     mavlink.uav_commads.analog_input_handler Gimbal rate: pitch=-45.0deg/s, yaw=-45.0deg/s
19:14:17.912 [UAVCommandSender] INFO     mavlink.uav_commads.commands.payload_commands Sent raw Viewpro frame (20 bytes): 55 aa dc 91 30 01 ee 6c ee 6c 00 00 00 00 00 00 00 00 00 a0
19:14:18.231 [UAVCommandSender] INFO     mavlink.uav_commads.analog_input_handler Gimbal rate: pitch=-45.0deg/s, yaw=-45.0deg/s
19:14:18.232 [UAVCommandSender] INFO     mavlink.uav_commads.commands.payload_commands Sent raw Viewpro frame (20 bytes): 55 aa dc d1 30 01 ee 6c ee 6c 00 00 00 00 00 00 00 00 00 e0
19:14:18.532 [UAVCommandSender] INFO     mavlink.uav_commads.analog_input_handler Gimbal rate: pitch=-45.0deg/s, yaw=-45.0deg/s
19:14:18.533 [UAVCommandSender] INFO     mavlink.uav_commads.commands.payload_commands Sent raw Viewpro frame (20 bytes): 55 aa dc 11 30 01 ee 6c ee 6c 00 00 00 00 00 00 00 00 00 20
19:14:18.845 [UAVCommandSender] INFO     mavlink.uav_commads.analog_input_handler Gimbal rate: pitch=-45.0deg/s, yaw=-45.0deg/s
19:14:18.846 [UAVCommandSender] INFO     mavlink.uav_commads.commands.payload_commands Sent raw Viewpro frame (20 bytes): 55 aa dc 51 30 01 ee 6c ee 6c 00 00 00 00 00 00 00 00 00 60
19:14:19.157 [UAVCommandSender] INFO     mavlink.uav_commads.analog_input_handler Gimbal rate: pitch=-45.0deg/s, yaw=-45.0deg/s
19:14:19.158 [UAVCommandSender] INFO     mavlink.uav_commads.commands.payload_commands Sent raw Viewpro frame (20 bytes): 55 aa dc 91 30 01 ee 6c ee 6c 00 00 00 00 00 00 00 00 00 a0
19:14:19.469 [UAVCommandSender] INFO     mavlink.uav_commads.analog_input_handler Gimbal rate: pitch=-45.0deg/s, yaw=-45.0deg/s
19:14:19.470 [UAVCommandSender] INFO     mavlink.uav_commads.commands.payload_commands Sent raw Viewpro frame (20 bytes): 55 aa dc d1 30 01 ee 6c ee 6c 00 00 00 00 00 00 00 00 00 e0
19:14:19.780 [UAVCommandSender] INFO     mavlink.uav_commads.analog_input_handler Gimbal rate: pitch=-45.0deg/s, yaw=-45.0deg/s
19:14:19.783 [UAVCommandSender] INFO     mavlink.uav_commads.commands.payload_commands Sent raw Viewpro frame (20 bytes): 55 aa dc 11 30 01 ee 6c ee 6c 00 00 00 00 00 00 00 00 00 20
19:14:20.093 [UAVCommandSender] INFO     mavlink.uav_commads.analog_input_handler Gimbal rate: pitch=-45.0deg/s, yaw=-45.0deg/s
19:14:20.094 [UAVCommandSender] INFO     mavlink.uav_commads.commands.payload_commands Sent raw Viewpro frame (20 bytes): 55 aa dc 51 30 01 ee 6c ee 6c 00 00 00 00 00 00 00 00 00 60
19:14:20.406 [UAVCommandSender] INFO     mavlink.uav_commads.analog_input_handler Gimbal rate: pitch=-45.0deg/s, yaw=-45.0deg/s
19:14:20.406 [UAVCommandSender] INFO     mavlink.uav_commads.commands.payload_commands Sent raw Viewpro frame (20 bytes): 55 aa dc 91 30 01 ee 6c ee 6c 00 00 00 00 00 00 00 00 00 a0
19:14:20.717 [UAVCommandSender] INFO     mavlink.uav_commads.analog_input_handler Gimbal rate: pitch=-45.0deg/s, yaw=-45.0deg/s
19:14:20.717 [UAVCommandSender] INFO     mavlink.uav_commads.commands.payload_commands Sent raw Viewpro frame (20 bytes): 55 aa dc d1 30 01 ee 6c ee 6c 00 00 00 00 00 00 00 00 00 e0
19:14:21.030 [UAVCommandSender] INFO     mavlink.uav_commads.analog_input_handler Gimbal rate: pitch=-45.0deg/s, yaw=-45.0deg/s
19:14:21.031 [UAVCommandSender] INFO     mavlink.uav_commads.commands.payload_commands Sent raw Viewpro frame (20 bytes): 55 aa dc 11 30 01 ee 6c ee 6c 00 00 00 00 00 00 00 00 00 20
19:14:21.344 [UAVCommandSender] INFO     mavlink.uav_commads.analog_input_handler Gimbal rate: pitch=-45.0deg/s, yaw=-45.0deg/s
19:14:21.345 [UAVCommandSender] INFO     mavlink.uav_commads.commands.payload_commands Sent raw Viewpro frame (20 bytes): 55 aa dc 51 30 01 ee 6c ee 6c 00 00 00 00 00 00 00 00 00 60
19:14:21.658 [UAVCommandSender] INFO     mavlink.uav_commads.analog_input_handler Gimbal rate: pitch=-45.0deg/s, yaw=-45.0deg/s
19:14:21.658 [UAVCommandSender] INFO     mavlink.uav_commads.commands.payload_commands Sent raw Viewpro frame (20 bytes): 55 aa dc 91 30 01 ee 6c ee 6c 00 00 00 00 00 00 00 00 00 a0
19:14:21.970 [UAVCommandSender] INFO     mavlink.uav_commads.analog_input_handler Gimbal rate: pitch=-45.0deg/s, yaw=-45.0deg/s
19:14:21.971 [UAVCommandSender] INFO     mavlink.uav_commads.commands.payload_commands Sent raw Viewpro frame (20 bytes): 55 aa dc d1 30 01 ee 6c ee 6c 00 00 00 00 00 00 00 00 00 e0
19:14:22.282 [UAVCommandSender] INFO     mavlink.uav_commads.analog_input_handler Gimbal rate: pitch=-45.0deg/s, yaw=-45.0deg/s
19:14:22.284 [UAVCommandSender] INFO     mavlink.uav_commads.commands.payload_commands Sent raw Viewpro frame (20 bytes): 55 aa dc 11 30 01 ee 6c ee 6c 00 00 00 00 00 00 00 00 00 20
19:14:22.594 [UAVCommandSender] INFO     mavlink.uav_commads.analog_input_handler Gimbal rate: pitch=-45.0deg/s, yaw=-45.0deg/s
19:14:22.595 [UAVCommandSender] INFO     mavlink.uav_commads.commands.payload_commands Sent raw Viewpro frame (20 bytes): 55 aa dc 51 30 01 ee 6c ee 6c 00 00 00 00 00 00 00 00 00 60
19:14:22.906 [UAVCommandSender] INFO     mavlink.uav_commads.analog_input_handler Gimbal rate: pitch=-45.0deg/s, yaw=-45.0deg/s
19:14:22.907 [UAVCommandSender] INFO     mavlink.uav_commads.commands.payload_commands Sent raw Viewpro frame (20 bytes): 55 aa dc 91 30 01 ee 6c ee 6c 00 00 00 00 00 00 00 00 00 a0
19:14:23.219 [UAVCommandSender] INFO     mavlink.uav_commads.analog_input_handler Gimbal rate: pitch=-45.0deg/s, yaw=-45.0deg/s
19:14:23.219 [UAVCommandSender] INFO     mavlink.uav_commads.commands.payload_commands Sent raw Viewpro frame (20 bytes): 55 aa dc d1 30 01 ee 6c ee 6c 00 00 00 00 00 00 00 00 00 e0
19:14:23.532 [UAVCommandSender] INFO     mavlink.uav_commads.analog_input_handler Gimbal rate: pitch=-45.0deg/s, yaw=-45.0deg/s
19:14:23.533 [UAVCommandSender] INFO     mavlink.uav_commads.commands.payload_commands Sent raw Viewpro frame (20 bytes): 55 aa dc 11 30 01 ee 6c ee 6c 00 00 00 00 00 00 00 00 00 20
19:14:23.845 [UAVCommandSender] INFO     mavlink.uav_commads.analog_input_handler Gimbal rate: pitch=-45.0deg/s, yaw=-45.0deg/s
19:14:23.846 [UAVCommandSender] INFO     mavlink.uav_commads.commands.payload_commands Sent raw Viewpro frame (20 bytes): 55 aa dc 51 30 01 ee 6c ee 6c 00 00 00 00 00 00 00 00 00 60
19:14:24.157 [UAVCommandSender] INFO     mavlink.uav_commads.analog_input_handler Gimbal rate: pitch=-45.0deg/s, yaw=-45.0deg/s
19:14:24.157 [UAVCommandSender] INFO     mavlink.uav_commads.commands.payload_commands Sent raw Viewpro frame (20 bytes): 55 aa dc 91 30 01 ee 6c ee 6c 00 00 00 00 00 00 00 00 00 a0
19:14:24.472 [UAVCommandSender] INFO     mavlink.uav_commads.analog_input_handler Gimbal rate: pitch=-45.0deg/s, yaw=-45.0deg/s
19:14:24.473 [UAVCommandSender] INFO     mavlink.uav_commads.commands.payload_commands Sent raw Viewpro frame (20 bytes): 55 aa dc d1 30 01 ee 6c ee 6c 00 00 00 00 00 00 00 00 00 e0
19:14:24.786 [UAVCommandSender] INFO     mavlink.uav_commads.analog_input_handler Gimbal rate: pitch=-45.0deg/s, yaw=-45.0deg/s
19:14:24.786 [UAVCommandSender] INFO     mavlink.uav_commads.commands.payload_commands Sent raw Viewpro frame (20 bytes): 55 aa dc 11 30 01 ee 6c ee 6c 00 00 00 00 00 00 00 00 00 20
19:14:25.098 [UAVCommandSender] INFO     mavlink.uav_commads.analog_input_handler Gimbal rate: pitch=-45.0deg/s, yaw=-45.0deg/s
19:14:25.099 [UAVCommandSender] INFO     mavlink.uav_commads.commands.payload_commands Sent raw Viewpro frame (20 bytes): 55 aa dc 51 30 01 ee 6c ee 6c 00 00 00 00 00 00 00 00 00 60
19:14:25.412 [UAVCommandSender] INFO     mavlink.uav_commads.analog_input_handler Gimbal rate: pitch=-45.0deg/s, yaw=-45.0deg/s
19:14:25.412 [UAVCommandSender] INFO     mavlink.uav_commads.commands.payload_commands Sent raw Viewpro frame (20 bytes): 55 aa dc 91 30 01 ee 6c ee 6c 00 00 00 00 00 00 00 00 00 a0
19:14:25.723 [UAVCommandSender] INFO     mavlink.uav_commads.analog_input_handler Gimbal rate: pitch=-45.0deg/s, yaw=-45.0deg/s
19:14:25.723 [UAVCommandSender] INFO     mavlink.uav_commads.commands.payload_commands Sent raw Viewpro frame (20 bytes): 55 aa dc d1 30 01 ee 6c ee 6c 00 00 00 00 00 00 00 00 00 e0
19:14:26.036 [UAVCommandSender] INFO     mavlink.uav_commads.analog_input_handler Gimbal rate: pitch=-45.0deg/s, yaw=-45.0deg/s
19:14:26.038 [UAVCommandSender] INFO     mavlink.uav_commads.commands.payload_commands Sent raw Viewpro frame (20 bytes): 55 aa dc 11 30 01 ee 6c ee 6c 00 00 00 00 00 00 00 00 00 20
19:14:26.369 [UAVCommandSender] INFO     mavlink.uav_commads.analog_input_handler Gimbal rate: pitch=-45.0deg/s, yaw=-45.0deg/s
19:14:26.369 [UAVCommandSender] INFO     mavlink.uav_commads.commands.payload_commands Sent raw Viewpro frame (20 bytes): 55 aa dc 51 30 01 ee 6c ee 6c 00 00 00 00 00 00 00 00 00 60
19:14:26.682 [UAVCommandSender] INFO     mavlink.uav_commads.analog_input_handler Gimbal rate: pitch=-45.0deg/s, yaw=-45.0deg/s
19:14:26.682 [UAVCommandSender] INFO     mavlink.uav_commads.commands.payload_commands Sent raw Viewpro frame (20 bytes): 55 aa dc 91 30 01 ee 6c ee 6c 00 00 00 00 00 00 00 00 00 a0
19:14:26.992 [UAVCommandSender] INFO     mavlink.uav_commads.analog_input_handler Gimbal rate: pitch=-45.0deg/s, yaw=-45.0deg/s
19:14:26.993 [UAVCommandSender] INFO     mavlink.uav_commads.commands.payload_commands Sent raw Viewpro frame (20 bytes): 55 aa dc d1 30 01 ee 6c ee 6c 00 00 00 00 00 00 00 00 00 e0
19:14:27.304 [UAVCommandSender] INFO     mavlink.uav_commads.analog_input_handler Gimbal rate: pitch=-45.0deg/s, yaw=-45.0deg/s
19:14:27.304 [UAVCommandSender] INFO     mavlink.uav_commads.commands.payload_commands Sent raw Viewpro frame (20 bytes): 55 aa dc 11 30 01 ee 6c ee 6c 00 00 00 00 00 00 00 00 00 20
19:14:27.617 [UAVCommandSender] INFO     mavlink.uav_commads.analog_input_handler Gimbal rate: pitch=-45.0deg/s, yaw=-45.0deg/s
19:14:27.618 [UAVCommandSender] INFO     mavlink.uav_commads.commands.payload_commands Sent raw Viewpro frame (20 bytes): 55 aa dc 51 30 01 ee 6c ee 6c 00 00 00 00 00 00 00 00 00 60
19:14:27.945 [UAVCommandSender] INFO     mavlink.uav_commads.analog_input_handler Gimbal rate: pitch=-45.0deg/s, yaw=-45.0deg/s
19:14:27.945 [UAVCommandSender] INFO     mavlink.uav_commads.commands.payload_commands Sent raw Viewpro frame (20 bytes): 55 aa dc 91 30 01 ee 6c ee 6c 00 00 00 00 00 00 00 00 00 a0
19:14:28.260 [UAVCommandSender] INFO     mavlink.uav_commads.analog_input_handler Gimbal rate: pitch=-45.0deg/s, yaw=-45.0deg/s
19:14:28.261 [UAVCommandSender] INFO     mavlink.uav_commads.commands.payload_commands Sent raw Viewpro frame (20 bytes): 55 aa dc d1 30 01 ee 6c ee 6c 00 00 00 00 00 00 00 00 00 e0
19:14:28.573 [UAVCommandSender] INFO     mavlink.uav_commads.analog_input_handler Gimbal rate: pitch=-45.0deg/s, yaw=-45.0deg/s
19:14:28.573 [UAVCommandSender] INFO     mavlink.uav_commads.commands.payload_commands Sent raw Viewpro frame (20 bytes): 55 aa dc 11 30 01 ee 6c ee 6c 00 00 00 00 00 00 00 00 00 20
19:14:28.883 [UAVCommandSender] INFO     mavlink.uav_commads.analog_input_handler Gimbal rate: pitch=-45.0deg/s, yaw=-45.0deg/s
19:14:28.883 [UAVCommandSender] INFO     mavlink.uav_commads.commands.payload_commands Sent raw Viewpro frame (20 bytes): 55 aa dc 51 30 01 ee 6c ee 6c 00 00 00 00 00 00 00 00 00 60
19:14:29.195 [UAVCommandSender] INFO     mavlink.uav_commads.analog_input_handler Gimbal rate: pitch=-45.0deg/s, yaw=-45.0deg/s
19:14:29.197 [UAVCommandSender] INFO     mavlink.uav_commads.commands.payload_commands Sent raw Viewpro frame (20 bytes): 55 aa dc 91 30 01 ee 6c ee 6c 00 00 00 00 00 00 00 00 00 a0
19:14:29.517 [UAVCommandSender] INFO     mavlink.uav_commads.analog_input_handler Gimbal rate: pitch=-45.0deg/s, yaw=-45.0deg/s
19:14:29.518 [UAVCommandSender] INFO     mavlink.uav_commads.commands.payload_commands Sent raw Viewpro frame (20 bytes): 55 aa dc d1 30 01 ee 6c ee 6c 00 00 00 00 00 00 00 00 00 e0
19:14:29.828 [UAVCommandSender] INFO     mavlink.uav_commads.analog_input_handler Gimbal rate: pitch=-45.0deg/s, yaw=-45.0deg/s
19:14:29.829 [UAVCommandSender] INFO     mavlink.uav_commads.commands.payload_commands Sent raw Viewpro frame (20 bytes): 55 aa dc 11 30 01 ee 6c ee 6c 00 00 00 00 00 00 00 00 00 20
19:14:30.140 [UAVCommandSender] INFO     mavlink.uav_commads.analog_input_handler Gimbal rate: pitch=-45.0deg/s, yaw=-45.0deg/s
19:14:30.140 [UAVCommandSender] INFO     mavlink.uav_commads.commands.payload_commands Sent raw Viewpro frame (20 bytes): 55 aa dc 51 30 01 ee 6c ee 6c 00 00 00 00 00 00 00 00 00 60
19:14:30.453 [UAVCommandSender] INFO     mavlink.uav_commads.analog_input_handler Gimbal rate: pitch=-45.0deg/s, yaw=-45.0deg/s
19:14:30.453 [UAVCommandSender] INFO     mavlink.uav_commads.commands.payload_commands Sent raw Viewpro frame (20 bytes): 55 aa dc 91 30 01 ee 6c ee 6c 00 00 00 00 00 00 00 00 00 a0
19:14:30.768 [UAVCommandSender] INFO     mavlink.uav_commads.analog_input_handler Gimbal rate: pitch=-45.0deg/s, yaw=-45.0deg/s
19:14:30.768 [UAVCommandSender] INFO     mavlink.uav_commads.commands.payload_commands Sent raw Viewpro frame (20 bytes): 55 aa dc d1 30 01 ee 6c ee 6c 00 00 00 00 00 00 00 00 00 e0
19:14:31.070 [UAVCommandSender] INFO     mavlink.uav_commads.analog_input_handler Gimbal rate: pitch=-45.0deg/s, yaw=-45.0deg/s
19:14:31.071 [UAVCommandSender] INFO     mavlink.uav_commads.commands.payload_commands Sent raw Viewpro frame (20 bytes): 55 aa dc 11 30 01 ee 6c ee 6c 00 00 00 00 00 00 00 00 00 20
19:14:31.378 [UAVCommandSender] INFO     mavlink.uav_commads.analog_input_handler Gimbal rate: pitch=-45.0deg/s, yaw=-45.0deg/s
19:14:31.378 [UAVCommandSender] INFO     mavlink.uav_commads.commands.payload_commands Sent raw Viewpro frame (20 bytes): 55 aa dc 51 30 01 ee 6c ee 6c 00 00 00 00 00 00 00 00 00 60
19:14:31.690 [UAVCommandSender] INFO     mavlink.uav_commads.analog_input_handler Gimbal rate: pitch=-45.0deg/s, yaw=-45.0deg/s
19:14:31.690 [UAVCommandSender] INFO     mavlink.uav_commads.commands.payload_commands Sent raw Viewpro frame (20 bytes): 55 aa dc 91 30 01 ee 6c ee 6c 00 00 00 00 00 00 00 00 00 a0
19:14:32.003 [UAVCommandSender] INFO     mavlink.uav_commads.analog_input_handler Gimbal rate: pitch=-45.0deg/s, yaw=-45.0deg/s
19:14:32.004 [UAVCommandSender] INFO     mavlink.uav_commads.commands.payload_commands Sent raw Viewpro frame (20 bytes): 55 aa dc d1 30 01 ee 6c ee 6c 00 00 00 00 00 00 00 00 00 e0
19:14:32.318 [UAVCommandSender] INFO     mavlink.uav_commads.analog_input_handler Gimbal rate: pitch=-45.0deg/s, yaw=-45.0deg/s
19:14:32.319 [UAVCommandSender] INFO     mavlink.uav_commads.commands.payload_commands Sent raw Viewpro frame (20 bytes): 55 aa dc 11 30 01 ee 6c ee 6c 00 00 00 00 00 00 00 00 00 20
19:14:32.719 [UAVCommandSender] INFO     mavlink.uav_commads.analog_input_handler Gimbal rate: pitch=-45.0deg/s, yaw=-45.0deg/s
19:14:32.720 [UAVCommandSender] INFO     mavlink.uav_commads.commands.payload_commands Sent raw Viewpro frame (20 bytes): 55 aa dc 51 30 01 ee 6c ee 6c 00 00 00 00 00 00 00 00 00 60
19:14:33.103 [UAVCommandSender] INFO     mavlink.uav_commads.analog_input_handler Gimbal rate: pitch=-45.0deg/s, yaw=-45.0deg/s
19:14:33.104 [UAVCommandSender] INFO     mavlink.uav_commads.commands.payload_commands Sent raw Viewpro frame (20 bytes): 55 aa dc 91 30 01 ee 6c ee 6c 00 00 00 00 00 00 00 00 00 a0
19:14:33.416 [UAVCommandSender] INFO     mavlink.uav_commads.analog_input_handler Gimbal rate: pitch=-45.0deg/s, yaw=-45.0deg/s
19:14:33.420 [UAVCommandSender] INFO     mavlink.uav_commads.commands.payload_commands Sent raw Viewpro frame (20 bytes): 55 aa dc d1 30 01 ee 6c ee 6c 00 00 00 00 00 00 00 00 00 e0
19:14:50.945 [Thread-1 (_run) ] INFO     serial_controller.serial_handler Scanning for STM32 on COM ports...
19:14:50.946 [Thread-2 (_run) ] INFO     mavlink.mavlink_worker         [command-sender] connecting to udpin:0.0.0.0:14551...
19:14:50.946 [MainThread      ] INFO     API.panel_sync               PanelStateSync: started.
19:14:50.947 [MainThread      ] INFO     __main__                     Controller started.
19:14:50.976 [Thread-2 (_run) ] INFO     mavlink.mavlink_worker         [command-sender] connected on udpin:0.0.0.0:14551.
19:14:50.977 [Thread-2 (_run) ] INFO     mavlink.mavlink_worker       UAVCommandSender waiting for heartbeat...
19:14:50.978 [Thread-1 (_run) ] INFO     serial_controller.serial_handler No STM32 device found on any COM port.
19:15:01.000 [Thread-2 (_run) ] WARNING  mavlink.mavlink_worker       UAVCommandSender: no heartbeat within 10s — closing and retrying.
19:15:01.004 [Thread-2 (_run) ] INFO     mavlink.uav_commads.command_sender UAVCommandSender connected.
19:15:01.005 [UAVCommandSender] INFO     mavlink.uav_commads.analog_input_handler Gimbal rate: pitch=-45.0deg/s, yaw=-45.0deg/s
19:15:01.005 [Thread-2 (_run) ] INFO     mavlink.mavlink_worker       UAVCommandSender loop started.
19:15:01.006 [UAVCommandSender] INFO     mavlink.uav_commads.commands.payload_commands Sent raw Viewpro frame (20 bytes): 55 aa dc 11 30 01 ee 6c ee 6c 00 00 00 00 00 00 00 00 00 20
19:15:01.313 [UAVCommandSender] INFO     mavlink.uav_commads.analog_input_handler Gimbal rate: pitch=-45.0deg/s, yaw=-45.0deg/s
19:15:01.314 [UAVCommandSender] INFO     mavlink.uav_commads.commands.payload_commands Sent raw Viewpro frame (20 bytes): 55 aa dc 51 30 01 ee 6c ee 6c 00 00 00 00 00 00 00 00 00 60
19:15:01.727 [UAVCommandSender] INFO     mavlink.uav_commads.analog_input_handler Gimbal rate: pitch=-45.0deg/s, yaw=-45.0deg/s
19:15:01.732 [UAVCommandSender] INFO     mavlink.uav_commads.commands.payload_commands Sent raw Viewpro frame (20 bytes): 55 aa dc 91 30 01 ee 6c ee 6c 00 00 00 00 00 00 00 00 00 a0
19:15:02.094 [UAVCommandSender] INFO     mavlink.uav_commads.analog_input_handler Gimbal rate: pitch=-45.0deg/s, yaw=-45.0deg/s
19:15:02.097 [UAVCommandSender] INFO     mavlink.uav_commads.commands.payload_commands Sent raw Viewpro frame (20 bytes): 55 aa dc d1 30 01 ee 6c ee 6c 00 00 00 00 00 00 00 00 00 e0
19:15:02.519 [UAVCommandSender] INFO     mavlink.uav_commads.analog_input_handler Gimbal rate: pitch=-45.0deg/s, yaw=-45.0deg/s
19:15:02.520 [UAVCommandSender] INFO     mavlink.uav_commads.commands.payload_commands Sent raw Viewpro frame (20 bytes): 55 aa dc 11 30 01 ee 6c ee 6c 00 00 00 00 00 00 00 00 00 20
19:15:02.832 [UAVCommandSender] INFO     mavlink.uav_commads.analog_input_handler Gimbal rate: pitch=-45.0deg/s, yaw=-45.0deg/s
19:15:02.833 [UAVCommandSender] INFO     mavlink.uav_commads.commands.payload_commands Sent raw Viewpro frame (20 bytes): 55 aa dc 51 30 01 ee 6c ee 6c 00 00 00 00 00 00 00 00 00 60
19:15:03.148 [UAVCommandSender] INFO     mavlink.uav_commads.analog_input_handler Gimbal rate: pitch=-45.0deg/s, yaw=-45.0deg/s
19:15:03.148 [UAVCommandSender] INFO     mavlink.uav_commads.commands.payload_commands Sent raw Viewpro frame (20 bytes): 55 aa dc 91 30 01 ee 6c ee 6c 00 00 00 00 00 00 00 00 00 a0
19:15:03.453 [UAVCommandSender] INFO     mavlink.uav_commads.analog_input_handler Gimbal rate: pitch=-45.0deg/s, yaw=-45.0deg/s
19:15:03.453 [UAVCommandSender] INFO     mavlink.uav_commads.commands.payload_commands Sent raw Viewpro frame (20 bytes): 55 aa dc d1 30 01 ee 6c ee 6c 00 00 00 00 00 00 00 00 00 e0
19:15:03.879 [UAVCommandSender] INFO     mavlink.uav_commads.analog_input_handler Gimbal rate: pitch=-45.0deg/s, yaw=-45.0deg/s
19:15:03.881 [UAVCommandSender] INFO     mavlink.uav_commads.commands.payload_commands Sent raw Viewpro frame (20 bytes): 55 aa dc 11 30 01 ee 6c ee 6c 00 00 00 00 00 00 00 00 00 20
19:15:26.588 [Thread-1 (_run) ] INFO     serial_controller.serial_handler Scanning for STM32 on COM ports...
19:15:26.588 [Thread-2 (_run) ] INFO     mavlink.mavlink_worker         [command-sender] connecting to udpin:0.0.0.0:14551...
19:15:26.589 [MainThread      ] INFO     API.panel_sync               PanelStateSync: started.
19:15:26.589 [MainThread      ] INFO     __main__                     Controller started.
19:15:26.618 [Thread-2 (_run) ] INFO     mavlink.mavlink_worker         [command-sender] connected on udpin:0.0.0.0:14551.
19:15:26.619 [Thread-2 (_run) ] INFO     mavlink.mavlink_worker       UAVCommandSender waiting for heartbeat...
19:15:26.620 [Thread-1 (_run) ] INFO     serial_controller.serial_handler No STM32 device found on any COM port.
19:15:36.634 [Thread-2 (_run) ] WARNING  mavlink.mavlink_worker       UAVCommandSender: no heartbeat within 10s — closing and retrying.
19:15:36.638 [Thread-2 (_run) ] INFO     mavlink.uav_commads.command_sender UAVCommandSender connected.
19:15:36.639 [UAVCommandSender] INFO     mavlink.uav_commads.analog_input_handler Gimbal rate: pitch=-45.0deg/s, yaw=-45.0deg/s
19:15:36.639 [Thread-2 (_run) ] INFO     mavlink.mavlink_worker       UAVCommandSender loop started.
19:15:36.639 [UAVCommandSender] INFO     mavlink.uav_commads.commands.payload_commands Sent raw Viewpro frame (20 bytes): 55 aa dc 11 30 01 ee 6c ee 6c 00 00 00 00 00 00 00 00 00 20
19:15:36.946 [UAVCommandSender] INFO     mavlink.uav_commads.analog_input_handler Gimbal rate: pitch=-45.0deg/s, yaw=-45.0deg/s
19:15:36.947 [UAVCommandSender] INFO     mavlink.uav_commads.commands.payload_commands Sent raw Viewpro frame (20 bytes): 55 aa dc 51 30 01 ee 6c ee 6c 00 00 00 00 00 00 00 00 00 60
19:15:37.260 [UAVCommandSender] INFO     mavlink.uav_commads.analog_input_handler Gimbal rate: pitch=-45.0deg/s, yaw=-45.0deg/s
19:15:37.261 [UAVCommandSender] INFO     mavlink.uav_commads.commands.payload_commands Sent raw Viewpro frame (20 bytes): 55 aa dc 91 30 01 ee 6c ee 6c 00 00 00 00 00 00 00 00 00 a0
19:15:37.563 [UAVCommandSender] INFO     mavlink.uav_commads.analog_input_handler Gimbal rate: pitch=-45.0deg/s, yaw=-45.0deg/s
19:15:37.563 [UAVCommandSender] INFO     mavlink.uav_commads.commands.payload_commands Sent raw Viewpro frame (20 bytes): 55 aa dc d1 30 01 ee 6c ee 6c 00 00 00 00 00 00 00 00 00 e0
19:15:37.877 [UAVCommandSender] INFO     mavlink.uav_commads.analog_input_handler Gimbal rate: pitch=-45.0deg/s, yaw=-45.0deg/s
19:15:37.877 [UAVCommandSender] INFO     mavlink.uav_commads.commands.payload_commands Sent raw Viewpro frame (20 bytes): 55 aa dc 11 30 01 ee 6c ee 6c 00 00 00 00 00 00 00 00 00 20
19:15:38.278 [UAVCommandSender] INFO     mavlink.uav_commads.analog_input_handler Gimbal rate: pitch=-45.0deg/s, yaw=-45.0deg/s
19:15:38.280 [UAVCommandSender] INFO     mavlink.uav_commads.commands.payload_commands Sent raw Viewpro frame (20 bytes): 55 aa dc 51 30 01 ee 6c ee 6c 00 00 00 00 00 00 00 00 00 60
19:15:38.592 [UAVCommandSender] INFO     mavlink.uav_commads.analog_input_handler Gimbal rate: pitch=-45.0deg/s, yaw=-45.0deg/s
19:15:38.593 [UAVCommandSender] INFO     mavlink.uav_commads.commands.payload_commands Sent raw Viewpro frame (20 bytes): 55 aa dc 91 30 01 ee 6c ee 6c 00 00 00 00 00 00 00 00 00 a0
19:15:38.907 [UAVCommandSender] INFO     mavlink.uav_commads.analog_input_handler Gimbal rate: pitch=-45.0deg/s, yaw=-45.0deg/s
19:15:38.908 [UAVCommandSender] INFO     mavlink.uav_commads.commands.payload_commands Sent raw Viewpro frame (20 bytes): 55 aa dc d1 30 01 ee 6c ee 6c 00 00 00 00 00 00 00 00 00 e0
19:15:39.222 [UAVCommandSender] INFO     mavlink.uav_commads.analog_input_handler Gimbal rate: pitch=-45.0deg/s, yaw=-45.0deg/s
19:15:39.223 [UAVCommandSender] INFO     mavlink.uav_commads.commands.payload_commands Sent raw Viewpro frame (20 bytes): 55 aa dc 11 30 01 ee 6c ee 6c 00 00 00 00 00 00 00 00 00 20
19:15:39.583 [UAVCommandSender] INFO     mavlink.uav_commads.analog_input_handler Gimbal rate: pitch=-45.0deg/s, yaw=-45.0deg/s
19:15:39.640 [UAVCommandSender] INFO     mavlink.uav_commads.commands.payload_commands Sent raw Viewpro frame (20 bytes): 55 aa dc 51 30 01 ee 6c ee 6c 00 00 00 00 00 00 00 00 00 60
19:16:34.639 [Thread-1 (_run) ] INFO     serial_controller.serial_handler Scanning for STM32 on COM ports...
19:16:34.639 [Thread-2 (_run) ] INFO     mavlink.mavlink_worker         [command-sender] connecting to udpin:0.0.0.0:14551...
19:16:34.640 [MainThread      ] INFO     API.panel_sync               PanelStateSync: started.
19:16:34.641 [MainThread      ] INFO     __main__                     Controller started.
19:16:34.666 [Thread-2 (_run) ] INFO     mavlink.mavlink_worker         [command-sender] connected on udpin:0.0.0.0:14551.
19:16:34.668 [Thread-2 (_run) ] INFO     mavlink.mavlink_worker       UAVCommandSender waiting for heartbeat...
19:16:34.671 [Thread-1 (_run) ] INFO     serial_controller.serial_handler No STM32 device found on any COM port.
19:16:46.380 [Thread-1 (_run) ] INFO     serial_controller.serial_handler Scanning for STM32 on COM ports...
19:16:46.381 [MainThread      ] INFO     API.panel_sync               PanelStateSync: started.
19:16:46.382 [MainThread      ] INFO     __main__                     Controller started.
19:16:46.412 [Thread-1 (_run) ] INFO     serial_controller.serial_handler No STM32 device found on any COM port.
19:17:08.017 [Thread-1 (_run) ] INFO     serial_controller.serial_handler Scanning for STM32 on COM ports...
19:17:08.017 [MainThread      ] INFO     API.panel_sync               PanelStateSync: started.
19:17:08.018 [MainThread      ] INFO     __main__                     Controller started.
19:17:08.048 [Thread-1 (_run) ] INFO     serial_controller.serial_handler No STM32 device found on any COM port.
10:39:58.010 [Thread-1 (_run) ] INFO     serial_controller.serial_handler Scanning for STM32 on COM ports...
10:39:58.010 [MainThread      ] INFO     API.panel_sync               PanelStateSync: started.
10:39:58.012 [MainThread      ] INFO     __main__                     Controller started.
10:39:58.129 [Thread-1 (_run) ] INFO     serial_controller.serial_handler Found STM32 (DFRobot CH340, matched by description) on COM67 — 'USB-Enhanced-SERIAL-D CH344 (COM67)'
10:39:58.134 [Thread-1 (_run) ] INFO     serial_controller.serial_handler STM32 connected on COM67.
10:39:58.134 [SerialReader    ] INFO     serial_controller.serial_handler SerialReader: started.
10:39:58.135 [SerialProcessor ] INFO     serial_controller.serial_handler SerialProcessor: started.
10:39:58.162 [SerialProcessor ] INFO     serial_controller.serial_handler SerialProcessor: unknown type 0x1b — skipping
10:39:58.175 [SerialProcessor ] INFO     serial_controller.serial_handler SerialProcessor: unknown type 0x1b — skipping
10:39:58.176 [SerialProcessor ] INFO     serial_controller.serial_handler SerialProcessor: unknown type 0x1b — skipping
10:39:58.201 [SerialProcessor ] INFO     serial_controller.serial_handler SerialProcessor: unknown type 0x1b — skipping
10:39:58.201 [SerialProcessor ] INFO     serial_controller.serial_handler SerialProcessor: unknown type 0x1b — skipping
10:39:58.227 [SerialProcessor ] INFO     serial_controller.serial_handler SerialProcessor: unknown type 0x1b — skipping
10:39:58.227 [SerialProcessor ] INFO     serial_controller.serial_handler SerialProcessor: unknown type 0x1b — skipping
10:39:58.253 [SerialProcessor ] INFO     serial_controller.serial_handler SerialProcessor: unknown type 0x1b — skipping
10:39:58.265 [SerialProcessor ] INFO     serial_controller.serial_handler SerialProcessor: unknown type 0x1b — skipping
10:39:58.266 [SerialProcessor ] INFO     serial_controller.serial_handler SerialProcessor: unknown type 0x1b — skipping
10:39:58.291 [SerialProcessor ] INFO     serial_controller.serial_handler SerialProcessor: unknown type 0x1b — skipping
10:39:58.292 [SerialProcessor ] INFO     serial_controller.serial_handler SerialProcessor: unknown type 0x1b — skipping
10:39:58.317 [SerialProcessor ] INFO     serial_controller.serial_handler SerialProcessor: unknown type 0x1b — skipping
10:39:58.317 [SerialProcessor ] INFO     serial_controller.serial_handler SerialProcessor: unknown type 0x1b — skipping
10:39:58.343 [SerialProcessor ] INFO     serial_controller.serial_handler SerialProcessor: unknown type 0x1b — skipping
10:39:58.343 [SerialProcessor ] INFO     serial_controller.serial_handler SerialProcessor: unknown type 0x1b — skipping
10:39:58.368 [SerialProcessor ] INFO     serial_controller.serial_handler SerialProcessor: unknown type 0x1b — skipping
10:39:58.381 [SerialProcessor ] INFO     serial_controller.serial_handler SerialProcessor: unknown type 0x1b — skipping
10:39:58.382 [SerialProcessor ] INFO     serial_controller.serial_handler SerialProcessor: unknown type 0x1b — skipping
10:39:58.407 [SerialProcessor ] INFO     serial_controller.serial_handler SerialProcessor: unknown type 0x1b — skipping
10:39:58.407 [SerialProcessor ] INFO     serial_controller.serial_handler SerialProcessor: unknown type 0x1b — skipping
10:39:58.433 [SerialProcessor ] INFO     serial_controller.serial_handler SerialProcessor: unknown type 0x1b — skipping
10:39:58.462 [SerialProcessor ] INFO     serial_controller.serial_handler SerialProcessor: unknown type 0x1b — skipping
10:39:58.465 [SerialProcessor ] INFO     serial_controller.serial_handler SerialProcessor: unknown type 0x1b — skipping
10:39:58.471 [SerialProcessor ] INFO     serial_controller.serial_handler SerialProcessor: unknown type 0x1b — skipping
10:39:58.511 [SerialProcessor ] INFO     serial_controller.serial_handler SerialProcessor: unknown type 0x1b — skipping
10:39:58.512 [SerialProcessor ] INFO     serial_controller.serial_handler SerialProcessor: unknown type 0x1b — skipping
10:39:58.513 [SerialProcessor ] INFO     serial_controller.serial_handler SerialProcessor: unknown type 0x1b — skipping
10:39:58.523 [SerialProcessor ] INFO     serial_controller.serial_handler SerialProcessor: unknown type 0x1b — skipping
10:39:58.544 [SerialProcessor ] INFO     serial_controller.serial_handler SerialProcessor: unknown type 0x1b — skipping
10:39:58.548 [SerialProcessor ] INFO     serial_controller.serial_handler SerialProcessor: unknown type 0x1b — skipping
10:39:58.549 [SerialProcessor ] INFO     serial_controller.serial_handler SerialProcessor: unknown type 0x1b — skipping
10:39:58.574 [SerialProcessor ] INFO     serial_controller.serial_handler SerialProcessor: unknown type 0x1b — skipping
10:39:58.587 [SerialProcessor ] INFO     serial_controller.serial_handler SerialProcessor: unknown type 0x1b — skipping
10:39:58.588 [SerialProcessor ] INFO     serial_controller.serial_handler SerialProcessor: unknown type 0x1b — skipping
10:39:58.613 [SerialProcessor ] INFO     serial_controller.serial_handler SerialProcessor: unknown type 0x1b — skipping
10:39:58.613 [SerialProcessor ] INFO     serial_controller.serial_handler SerialProcessor: unknown type 0x1b — skipping
10:39:58.639 [SerialProcessor ] INFO     serial_controller.serial_handler SerialProcessor: unknown type 0x1b — skipping
10:39:58.639 [SerialProcessor ] INFO     serial_controller.serial_handler SerialProcessor: unknown type 0x1b — skipping
10:39:58.664 [SerialProcessor ] INFO     serial_controller.serial_handler SerialProcessor: unknown type 0x1b — skipping
10:39:58.677 [SerialProcessor ] INFO     serial_controller.serial_handler SerialProcessor: unknown type 0x1b — skipping
10:39:58.678 [SerialProcessor ] INFO     serial_controller.serial_handler SerialProcessor: unknown type 0x1b — skipping
10:39:58.703 [SerialProcessor ] INFO     serial_controller.serial_handler SerialProcessor: unknown type 0x1b — skipping
10:39:58.704 [SerialProcessor ] INFO     serial_controller.serial_handler SerialProcessor: unknown type 0x1b — skipping
10:39:58.729 [SerialProcessor ] INFO     serial_controller.serial_handler SerialProcessor: unknown type 0x1b — skipping
10:39:58.729 [SerialProcessor ] INFO     serial_controller.serial_handler SerialProcessor: unknown type 0x1b — skipping
10:39:58.754 [SerialProcessor ] INFO     serial_controller.serial_handler SerialProcessor: unknown type 0x1b — skipping
10:39:58.755 [SerialProcessor ] INFO     serial_controller.serial_handler SerialProcessor: unknown type 0x1b — skipping
10:39:58.780 [SerialProcessor ] INFO     serial_controller.serial_handler SerialProcessor: unknown type 0x1b — skipping
10:39:58.793 [SerialProcessor ] INFO     serial_controller.serial_handler SerialProcessor: unknown type 0x1b — skipping
10:39:58.794 [SerialProcessor ] INFO     serial_controller.serial_handler SerialProcessor: unknown type 0x1b — skipping
10:39:58.819 [SerialProcessor ] INFO     serial_controller.serial_handler SerialProcessor: unknown type 0x1b — skipping
10:39:58.819 [SerialProcessor ] INFO     serial_controller.serial_handler SerialProcessor: unknown type 0x1b — skipping
10:39:58.845 [SerialProcessor ] INFO     serial_controller.serial_handler SerialProcessor: unknown type 0x1b — skipping
10:39:58.845 [SerialProcessor ] INFO     serial_controller.serial_handler SerialProcessor: unknown type 0x1b — skipping
10:39:58.870 [SerialProcessor ] INFO     serial_controller.serial_handler SerialProcessor: unknown type 0x1b — skipping
10:39:58.883 [SerialProcessor ] INFO     serial_controller.serial_handler SerialProcessor: unknown type 0x1b — skipping
10:39:58.883 [SerialProcessor ] INFO     serial_controller.serial_handler SerialProcessor: unknown type 0x1b — skipping
10:39:58.909 [SerialProcessor ] INFO     serial_controller.serial_handler SerialProcessor: unknown type 0x1b — skipping
10:39:58.909 [SerialProcessor ] INFO     serial_controller.serial_handler SerialProcessor: unknown type 0x1b — skipping
10:39:58.935 [SerialProcessor ] INFO     serial_controller.serial_handler SerialProcessor: unknown type 0x1b — skipping
10:39:58.935 [SerialProcessor ] INFO     serial_controller.serial_handler SerialProcessor: unknown type 0x1b — skipping
10:39:58.960 [SerialProcessor ] INFO     serial_controller.serial_handler SerialProcessor: unknown type 0x1b — skipping
10:39:58.961 [SerialProcessor ] INFO     serial_controller.serial_handler SerialProcessor: unknown type 0x1b — skipping
10:39:58.986 [SerialProcessor ] INFO     serial_controller.serial_handler SerialProcessor: unknown type 0x1b — skipping
10:39:58.999 [SerialProcessor ] INFO     serial_controller.serial_handler SerialProcessor: unknown type 0x1b — skipping
10:39:58.999 [SerialProcessor ] INFO     serial_controller.serial_handler SerialProcessor: unknown type 0x1b — skipping
10:39:59.025 [SerialProcessor ] INFO     serial_controller.serial_handler SerialProcessor: unknown type 0x1b — skipping
10:39:59.025 [SerialProcessor ] INFO     serial_controller.serial_handler SerialProcessor: unknown type 0x1b — skipping
10:39:59.050 [SerialProcessor ] INFO     serial_controller.serial_handler SerialProcessor: unknown type 0x1b — skipping
10:39:59.051 [SerialProcessor ] INFO     serial_controller.serial_handler SerialProcessor: unknown type 0x1b — skipping
10:39:59.076 [SerialProcessor ] INFO     serial_controller.serial_handler SerialProcessor: unknown type 0x1b — skipping
10:39:59.089 [SerialProcessor ] INFO     serial_controller.serial_handler SerialProcessor: unknown type 0x1b — skipping
10:39:59.089 [SerialProcessor ] INFO     serial_controller.serial_handler SerialProcessor: unknown type 0x1b — skipping
10:39:59.115 [SerialProcessor ] INFO     serial_controller.serial_handler SerialProcessor: unknown type 0x1b — skipping
10:39:59.115 [SerialProcessor ] INFO     serial_controller.serial_handler SerialProcessor: unknown type 0x1b — skipping
10:39:59.140 [SerialProcessor ] INFO     serial_controller.serial_handler SerialProcessor: unknown type 0x1b — skipping
10:39:59.141 [SerialProcessor ] INFO     serial_controller.serial_handler SerialProcessor: unknown type 0x1b — skipping
10:39:59.166 [SerialProcessor ] INFO     serial_controller.serial_handler SerialProcessor: unknown type 0x1b — skipping
10:39:59.167 [SerialProcessor ] INFO     serial_controller.serial_handler SerialProcessor: unknown type 0x1b — skipping
10:39:59.192 [SerialProcessor ] INFO     serial_controller.serial_handler SerialProcessor: unknown type 0x1b — skipping
10:39:59.205 [SerialProcessor ] INFO     serial_controller.serial_handler SerialProcessor: unknown type 0x1b — skipping
10:39:59.205 [SerialProcessor ] INFO     serial_controller.serial_handler SerialProcessor: unknown type 0x1b — skipping
10:39:59.231 [SerialProcessor ] INFO     serial_controller.serial_handler SerialProcessor: unknown type 0x1b — skipping
10:39:59.231 [SerialProcessor ] INFO     serial_controller.serial_handler SerialProcessor: unknown type 0x1b — skipping
10:39:59.256 [SerialProcessor ] INFO     serial_controller.serial_handler SerialProcessor: unknown type 0x1b — skipping
10:39:59.257 [SerialProcessor ] INFO     serial_controller.serial_handler SerialProcessor: unknown type 0x1b — skipping
10:39:59.282 [SerialProcessor ] INFO     serial_controller.serial_handler SerialProcessor: unknown type 0x1b — skipping
10:39:59.295 [SerialProcessor ] INFO     serial_controller.serial_handler SerialProcessor: unknown type 0x1b — skipping
10:39:59.295 [SerialProcessor ] INFO     serial_controller.serial_handler SerialProcessor: unknown type 0x1b — skipping
10:39:59.320 [SerialProcessor ] INFO     serial_controller.serial_handler SerialProcessor: unknown type 0x1b — skipping
10:39:59.321 [SerialProcessor ] INFO     serial_controller.serial_handler SerialProcessor: unknown type 0x1b — skipping
10:39:59.346 [SerialProcessor ] INFO     serial_controller.serial_handler SerialProcessor: unknown type 0x1b — skipping
10:39:59.347 [SerialProcessor ] INFO     serial_controller.serial_handler SerialProcessor: unknown type 0x1b — skipping
10:39:59.372 [SerialProcessor ] INFO     serial_controller.serial_handler SerialProcessor: unknown type 0x1b — skipping
10:39:59.373 [SerialProcessor ] INFO     serial_controller.serial_handler SerialProcessor: unknown type 0x1b — skipping
10:39:59.398 [SerialProcessor ] INFO     serial_controller.serial_handler SerialProcessor: unknown type 0x1b — skipping
10:39:59.411 [SerialProcessor ] INFO     serial_controller.serial_handler SerialProcessor: unknown type 0x1b — skipping
10:39:59.411 [SerialProcessor ] INFO     serial_controller.serial_handler SerialProcessor: unknown type 0x1b — skipping
10:39:59.436 [SerialProcessor ] INFO     serial_controller.serial_handler SerialProcessor: unknown type 0x1b — skipping
10:39:59.437 [SerialProcessor ] INFO     serial_controller.serial_handler SerialProcessor: unknown type 0x1b — skipping
10:39:59.462 [SerialProcessor ] INFO     serial_controller.serial_handler SerialProcessor: unknown type 0x1b — skipping
10:39:59.463 [SerialProcessor ] INFO     serial_controller.serial_handler SerialProcessor: unknown type 0x1b — skipping
10:39:59.488 [SerialProcessor ] INFO     serial_controller.serial_handler SerialProcessor: unknown type 0x1b — skipping
10:39:59.500 [SerialProcessor ] INFO     serial_controller.serial_handler SerialProcessor: unknown type 0x1b — skipping
10:39:59.501 [SerialProcessor ] INFO     serial_controller.serial_handler SerialProcessor: unknown type 0x1b — skipping
10:39:59.526 [SerialProcessor ] INFO     serial_controller.serial_handler SerialProcessor: unknown type 0x1b — skipping
10:39:59.527 [SerialProcessor ] INFO     serial_controller.serial_handler SerialProcessor: unknown type 0x1b — skipping
10:39:59.552 [SerialProcessor ] INFO     serial_controller.serial_handler SerialProcessor: unknown type 0x1b — skipping
10:39:59.552 [SerialProcessor ] INFO     serial_controller.serial_handler SerialProcessor: unknown type 0x1b — skipping
10:39:59.578 [SerialProcessor ] INFO     serial_controller.serial_handler SerialProcessor: unknown type 0x1b — skipping
10:39:59.578 [SerialProcessor ] INFO     serial_controller.serial_handler SerialProcessor: unknown type 0x1b — skipping
10:39:59.604 [SerialProcessor ] INFO     serial_controller.serial_handler SerialProcessor: unknown type 0x1b — skipping
10:39:59.616 [SerialProcessor ] INFO     serial_controller.serial_handler SerialProcessor: unknown type 0x1b — skipping
10:39:59.617 [SerialProcessor ] INFO     serial_controller.serial_handler SerialProcessor: unknown type 0x1b — skipping
10:39:59.642 [SerialProcessor ] INFO     serial_controller.serial_handler SerialProcessor: unknown type 0x1b — skipping
10:39:59.643 [SerialProcessor ] INFO     serial_controller.serial_handler SerialProcessor: unknown type 0x1b — skipping
10:39:59.668 [SerialProcessor ] INFO     serial_controller.serial_handler SerialProcessor: unknown type 0x1b — skipping
10:39:59.668 [SerialProcessor ] INFO     serial_controller.serial_handler SerialProcessor: unknown type 0x1b — skipping
10:39:59.694 [SerialProcessor ] INFO     serial_controller.serial_handler SerialProcessor: unknown type 0x1b — skipping
10:39:59.706 [SerialProcessor ] INFO     serial_controller.serial_handler SerialProcessor: unknown type 0x1b — skipping
10:39:59.707 [SerialProcessor ] INFO     serial_controller.serial_handler SerialProcessor: unknown type 0x1b — skipping
10:39:59.734 [SerialProcessor ] INFO     serial_controller.serial_handler SerialProcessor: unknown type 0x1b — skipping
10:39:59.734 [SerialProcessor ] INFO     serial_controller.serial_handler SerialProcessor: unknown type 0x1b — skipping
10:39:59.758 [SerialProcessor ] INFO     serial_controller.serial_handler SerialProcessor: unknown type 0x1b — skipping
10:39:59.758 [SerialProcessor ] INFO     serial_controller.serial_handler SerialProcessor: unknown type 0x1b — skipping
10:39:59.784 [SerialProcessor ] INFO     serial_controller.serial_handler SerialProcessor: unknown type 0x1b — skipping
10:39:59.784 [SerialProcessor ] INFO     serial_controller.serial_handler SerialProcessor: unknown type 0x1b — skipping
10:39:59.810 [SerialProcessor ] INFO     serial_controller.serial_handler SerialProcessor: unknown type 0x1b — skipping
10:39:59.822 [SerialProcessor ] INFO     serial_controller.serial_handler SerialProcessor: unknown type 0x1b — skipping
10:39:59.823 [SerialProcessor ] INFO     serial_controller.serial_handler SerialProcessor: unknown type 0x1b — skipping
10:39:59.848 [SerialProcessor ] INFO     serial_controller.serial_handler SerialProcessor: unknown type 0x1b — skipping
10:39:59.848 [SerialProcessor ] INFO     serial_controller.serial_handler SerialProcessor: unknown type 0x1b — skipping
10:39:59.874 [SerialProcessor ] INFO     serial_controller.serial_handler SerialProcessor: unknown type 0x1b — skipping
10:39:59.874 [SerialProcessor ] INFO     serial_controller.serial_handler SerialProcessor: unknown type 0x1b — skipping
10:39:59.900 [SerialProcessor ] INFO     serial_controller.serial_handler SerialProcessor: unknown type 0x1b — skipping
10:39:59.912 [SerialProcessor ] INFO     serial_controller.serial_handler SerialProcessor: unknown type 0x1b — skipping
10:39:59.913 [SerialProcessor ] INFO     serial_controller.serial_handler SerialProcessor: unknown type 0x1b — skipping
10:39:59.938 [SerialProcessor ] INFO     serial_controller.serial_handler SerialProcessor: unknown type 0x1b — skipping
10:39:59.939 [SerialProcessor ] INFO     serial_controller.serial_handler SerialProcessor: unknown type 0x1b — skipping
10:39:59.964 [SerialProcessor ] INFO     serial_controller.serial_handler SerialProcessor: unknown type 0x1b — skipping
10:39:59.996 [SerialProcessor ] INFO     serial_controller.serial_handler SerialProcessor: unknown type 0x1b — skipping
10:40:00.029 [SerialProcessor ] INFO     serial_controller.serial_handler SerialProcessor: unknown type 0x1b — skipping
10:40:00.031 [SerialProcessor ] INFO     serial_controller.serial_handler SerialProcessor: unknown type 0x1b — skipping
10:40:00.032 [SerialProcessor ] INFO     serial_controller.serial_handler SerialProcessor: unknown type 0x1b — skipping
10:40:00.032 [SerialProcessor ] INFO     serial_controller.serial_handler SerialProcessor: unknown type 0x1b — skipping
10:40:00.033 [SerialProcessor ] INFO     serial_controller.serial_handler SerialProcessor: unknown type 0x1b — skipping
10:40:00.054 [SerialProcessor ] INFO     serial_controller.serial_handler SerialProcessor: unknown type 0x1b — skipping
10:40:00.059 [SerialProcessor ] INFO     serial_controller.serial_handler SerialProcessor: unknown type 0x1b — skipping
10:40:00.080 [SerialProcessor ] INFO     serial_controller.serial_handler SerialProcessor: unknown type 0x1b — skipping
10:40:00.080 [SerialProcessor ] INFO     serial_controller.serial_handler SerialProcessor: unknown type 0x1b — skipping
10:40:00.105 [SerialProcessor ] INFO     serial_controller.serial_handler SerialProcessor: unknown type 0x1b — skipping
10:40:00.118 [SerialProcessor ] INFO     serial_controller.serial_handler SerialProcessor: unknown type 0x1b — skipping
10:40:00.119 [SerialProcessor ] INFO     serial_controller.serial_handler SerialProcessor: unknown type 0x1b — skipping
10:40:00.144 [SerialProcessor ] INFO     serial_controller.serial_handler SerialProcessor: unknown type 0x1b — skipping
10:40:00.145 [SerialProcessor ] INFO     serial_controller.serial_handler SerialProcessor: unknown type 0x1b — skipping
10:40:00.170 [SerialProcessor ] INFO     serial_controller.serial_handler SerialProcessor: unknown type 0x1b — skipping
10:40:00.170 [SerialProcessor ] INFO     serial_controller.serial_handler SerialProcessor: unknown type 0x1b — skipping
10:40:00.196 [SerialProcessor ] INFO     serial_controller.serial_handler SerialProcessor: unknown type 0x1b — skipping
10:40:00.196 [SerialProcessor ] INFO     serial_controller.serial_handler SerialProcessor: unknown type 0x1b — skipping
10:40:00.221 [SerialProcessor ] INFO     serial_controller.serial_handler SerialProcessor: unknown type 0x1b — skipping
10:40:00.234 [SerialProcessor ] INFO     serial_controller.serial_handler SerialProcessor: unknown type 0x1b — skipping
10:40:00.235 [SerialProcessor ] INFO     serial_controller.serial_handler SerialProcessor: unknown type 0x1b — skipping
10:40:00.260 [SerialProcessor ] INFO     serial_controller.serial_handler SerialProcessor: unknown type 0x1b — skipping
10:40:00.260 [SerialProcessor ] INFO     serial_controller.serial_handler SerialProcessor: unknown type 0x1b — skipping
10:40:00.286 [SerialProcessor ] INFO     serial_controller.serial_handler SerialProcessor: unknown type 0x1b — skipping
10:40:00.286 [SerialProcessor ] INFO     serial_controller.serial_handler SerialProcessor: unknown type 0x1b — skipping
10:40:00.311 [SerialProcessor ] INFO     serial_controller.serial_handler SerialProcessor: unknown type 0x1b — skipping
10:40:00.324 [SerialProcessor ] INFO     serial_controller.serial_handler SerialProcessor: unknown type 0x1b — skipping
10:40:00.325 [SerialProcessor ] INFO     serial_controller.serial_handler SerialProcessor: unknown type 0x1b — skipping
10:40:00.350 [SerialProcessor ] INFO     serial_controller.serial_handler SerialProcessor: unknown type 0x1b — skipping
10:40:00.351 [SerialProcessor ] INFO     serial_controller.serial_handler SerialProcessor: unknown type 0x1b — skipping
10:40:00.376 [SerialProcessor ] INFO     serial_controller.serial_handler SerialProcessor: unknown type 0x1b — skipping
10:40:00.376 [SerialProcessor ] INFO     serial_controller.serial_handler SerialProcessor: unknown type 0x1b — skipping
10:40:00.402 [SerialProcessor ] INFO     serial_controller.serial_handler SerialProcessor: unknown type 0x1b — skipping
10:40:00.402 [SerialProcessor ] INFO     serial_controller.serial_handler SerialProcessor: unknown type 0x1b — skipping
10:40:00.427 [SerialProcessor ] INFO     serial_controller.serial_handler SerialProcessor: unknown type 0x1b — skipping
10:40:00.440 [SerialProcessor ] INFO     serial_controller.serial_handler SerialProcessor: unknown type 0x1b — skipping
10:40:00.440 [SerialProcessor ] INFO     serial_controller.serial_handler SerialProcessor: unknown type 0x1b — skipping
10:40:00.466 [SerialProcessor ] INFO     serial_controller.serial_handler SerialProcessor: unknown type 0x1b — skipping
10:40:00.466 [SerialProcessor ] INFO     serial_controller.serial_handler SerialProcessor: unknown type 0x1b — skipping
10:40:00.492 [SerialProcessor ] INFO     serial_controller.serial_handler SerialProcessor: unknown type 0x1b — skipping
10:40:00.492 [SerialProcessor ] INFO     serial_controller.serial_handler SerialProcessor: unknown type 0x1b — skipping
10:40:00.517 [SerialProcessor ] INFO     serial_controller.serial_handler SerialProcessor: unknown type 0x1b — skipping
10:40:00.530 [SerialProcessor ] INFO     serial_controller.serial_handler SerialProcessor: unknown type 0x1b — skipping
10:40:00.531 [SerialProcessor ] INFO     serial_controller.serial_handler SerialProcessor: unknown type 0x1b — skipping
10:40:00.556 [SerialProcessor ] INFO     serial_controller.serial_handler SerialProcessor: unknown type 0x1b — skipping
10:40:00.557 [SerialProcessor ] INFO     serial_controller.serial_handler SerialProcessor: unknown type 0x1b — skipping
10:40:00.582 [SerialProcessor ] INFO     serial_controller.serial_handler SerialProcessor: unknown type 0x1b — skipping
10:40:00.582 [SerialProcessor ] INFO     serial_controller.serial_handler SerialProcessor: unknown type 0x1b — skipping
10:40:00.608 [SerialProcessor ] INFO     serial_controller.serial_handler SerialProcessor: unknown type 0x1b — skipping
10:40:00.608 [SerialProcessor ] INFO     serial_controller.serial_handler SerialProcessor: unknown type 0x1b — skipping
10:40:00.633 [SerialProcessor ] INFO     serial_controller.serial_handler SerialProcessor: unknown type 0x1b — skipping
10:40:00.646 [SerialProcessor ] INFO     serial_controller.serial_handler SerialProcessor: unknown type 0x1b — skipping
10:40:00.648 [SerialProcessor ] INFO     serial_controller.serial_handler SerialProcessor: unknown type 0x1b — skipping
10:40:00.672 [SerialProcessor ] INFO     serial_controller.serial_handler SerialProcessor: unknown type 0x1b — skipping
10:40:00.673 [SerialProcessor ] INFO     serial_controller.serial_handler SerialProcessor: unknown type 0x1b — skipping
10:40:00.697 [SerialProcessor ] INFO     serial_controller.serial_handler SerialProcessor: unknown type 0x1b — skipping
10:40:00.698 [SerialProcessor ] INFO     serial_controller.serial_handler SerialProcessor: unknown type 0x1b — skipping
10:40:00.723 [SerialProcessor ] INFO     serial_controller.serial_handler SerialProcessor: unknown type 0x1b — skipping
10:40:00.736 [SerialProcessor ] INFO     serial_controller.serial_handler SerialProcessor: unknown type 0x1b — skipping
10:40:00.737 [SerialProcessor ] INFO     serial_controller.serial_handler SerialProcessor: unknown type 0x1b — skipping
10:40:00.762 [SerialProcessor ] INFO     serial_controller.serial_handler SerialProcessor: unknown type 0x1b — skipping
10:40:00.762 [SerialProcessor ] INFO     serial_controller.serial_handler SerialProcessor: unknown type 0x1b — skipping
10:40:00.788 [SerialProcessor ] INFO     serial_controller.serial_handler SerialProcessor: unknown type 0x1b — skipping
10:40:00.789 [SerialProcessor ] INFO     serial_controller.serial_handler SerialProcessor: unknown type 0x1b — skipping
10:40:00.813 [SerialProcessor ] INFO     serial_controller.serial_handler SerialProcessor: unknown type 0x1b — skipping
10:40:00.814 [SerialProcessor ] INFO     serial_controller.serial_handler SerialProcessor: unknown type 0x1b — skipping
10:40:00.839 [SerialProcessor ] INFO     serial_controller.serial_handler SerialProcessor: unknown type 0x1b — skipping
10:40:00.852 [SerialProcessor ] INFO     serial_controller.serial_handler SerialProcessor: unknown type 0x1b — skipping
10:40:00.860 [SerialProcessor ] INFO     serial_controller.serial_handler SerialProcessor: unknown type 0x1b — skipping
10:40:00.878 [SerialProcessor ] INFO     serial_controller.serial_handler SerialProcessor: unknown type 0x1b — skipping
10:40:00.878 [SerialProcessor ] INFO     serial_controller.serial_handler SerialProcessor: unknown type 0x1b — skipping
10:40:00.903 [SerialProcessor ] INFO     serial_controller.serial_handler SerialProcessor: unknown type 0x1b — skipping
10:40:00.904 [SerialProcessor ] INFO     serial_controller.serial_handler SerialProcessor: unknown type 0x1b — skipping
10:40:00.929 [SerialProcessor ] INFO     serial_controller.serial_handler SerialProcessor: unknown type 0x1b — skipping
10:40:00.942 [SerialProcessor ] INFO     serial_controller.serial_handler SerialProcessor: unknown type 0x1b — skipping
10:40:00.942 [SerialProcessor ] INFO     serial_controller.serial_handler SerialProcessor: unknown type 0x1b — skipping
10:40:00.968 [SerialProcessor ] INFO     serial_controller.serial_handler SerialProcessor: unknown type 0x1b — skipping
10:40:00.968 [SerialProcessor ] INFO     serial_controller.serial_handler SerialProcessor: unknown type 0x1b — skipping
10:40:00.994 [SerialProcessor ] INFO     serial_controller.serial_handler SerialProcessor: unknown type 0x1b — skipping
10:40:00.994 [SerialProcessor ] INFO     serial_controller.serial_handler SerialProcessor: unknown type 0x1b — skipping
10:40:01.019 [SerialProcessor ] INFO     serial_controller.serial_handler SerialProcessor: unknown type 0x1b — skipping
10:40:01.020 [SerialProcessor ] INFO     serial_controller.serial_handler SerialProcessor: unknown type 0x1b — skipping
10:40:01.045 [SerialProcessor ] INFO     serial_controller.serial_handler SerialProcessor: unknown type 0x1b — skipping
10:40:01.058 [SerialProcessor ] INFO     serial_controller.serial_handler SerialProcessor: unknown type 0x1b — skipping
10:40:01.059 [SerialProcessor ] INFO     serial_controller.serial_handler SerialProcessor: unknown type 0x1b — skipping
10:40:01.084 [SerialProcessor ] INFO     serial_controller.serial_handler SerialProcessor: unknown type 0x1b — skipping
10:40:01.084 [SerialProcessor ] INFO     serial_controller.serial_handler SerialProcessor: unknown type 0x1b — skipping
10:40:01.109 [SerialProcessor ] INFO     serial_controller.serial_handler SerialProcessor: unknown type 0x1b — skipping
10:40:01.110 [SerialProcessor ] INFO     serial_controller.serial_handler SerialProcessor: unknown type 0x1b — skipping
10:40:01.135 [SerialProcessor ] INFO     serial_controller.serial_handler SerialProcessor: unknown type 0x1b — skipping
10:40:01.148 [SerialProcessor ] INFO     serial_controller.serial_handler SerialProcessor: unknown type 0x1b — skipping
10:40:01.148 [SerialProcessor ] INFO     serial_controller.serial_handler SerialProcessor: unknown type 0x1b — skipping
10:40:01.174 [SerialProcessor ] INFO     serial_controller.serial_handler SerialProcessor: unknown type 0x1b — skipping
10:40:01.174 [SerialProcessor ] INFO     serial_controller.serial_handler SerialProcessor: unknown type 0x1b — skipping
10:40:01.199 [SerialProcessor ] INFO     serial_controller.serial_handler SerialProcessor: unknown type 0x1b — skipping
10:40:01.200 [SerialProcessor ] INFO     serial_controller.serial_handler SerialProcessor: unknown type 0x1b — skipping
10:40:01.225 [SerialProcessor ] INFO     serial_controller.serial_handler SerialProcessor: unknown type 0x1b — skipping
10:40:01.226 [SerialProcessor ] INFO     serial_controller.serial_handler SerialProcessor: unknown type 0x1b — skipping
10:40:01.251 [SerialProcessor ] INFO     serial_controller.serial_handler SerialProcessor: unknown type 0x1b — skipping
10:40:01.264 [SerialProcessor ] INFO     serial_controller.serial_handler SerialProcessor: unknown type 0x1b — skipping
10:40:01.265 [SerialProcessor ] INFO     serial_controller.serial_handler SerialProcessor: unknown type 0x1b — skipping
10:40:01.290 [SerialProcessor ] INFO     serial_controller.serial_handler SerialProcessor: unknown type 0x1b — skipping
10:40:01.290 [SerialProcessor ] INFO     serial_controller.serial_handler SerialProcessor: unknown type 0x1b — skipping
10:40:01.315 [SerialProcessor ] INFO     serial_controller.serial_handler SerialProcessor: unknown type 0x1b — skipping
10:40:01.316 [SerialProcessor ] INFO     serial_controller.serial_handler SerialProcessor: unknown type 0x1b — skipping
10:40:01.341 [SerialProcessor ] INFO     serial_controller.serial_handler SerialProcessor: unknown type 0x1b — skipping
10:40:01.354 [SerialProcessor ] INFO     serial_controller.serial_handler SerialProcessor: unknown type 0x1b — skipping
10:40:01.356 [SerialProcessor ] INFO     serial_controller.serial_handler SerialProcessor: unknown type 0x1b — skipping
10:40:01.380 [SerialProcessor ] INFO     serial_controller.serial_handler SerialProcessor: unknown type 0x1b — skipping
10:40:01.420 [SerialProcessor ] INFO     serial_controller.serial_handler SerialProcessor: unknown type 0x1b — skipping
10:40:01.437 [SerialProcessor ] INFO     serial_controller.serial_handler SerialProcessor: unknown type 0x1b — skipping
10:40:01.464 [SerialProcessor ] INFO     serial_controller.serial_handler SerialProcessor: unknown type 0x1b — skipping
10:40:01.464 [SerialProcessor ] INFO     serial_controller.serial_handler SerialProcessor: unknown type 0x1b — skipping
10:40:01.467 [SerialProcessor ] INFO     serial_controller.serial_handler SerialProcessor: unknown type 0x1b — skipping
10:40:01.467 [SerialProcessor ] INFO     serial_controller.serial_handler SerialProcessor: unknown type 0x1b — skipping
10:40:01.469 [SerialProcessor ] INFO     serial_controller.serial_handler SerialProcessor: unknown type 0x1b — skipping
10:40:01.470 [SerialProcessor ] INFO     serial_controller.serial_handler SerialProcessor: unknown type 0x1b — skipping
10:40:01.496 [SerialProcessor ] INFO     serial_controller.serial_handler SerialProcessor: unknown type 0x1b — skipping
10:40:01.496 [SerialProcessor ] INFO     serial_controller.serial_handler SerialProcessor: unknown type 0x1b — skipping
10:40:01.521 [SerialProcessor ] INFO     serial_controller.serial_handler SerialProcessor: unknown type 0x1b — skipping
10:40:01.522 [SerialProcessor ] INFO     serial_controller.serial_handler SerialProcessor: unknown type 0x1b — skipping
10:40:01.547 [SerialProcessor ] INFO     serial_controller.serial_handler SerialProcessor: unknown type 0x1b — skipping
10:40:01.560 [SerialProcessor ] INFO     serial_controller.serial_handler SerialProcessor: unknown type 0x1b — skipping
10:40:01.560 [SerialProcessor ] INFO     serial_controller.serial_handler SerialProcessor: unknown type 0x1b — skipping
10:40:01.585 [SerialProcessor ] INFO     serial_controller.serial_handler SerialProcessor: unknown type 0x1b — skipping
10:40:01.586 [SerialProcessor ] INFO     serial_controller.serial_handler SerialProcessor: unknown type 0x1b — skipping
10:40:01.611 [SerialProcessor ] INFO     serial_controller.serial_handler SerialProcessor: unknown type 0x1b — skipping
10:40:01.612 [SerialProcessor ] INFO     serial_controller.serial_handler SerialProcessor: unknown type 0x1b — skipping
10:40:01.637 [SerialProcessor ] INFO     serial_controller.serial_handler SerialProcessor: unknown type 0x1b — skipping
10:40:01.639 [SerialProcessor ] INFO     serial_controller.serial_handler SerialProcessor: unknown type 0x1b — skipping
10:40:01.663 [SerialProcessor ] INFO     serial_controller.serial_handler SerialProcessor: unknown type 0x1b — skipping
10:40:01.676 [SerialProcessor ] INFO     serial_controller.serial_handler SerialProcessor: unknown type 0x1b — skipping
10:40:01.676 [SerialProcessor ] INFO     serial_controller.serial_handler SerialProcessor: unknown type 0x1b — skipping
10:40:01.702 [SerialProcessor ] INFO     serial_controller.serial_handler SerialProcessor: unknown type 0x1b — skipping
10:40:01.702 [SerialProcessor ] INFO     serial_controller.serial_handler SerialProcessor: unknown type 0x1b — skipping
10:40:01.727 [SerialProcessor ] INFO     serial_controller.serial_handler SerialProcessor: unknown type 0x1b — skipping
10:40:01.728 [SerialProcessor ] INFO     serial_controller.serial_handler SerialProcessor: unknown type 0x1b — skipping
10:40:01.753 [SerialProcessor ] INFO     serial_controller.serial_handler SerialProcessor: unknown type 0x1b — skipping
10:40:01.765 [SerialProcessor ] INFO     serial_controller.serial_handler SerialProcessor: unknown type 0x1b — skipping
10:40:01.766 [SerialProcessor ] INFO     serial_controller.serial_handler SerialProcessor: unknown type 0x1b — skipping
10:40:01.791 [SerialProcessor ] INFO     serial_controller.serial_handler SerialProcessor: unknown type 0x1b — skipping
10:40:01.792 [SerialProcessor ] INFO     serial_controller.serial_handler SerialProcessor: unknown type 0x1b — skipping
10:40:01.817 [SerialProcessor ] INFO     serial_controller.serial_handler SerialProcessor: unknown type 0x1b — skipping
10:40:01.818 [SerialProcessor ] INFO     serial_controller.serial_handler SerialProcessor: unknown type 0x1b — skipping
10:40:01.843 [SerialProcessor ] INFO     serial_controller.serial_handler SerialProcessor: unknown type 0x1b — skipping
10:40:01.843 [SerialProcessor ] INFO     serial_controller.serial_handler SerialProcessor: unknown type 0x1b — skipping
10:40:01.869 [SerialProcessor ] INFO     serial_controller.serial_handler SerialProcessor: unknown type 0x1b — skipping
10:40:01.881 [SerialProcessor ] INFO     serial_controller.serial_handler SerialProcessor: unknown type 0x1b — skipping
10:40:01.882 [SerialProcessor ] INFO     serial_controller.serial_handler SerialProcessor: unknown type 0x1b — skipping
10:40:01.907 [SerialProcessor ] INFO     serial_controller.serial_handler SerialProcessor: unknown type 0x1b — skipping
10:40:01.908 [SerialProcessor ] INFO     serial_controller.serial_handler SerialProcessor: unknown type 0x1b — skipping
10:40:01.933 [SerialProcessor ] INFO     serial_controller.serial_handler SerialProcessor: unknown type 0x1b — skipping
10:40:01.933 [SerialProcessor ] INFO     serial_controller.serial_handler SerialProcessor: unknown type 0x1b — skipping
10:40:01.959 [SerialProcessor ] INFO     serial_controller.serial_handler SerialProcessor: unknown type 0x1b — skipping
10:40:01.971 [SerialProcessor ] INFO     serial_controller.serial_handler SerialProcessor: unknown type 0x1b — skipping
10:40:01.973 [SerialProcessor ] INFO     serial_controller.serial_handler SerialProcessor: unknown type 0x1b — skipping
10:40:01.997 [SerialProcessor ] INFO     serial_controller.serial_handler SerialProcessor: unknown type 0x1b — skipping
10:40:01.998 [SerialProcessor ] INFO     serial_controller.serial_handler SerialProcessor: unknown type 0x1b — skipping
10:40:02.023 [SerialProcessor ] INFO     serial_controller.serial_handler SerialProcessor: unknown type 0x1b — skipping
10:40:02.024 [SerialProcessor ] INFO     serial_controller.serial_handler SerialProcessor: unknown type 0x1b — skipping
10:40:02.049 [SerialProcessor ] INFO     serial_controller.serial_handler SerialProcessor: unknown type 0x1b — skipping
10:40:02.049 [SerialProcessor ] INFO     serial_controller.serial_handler SerialProcessor: unknown type 0x1b — skipping
10:40:02.075 [SerialProcessor ] INFO     serial_controller.serial_handler SerialProcessor: unknown type 0x1b — skipping
10:40:02.087 [SerialProcessor ] INFO     serial_controller.serial_handler SerialProcessor: unknown type 0x1b — skipping
10:40:02.088 [SerialProcessor ] INFO     serial_controller.serial_handler SerialProcessor: unknown type 0x1b — skipping
10:40:02.113 [SerialProcessor ] INFO     serial_controller.serial_handler SerialProcessor: unknown type 0x1b — skipping
10:40:02.113 [SerialProcessor ] INFO     serial_controller.serial_handler SerialProcessor: unknown type 0x1b — skipping
10:40:02.139 [SerialProcessor ] INFO     serial_controller.serial_handler SerialProcessor: unknown type 0x1b — skipping
10:40:02.140 [SerialProcessor ] INFO     serial_controller.serial_handler SerialProcessor: unknown type 0x1b — skipping
10:40:02.164 [SerialProcessor ] INFO     serial_controller.serial_handler SerialProcessor: unknown type 0x1b — skipping
10:40:02.177 [SerialProcessor ] INFO     serial_controller.serial_handler SerialProcessor: unknown type 0x1b — skipping
10:40:02.177 [SerialProcessor ] INFO     serial_controller.serial_handler SerialProcessor: unknown type 0x1b — skipping
10:40:02.203 [SerialProcessor ] INFO     serial_controller.serial_handler SerialProcessor: unknown type 0x1b — skipping
10:40:02.203 [SerialProcessor ] INFO     serial_controller.serial_handler SerialProcessor: unknown type 0x1b — skipping
10:40:02.229 [SerialProcessor ] INFO     serial_controller.serial_handler SerialProcessor: unknown type 0x1b — skipping
10:40:02.229 [SerialProcessor ] INFO     serial_controller.serial_handler SerialProcessor: unknown type 0x1b — skipping
10:40:02.255 [SerialProcessor ] INFO     serial_controller.serial_handler SerialProcessor: unknown type 0x1b — skipping
10:40:02.255 [SerialProcessor ] INFO     serial_controller.serial_handler SerialProcessor: unknown type 0x1b — skipping
10:40:02.280 [SerialProcessor ] INFO     serial_controller.serial_handler SerialProcessor: unknown type 0x1b — skipping
10:40:02.293 [SerialProcessor ] INFO     serial_controller.serial_handler SerialProcessor: unknown type 0x1b — skipping
10:40:02.293 [SerialProcessor ] INFO     serial_controller.serial_handler SerialProcessor: unknown type 0x1b — skipping
10:40:02.319 [SerialProcessor ] INFO     serial_controller.serial_handler SerialProcessor: unknown type 0x1b — skipping
10:40:02.319 [SerialProcessor ] INFO     serial_controller.serial_handler SerialProcessor: unknown type 0x1b — skipping
10:40:02.345 [SerialProcessor ] INFO     serial_controller.serial_handler SerialProcessor: unknown type 0x1b — skipping
10:40:02.345 [SerialProcessor ] INFO     serial_controller.serial_handler SerialProcessor: unknown type 0x1b — skipping
10:40:02.370 [SerialProcessor ] INFO     serial_controller.serial_handler SerialProcessor: unknown type 0x1b — skipping
10:40:02.383 [SerialProcessor ] INFO     serial_controller.serial_handler SerialProcessor: unknown type 0x1b — skipping
10:40:02.383 [SerialProcessor ] INFO     serial_controller.serial_handler SerialProcessor: unknown type 0x1b — skipping
10:40:02.409 [SerialProcessor ] INFO     serial_controller.serial_handler SerialProcessor: unknown type 0x1b — skipping
10:40:02.409 [SerialProcessor ] INFO     serial_controller.serial_handler SerialProcessor: unknown type 0x1b — skipping
10:40:02.435 [SerialProcessor ] INFO     serial_controller.serial_handler SerialProcessor: unknown type 0x1b — skipping
10:40:02.435 [SerialProcessor ] INFO     serial_controller.serial_handler SerialProcessor: unknown type 0x1b — skipping
10:40:02.460 [SerialProcessor ] INFO     serial_controller.serial_handler SerialProcessor: unknown type 0x1b — skipping
10:40:02.461 [SerialProcessor ] INFO     serial_controller.serial_handler SerialProcessor: unknown type 0x1b — skipping
10:40:02.486 [SerialProcessor ] INFO     serial_controller.serial_handler SerialProcessor: unknown type 0x1b — skipping
10:40:02.499 [SerialProcessor ] INFO     serial_controller.serial_handler SerialProcessor: unknown type 0x1b — skipping
10:40:02.499 [SerialProcessor ] INFO     serial_controller.serial_handler SerialProcessor: unknown type 0x1b — skipping
10:40:02.526 [SerialProcessor ] INFO     serial_controller.serial_handler SerialProcessor: unknown type 0x1b — skipping
10:40:02.527 [SerialProcessor ] INFO     serial_controller.serial_handler SerialProcessor: unknown type 0x1b — skipping
10:40:02.550 [SerialProcessor ] INFO     serial_controller.serial_handler SerialProcessor: unknown type 0x1b — skipping
10:40:02.551 [SerialProcessor ] INFO     serial_controller.serial_handler SerialProcessor: unknown type 0x1b — skipping
10:40:02.576 [SerialProcessor ] INFO     serial_controller.serial_handler SerialProcessor: unknown type 0x1b — skipping
10:40:02.589 [SerialProcessor ] INFO     serial_controller.serial_handler SerialProcessor: unknown type 0x1b — skipping
10:40:02.589 [SerialProcessor ] INFO     serial_controller.serial_handler SerialProcessor: unknown type 0x1b — skipping
10:40:02.615 [SerialProcessor ] INFO     serial_controller.serial_handler SerialProcessor: unknown type 0x1b — skipping
10:40:02.615 [SerialProcessor ] INFO     serial_controller.serial_handler SerialProcessor: unknown type 0x1b — skipping
10:40:02.640 [SerialProcessor ] INFO     serial_controller.serial_handler SerialProcessor: unknown type 0x1b — skipping
10:40:02.641 [SerialProcessor ] INFO     serial_controller.serial_handler SerialProcessor: unknown type 0x1b — skipping
10:40:02.666 [SerialProcessor ] INFO     serial_controller.serial_handler SerialProcessor: unknown type 0x1b — skipping
10:40:02.666 [SerialProcessor ] INFO     serial_controller.serial_handler SerialProcessor: unknown type 0x1b — skipping
10:40:02.692 [SerialProcessor ] INFO     serial_controller.serial_handler SerialProcessor: unknown type 0x1b — skipping
10:40:02.705 [SerialProcessor ] INFO     serial_controller.serial_handler SerialProcessor: unknown type 0x1b — skipping
10:40:02.705 [SerialProcessor ] INFO     serial_controller.serial_handler SerialProcessor: unknown type 0x1b — skipping
10:40:02.730 [SerialProcessor ] INFO     serial_controller.serial_handler SerialProcessor: unknown type 0x1b — skipping
10:40:02.731 [SerialProcessor ] INFO     serial_controller.serial_handler SerialProcessor: unknown type 0x1b — skipping
10:40:02.756 [SerialProcessor ] INFO     serial_controller.serial_handler SerialProcessor: unknown type 0x1b — skipping
10:40:02.756 [SerialProcessor ] INFO     serial_controller.serial_handler SerialProcessor: unknown type 0x1b — skipping
10:40:02.782 [SerialProcessor ] INFO     serial_controller.serial_handler SerialProcessor: unknown type 0x1b — skipping
10:40:02.795 [SerialProcessor ] INFO     serial_controller.serial_handler SerialProcessor: unknown type 0x1b — skipping
10:40:02.795 [SerialProcessor ] INFO     serial_controller.serial_handler SerialProcessor: unknown type 0x1b — skipping
10:40:02.820 [SerialProcessor ] INFO     serial_controller.serial_handler SerialProcessor: unknown type 0x1b — skipping
10:40:02.821 [SerialProcessor ] INFO     serial_controller.serial_handler SerialProcessor: unknown type 0x1b — skipping
10:40:02.846 [SerialProcessor ] INFO     serial_controller.serial_handler SerialProcessor: unknown type 0x1b — skipping
10:40:02.846 [SerialProcessor ] INFO     serial_controller.serial_handler SerialProcessor: unknown type 0x1b — skipping
10:40:02.872 [SerialProcessor ] INFO     serial_controller.serial_handler SerialProcessor: unknown type 0x1b — skipping
10:40:02.872 [SerialProcessor ] INFO     serial_controller.serial_handler SerialProcessor: unknown type 0x1b — skipping
10:40:02.898 [SerialProcessor ] INFO     serial_controller.serial_handler SerialProcessor: unknown type 0x1b — skipping
10:40:02.910 [SerialProcessor ] INFO     serial_controller.serial_handler SerialProcessor: unknown type 0x1b — skipping
10:40:02.911 [SerialProcessor ] INFO     serial_controller.serial_handler SerialProcessor: unknown type 0x1b — skipping
10:40:02.936 [SerialProcessor ] INFO     serial_controller.serial_handler SerialProcessor: unknown type 0x1b — skipping
10:40:02.937 [SerialProcessor ] INFO     serial_controller.serial_handler SerialProcessor: unknown type 0x1b — skipping
10:40:02.963 [SerialProcessor ] INFO     serial_controller.serial_handler SerialProcessor: unknown type 0x1b — skipping
10:40:02.964 [SerialProcessor ] INFO     serial_controller.serial_handler SerialProcessor: unknown type 0x1b — skipping
10:40:02.988 [SerialProcessor ] INFO     serial_controller.serial_handler SerialProcessor: unknown type 0x1b — skipping
10:40:03.001 [SerialProcessor ] INFO     serial_controller.serial_handler SerialProcessor: unknown type 0x1b — skipping
10:40:03.001 [SerialProcessor ] INFO     serial_controller.serial_handler SerialProcessor: unknown type 0x1b — skipping
10:40:03.026 [SerialProcessor ] INFO     serial_controller.serial_handler SerialProcessor: unknown type 0x1b — skipping
10:40:03.027 [SerialProcessor ] INFO     serial_controller.serial_handler SerialProcessor: unknown type 0x1b — skipping
10:40:03.052 [SerialProcessor ] INFO     serial_controller.serial_handler SerialProcessor: unknown type 0x1b — skipping
10:40:03.052 [SerialProcessor ] INFO     serial_controller.serial_handler SerialProcessor: unknown type 0x1b — skipping
10:40:03.078 [SerialProcessor ] INFO     serial_controller.serial_handler SerialProcessor: unknown type 0x1b — skipping
10:40:03.078 [SerialProcessor ] INFO     serial_controller.serial_handler SerialProcessor: unknown type 0x1b — skipping
10:40:03.103 [SerialProcessor ] INFO     serial_controller.serial_handler SerialProcessor: unknown type 0x1b — skipping
10:40:03.116 [SerialProcessor ] INFO     serial_controller.serial_handler SerialProcessor: unknown type 0x1b — skipping
10:40:03.117 [SerialProcessor ] INFO     serial_controller.serial_handler SerialProcessor: unknown type 0x1b — skipping
10:40:03.142 [SerialProcessor ] INFO     serial_controller.serial_handler SerialProcessor: unknown type 0x1b — skipping
10:40:03.142 [SerialProcessor ] INFO     serial_controller.serial_handler SerialProcessor: unknown type 0x1b — skipping
10:40:03.168 [SerialProcessor ] INFO     serial_controller.serial_handler SerialProcessor: unknown type 0x1b — skipping
10:40:03.168 [SerialProcessor ] INFO     serial_controller.serial_handler SerialProcessor: unknown type 0x1b — skipping
10:40:03.194 [SerialProcessor ] INFO     serial_controller.serial_handler SerialProcessor: unknown type 0x1b — skipping
10:40:03.206 [SerialProcessor ] INFO     serial_controller.serial_handler SerialProcessor: unknown type 0x1b — skipping
10:40:03.207 [SerialProcessor ] INFO     serial_controller.serial_handler SerialProcessor: unknown type 0x1b — skipping
10:40:03.232 [SerialProcessor ] INFO     serial_controller.serial_handler SerialProcessor: unknown type 0x1b — skipping
10:40:03.233 [SerialProcessor ] INFO     serial_controller.serial_handler SerialProcessor: unknown type 0x1b — skipping
10:40:03.258 [SerialProcessor ] INFO     serial_controller.serial_handler SerialProcessor: unknown type 0x1b — skipping
10:40:03.258 [SerialProcessor ] INFO     serial_controller.serial_handler SerialProcessor: unknown type 0x1b — skipping
10:40:03.284 [SerialProcessor ] INFO     serial_controller.serial_handler SerialProcessor: unknown type 0x1b — skipping
10:40:03.284 [SerialProcessor ] INFO     serial_controller.serial_handler SerialProcessor: unknown type 0x1b — skipping
10:40:03.310 [SerialProcessor ] INFO     serial_controller.serial_handler SerialProcessor: unknown type 0x1b — skipping
10:40:03.322 [SerialProcessor ] INFO     serial_controller.serial_handler SerialProcessor: unknown type 0x1b — skipping
10:40:03.323 [SerialProcessor ] INFO     serial_controller.serial_handler SerialProcessor: unknown type 0x1b — skipping
10:40:03.348 [SerialProcessor ] INFO     serial_controller.serial_handler SerialProcessor: unknown type 0x1b — skipping
10:40:03.348 [SerialProcessor ] INFO     serial_controller.serial_handler SerialProcessor: unknown type 0x1b — skipping
10:40:03.374 [SerialProcessor ] INFO     serial_controller.serial_handler SerialProcessor: unknown type 0x1b — skipping
10:40:03.374 [SerialProcessor ] INFO     serial_controller.serial_handler SerialProcessor: unknown type 0x1b — skipping
10:40:03.400 [SerialProcessor ] INFO     serial_controller.serial_handler SerialProcessor: unknown type 0x1b — skipping
10:40:03.412 [SerialProcessor ] INFO     serial_controller.serial_handler SerialProcessor: unknown type 0x1b — skipping
10:40:03.413 [SerialProcessor ] INFO     serial_controller.serial_handler SerialProcessor: unknown type 0x1b — skipping
10:40:03.438 [SerialProcessor ] INFO     serial_controller.serial_handler SerialProcessor: unknown type 0x1b — skipping
10:40:03.439 [SerialProcessor ] INFO     serial_controller.serial_handler SerialProcessor: unknown type 0x1b — skipping
10:40:03.464 [SerialProcessor ] INFO     serial_controller.serial_handler SerialProcessor: unknown type 0x1b — skipping
10:40:03.464 [SerialProcessor ] INFO     serial_controller.serial_handler SerialProcessor: unknown type 0x1b — skipping
10:40:03.490 [SerialProcessor ] INFO     serial_controller.serial_handler SerialProcessor: unknown type 0x1b — skipping
10:40:03.490 [SerialProcessor ] INFO     serial_controller.serial_handler SerialProcessor: unknown type 0x1b — skipping
10:40:03.515 [SerialProcessor ] INFO     serial_controller.serial_handler SerialProcessor: unknown type 0x1b — skipping
10:40:03.528 [SerialProcessor ] INFO     serial_controller.serial_handler SerialProcessor: unknown type 0x1b — skipping
10:40:03.528 [SerialProcessor ] INFO     serial_controller.serial_handler SerialProcessor: unknown type 0x1b — skipping
10:40:03.554 [SerialProcessor ] INFO     serial_controller.serial_handler SerialProcessor: unknown type 0x1b — skipping
10:40:03.554 [SerialProcessor ] INFO     serial_controller.serial_handler SerialProcessor: unknown type 0x1b — skipping
10:40:03.580 [SerialProcessor ] INFO     serial_controller.serial_handler SerialProcessor: unknown type 0x1b — skipping
10:40:03.580 [SerialProcessor ] INFO     serial_controller.serial_handler SerialProcessor: unknown type 0x1b — skipping
10:40:03.606 [SerialProcessor ] INFO     serial_controller.serial_handler SerialProcessor: unknown type 0x1b — skipping
10:40:03.618 [SerialProcessor ] INFO     serial_controller.serial_handler SerialProcessor: unknown type 0x1b — skipping
10:40:03.618 [SerialProcessor ] INFO     serial_controller.serial_handler SerialProcessor: unknown type 0x1b — skipping
10:40:03.644 [SerialProcessor ] INFO     serial_controller.serial_handler SerialProcessor: unknown type 0x1b — skipping
10:40:03.645 [SerialProcessor ] INFO     serial_controller.serial_handler SerialProcessor: unknown type 0x1b — skipping
10:40:03.670 [SerialProcessor ] INFO     serial_controller.serial_handler SerialProcessor: unknown type 0x1b — skipping
10:40:03.670 [SerialProcessor ] INFO     serial_controller.serial_handler SerialProcessor: unknown type 0x1b — skipping
10:40:03.695 [SerialProcessor ] INFO     serial_controller.serial_handler SerialProcessor: unknown type 0x1b — skipping
10:40:03.696 [SerialProcessor ] INFO     serial_controller.serial_handler SerialProcessor: unknown type 0x1b — skipping
10:40:03.721 [SerialProcessor ] INFO     serial_controller.serial_handler SerialProcessor: unknown type 0x1b — skipping
10:40:03.734 [SerialProcessor ] INFO     serial_controller.serial_handler SerialProcessor: unknown type 0x1b — skipping
10:40:03.734 [SerialProcessor ] INFO     serial_controller.serial_handler SerialProcessor: unknown type 0x1b — skipping
10:40:03.760 [SerialProcessor ] INFO     serial_controller.serial_handler SerialProcessor: unknown type 0x1b — skipping
10:40:03.760 [SerialProcessor ] INFO     serial_controller.serial_handler SerialProcessor: unknown type 0x1b — skipping
10:40:03.785 [SerialProcessor ] INFO     serial_controller.serial_handler SerialProcessor: unknown type 0x1b — skipping
10:40:03.786 [SerialProcessor ] INFO     serial_controller.serial_handler SerialProcessor: unknown type 0x1b — skipping
10:40:03.811 [SerialProcessor ] INFO     serial_controller.serial_handler SerialProcessor: unknown type 0x1b — skipping
10:40:03.824 [SerialProcessor ] INFO     serial_controller.serial_handler SerialProcessor: unknown type 0x1b — skipping
10:40:03.824 [SerialProcessor ] INFO     serial_controller.serial_handler SerialProcessor: unknown type 0x1b — skipping
10:40:03.850 [SerialProcessor ] INFO     serial_controller.serial_handler SerialProcessor: unknown type 0x1b — skipping
10:40:03.850 [SerialProcessor ] INFO     serial_controller.serial_handler SerialProcessor: unknown type 0x1b — skipping
10:40:03.876 [SerialProcessor ] INFO     serial_controller.serial_handler SerialProcessor: unknown type 0x1b — skipping
10:40:03.876 [SerialProcessor ] INFO     serial_controller.serial_handler SerialProcessor: unknown type 0x1b — skipping
10:40:03.901 [SerialProcessor ] INFO     serial_controller.serial_handler SerialProcessor: unknown type 0x1b — skipping
10:40:03.902 [SerialProcessor ] INFO     serial_controller.serial_handler SerialProcessor: unknown type 0x1b — skipping
10:40:03.927 [SerialProcessor ] INFO     serial_controller.serial_handler SerialProcessor: unknown type 0x1b — skipping
10:40:03.940 [SerialProcessor ] INFO     serial_controller.serial_handler SerialProcessor: unknown type 0x1b — skipping
10:40:03.940 [SerialProcessor ] INFO     serial_controller.serial_handler SerialProcessor: unknown type 0x1b — skipping
10:40:03.965 [SerialProcessor ] INFO     serial_controller.serial_handler SerialProcessor: unknown type 0x1b — skipping
10:40:03.966 [SerialProcessor ] INFO     serial_controller.serial_handler SerialProcessor: unknown type 0x1b — skipping
10:40:03.991 [SerialProcessor ] INFO     serial_controller.serial_handler SerialProcessor: unknown type 0x1b — skipping
10:40:03.992 [SerialProcessor ] INFO     serial_controller.serial_handler SerialProcessor: unknown type 0x1b — skipping
10:40:04.018 [SerialProcessor ] INFO     serial_controller.serial_handler SerialProcessor: unknown type 0x1b — skipping
10:40:04.030 [SerialProcessor ] INFO     serial_controller.serial_handler SerialProcessor: unknown type 0x1b — skipping
10:40:04.030 [SerialProcessor ] INFO     serial_controller.serial_handler SerialProcessor: unknown type 0x1b — skipping
10:40:04.056 [SerialProcessor ] INFO     serial_controller.serial_handler SerialProcessor: unknown type 0x1b — skipping
10:40:04.056 [SerialProcessor ] INFO     serial_controller.serial_handler SerialProcessor: unknown type 0x1b — skipping
10:40:04.082 [SerialProcessor ] INFO     serial_controller.serial_handler SerialProcessor: unknown type 0x1b — skipping
10:40:04.083 [SerialProcessor ] INFO     serial_controller.serial_handler SerialProcessor: unknown type 0x1b — skipping
10:40:04.107 [SerialProcessor ] INFO     serial_controller.serial_handler SerialProcessor: unknown type 0x1b — skipping
10:40:04.108 [SerialProcessor ] INFO     serial_controller.serial_handler SerialProcessor: unknown type 0x1b — skipping
10:40:04.133 [SerialProcessor ] INFO     serial_controller.serial_handler SerialProcessor: unknown type 0x1b — skipping
10:40:04.146 [SerialProcessor ] INFO     serial_controller.serial_handler SerialProcessor: unknown type 0x1b — skipping
10:40:04.147 [SerialProcessor ] INFO     serial_controller.serial_handler SerialProcessor: unknown type 0x1b — skipping
10:40:04.171 [SerialProcessor ] INFO     serial_controller.serial_handler SerialProcessor: unknown type 0x1b — skipping
10:40:04.173 [SerialProcessor ] INFO     serial_controller.serial_handler SerialProcessor: unknown type 0x1b — skipping
10:40:04.197 [SerialProcessor ] INFO     serial_controller.serial_handler SerialProcessor: unknown type 0x1b — skipping
10:40:04.198 [SerialProcessor ] INFO     serial_controller.serial_handler SerialProcessor: unknown type 0x1b — skipping
10:40:04.223 [SerialProcessor ] INFO     serial_controller.serial_handler SerialProcessor: unknown type 0x1b — skipping
10:40:04.236 [SerialProcessor ] INFO     serial_controller.serial_handler SerialProcessor: unknown type 0x1b — skipping
10:40:04.236 [SerialProcessor ] INFO     serial_controller.serial_handler SerialProcessor: unknown type 0x1b — skipping
10:40:04.262 [SerialProcessor ] INFO     serial_controller.serial_handler SerialProcessor: unknown type 0x1b — skipping
10:40:04.262 [SerialProcessor ] INFO     serial_controller.serial_handler SerialProcessor: unknown type 0x1b — skipping
10:40:04.287 [SerialProcessor ] INFO     serial_controller.serial_handler SerialProcessor: unknown type 0x1b — skipping
10:40:04.288 [SerialProcessor ] INFO     serial_controller.serial_handler SerialProcessor: unknown type 0x1b — skipping
10:40:04.313 [SerialProcessor ] INFO     serial_controller.serial_handler SerialProcessor: unknown type 0x1b — skipping
10:40:04.313 [SerialProcessor ] INFO     serial_controller.serial_handler SerialProcessor: unknown type 0x1b — skipping
10:40:04.340 [SerialProcessor ] INFO     serial_controller.serial_handler SerialProcessor: unknown type 0x1b — skipping
10:40:04.351 [SerialProcessor ] INFO     serial_controller.serial_handler SerialProcessor: unknown type 0x1b — skipping
10:40:04.352 [SerialProcessor ] INFO     serial_controller.serial_handler SerialProcessor: unknown type 0x1b — skipping
10:40:04.377 [SerialProcessor ] INFO     serial_controller.serial_handler SerialProcessor: unknown type 0x1b — skipping
10:40:04.378 [SerialProcessor ] INFO     serial_controller.serial_handler SerialProcessor: unknown type 0x1b — skipping
10:40:04.403 [SerialProcessor ] INFO     serial_controller.serial_handler SerialProcessor: unknown type 0x1b — skipping
10:40:04.404 [SerialProcessor ] INFO     serial_controller.serial_handler SerialProcessor: unknown type 0x1b — skipping
10:40:04.429 [SerialProcessor ] INFO     serial_controller.serial_handler SerialProcessor: unknown type 0x1b — skipping
10:40:04.442 [SerialProcessor ] INFO     serial_controller.serial_handler SerialProcessor: unknown type 0x1b — skipping
10:40:04.443 [SerialProcessor ] INFO     serial_controller.serial_handler SerialProcessor: unknown type 0x1b — skipping
10:40:04.468 [SerialProcessor ] INFO     serial_controller.serial_handler SerialProcessor: unknown type 0x1b — skipping
10:40:04.468 [SerialProcessor ] INFO     serial_controller.serial_handler SerialProcessor: unknown type 0x1b — skipping
10:40:04.493 [SerialProcessor ] INFO     serial_controller.serial_handler SerialProcessor: unknown type 0x1b — skipping
10:40:04.495 [SerialProcessor ] INFO     serial_controller.serial_handler SerialProcessor: unknown type 0x1b — skipping
10:40:04.519 [SerialProcessor ] INFO     serial_controller.serial_handler SerialProcessor: unknown type 0x1b — skipping
10:40:04.520 [SerialProcessor ] INFO     serial_controller.serial_handler SerialProcessor: unknown type 0x1b — skipping
10:40:04.545 [SerialProcessor ] INFO     serial_controller.serial_handler SerialProcessor: unknown type 0x1b — skipping
10:40:04.557 [SerialProcessor ] INFO     serial_controller.serial_handler SerialProcessor: unknown type 0x1b — skipping
10:40:04.558 [SerialProcessor ] INFO     serial_controller.serial_handler SerialProcessor: unknown type 0x1b — skipping
10:40:04.584 [SerialProcessor ] INFO     serial_controller.serial_handler SerialProcessor: unknown type 0x1b — skipping
10:40:04.584 [SerialProcessor ] INFO     serial_controller.serial_handler SerialProcessor: unknown type 0x1b — skipping
10:40:04.609 [SerialProcessor ] INFO     serial_controller.serial_handler SerialProcessor: unknown type 0x1b — skipping
10:40:04.610 [SerialProcessor ] INFO     serial_controller.serial_handler SerialProcessor: unknown type 0x1b — skipping
10:40:04.635 [SerialProcessor ] INFO     serial_controller.serial_handler SerialProcessor: unknown type 0x1b — skipping
10:40:04.648 [SerialProcessor ] INFO     serial_controller.serial_handler SerialProcessor: unknown type 0x1b — skipping
10:40:04.648 [SerialProcessor ] INFO     serial_controller.serial_handler SerialProcessor: unknown type 0x1b — skipping
10:40:04.673 [SerialProcessor ] INFO     serial_controller.serial_handler SerialProcessor: unknown type 0x1b — skipping
10:40:04.674 [SerialProcessor ] INFO     serial_controller.serial_handler SerialProcessor: unknown type 0x1b — skipping
10:40:04.699 [SerialProcessor ] INFO     serial_controller.serial_handler SerialProcessor: unknown type 0x1b — skipping
10:40:04.699 [SerialProcessor ] INFO     serial_controller.serial_handler SerialProcessor: unknown type 0x1b — skipping
10:40:04.725 [SerialProcessor ] INFO     serial_controller.serial_handler SerialProcessor: unknown type 0x1b — skipping
10:40:04.725 [SerialProcessor ] INFO     serial_controller.serial_handler SerialProcessor: unknown type 0x1b — skipping
10:40:04.751 [SerialProcessor ] INFO     serial_controller.serial_handler SerialProcessor: unknown type 0x1b — skipping
10:40:04.763 [SerialProcessor ] INFO     serial_controller.serial_handler SerialProcessor: unknown type 0x1b — skipping
10:40:04.764 [SerialProcessor ] INFO     serial_controller.serial_handler SerialProcessor: unknown type 0x1b — skipping
10:40:04.790 [SerialProcessor ] INFO     serial_controller.serial_handler SerialProcessor: unknown type 0x1b — skipping
10:40:04.792 [SerialProcessor ] INFO     serial_controller.serial_handler SerialProcessor: unknown type 0x1b — skipping
10:40:04.815 [SerialProcessor ] INFO     serial_controller.serial_handler SerialProcessor: unknown type 0x1b — skipping
10:40:04.815 [SerialProcessor ] INFO     serial_controller.serial_handler SerialProcessor: unknown type 0x1b — skipping
10:40:04.840 [SerialProcessor ] INFO     serial_controller.serial_handler SerialProcessor: unknown type 0x1b — skipping
10:40:04.853 [SerialProcessor ] INFO     serial_controller.serial_handler SerialProcessor: unknown type 0x1b — skipping
10:40:04.854 [SerialProcessor ] INFO     serial_controller.serial_handler SerialProcessor: unknown type 0x1b — skipping
10:40:04.879 [SerialProcessor ] INFO     serial_controller.serial_handler SerialProcessor: unknown type 0x1b — skipping
10:40:04.880 [SerialProcessor ] INFO     serial_controller.serial_handler SerialProcessor: unknown type 0x1b — skipping
10:40:04.905 [SerialProcessor ] INFO     serial_controller.serial_handler SerialProcessor: unknown type 0x1b — skipping
10:40:04.906 [SerialProcessor ] INFO     serial_controller.serial_handler SerialProcessor: unknown type 0x1b — skipping
10:40:04.931 [SerialProcessor ] INFO     serial_controller.serial_handler SerialProcessor: unknown type 0x1b — skipping
10:40:04.931 [SerialProcessor ] INFO     serial_controller.serial_handler SerialProcessor: unknown type 0x1b — skipping
10:40:04.956 [SerialProcessor ] INFO     serial_controller.serial_handler SerialProcessor: unknown type 0x1b — skipping
10:40:04.969 [SerialProcessor ] INFO     serial_controller.serial_handler SerialProcessor: unknown type 0x1b — skipping
10:40:04.970 [SerialProcessor ] INFO     serial_controller.serial_handler SerialProcessor: unknown type 0x1b — skipping
10:40:04.995 [SerialProcessor ] INFO     serial_controller.serial_handler SerialProcessor: unknown type 0x1b — skipping
10:40:04.995 [SerialProcessor ] INFO     serial_controller.serial_handler SerialProcessor: unknown type 0x1b — skipping
10:40:05.021 [SerialProcessor ] INFO     serial_controller.serial_handler SerialProcessor: unknown type 0x1b — skipping
10:40:05.021 [SerialProcessor ] INFO     serial_controller.serial_handler SerialProcessor: unknown type 0x1b — skipping
10:40:05.046 [SerialProcessor ] INFO     serial_controller.serial_handler SerialProcessor: unknown type 0x1b — skipping
10:40:05.059 [SerialProcessor ] INFO     serial_controller.serial_handler SerialProcessor: unknown type 0x1b — skipping
10:40:05.060 [SerialProcessor ] INFO     serial_controller.serial_handler SerialProcessor: unknown type 0x1b — skipping
10:40:05.085 [SerialProcessor ] INFO     serial_controller.serial_handler SerialProcessor: unknown type 0x1b — skipping
10:40:05.086 [SerialProcessor ] INFO     serial_controller.serial_handler SerialProcessor: unknown type 0x1b — skipping
10:40:05.111 [SerialProcessor ] INFO     serial_controller.serial_handler SerialProcessor: unknown type 0x1b — skipping
10:40:05.111 [SerialProcessor ] INFO     serial_controller.serial_handler SerialProcessor: unknown type 0x1b — skipping
10:40:05.136 [SerialProcessor ] INFO     serial_controller.serial_handler SerialProcessor: unknown type 0x1b — skipping
10:40:05.137 [SerialProcessor ] INFO     serial_controller.serial_handler SerialProcessor: unknown type 0x1b — skipping
10:40:05.162 [SerialProcessor ] INFO     serial_controller.serial_handler SerialProcessor: unknown type 0x1b — skipping
10:40:05.175 [SerialProcessor ] INFO     serial_controller.serial_handler SerialProcessor: unknown type 0x1b — skipping
10:40:05.175 [SerialProcessor ] INFO     serial_controller.serial_handler SerialProcessor: unknown type 0x1b — skipping
10:40:05.201 [SerialProcessor ] INFO     serial_controller.serial_handler SerialProcessor: unknown type 0x1b — skipping
10:40:05.201 [SerialProcessor ] INFO     serial_controller.serial_handler SerialProcessor: unknown type 0x1b — skipping
10:40:05.227 [SerialProcessor ] INFO     serial_controller.serial_handler SerialProcessor: unknown type 0x1b — skipping
10:40:05.227 [SerialProcessor ] INFO     serial_controller.serial_handler SerialProcessor: unknown type 0x1b — skipping
10:40:05.252 [SerialProcessor ] INFO     serial_controller.serial_handler SerialProcessor: unknown type 0x1b — skipping
10:40:05.266 [SerialProcessor ] INFO     serial_controller.serial_handler SerialProcessor: unknown type 0x1b — skipping
10:40:05.267 [SerialProcessor ] INFO     serial_controller.serial_handler SerialProcessor: unknown type 0x1b — skipping
10:40:05.291 [SerialProcessor ] INFO     serial_controller.serial_handler SerialProcessor: unknown type 0x1b — skipping
10:40:05.292 [SerialProcessor ] INFO     serial_controller.serial_handler SerialProcessor: unknown type 0x1b — skipping
10:40:05.317 [SerialProcessor ] INFO     serial_controller.serial_handler SerialProcessor: unknown type 0x1b — skipping
10:40:05.363 [SerialProcessor ] INFO     serial_controller.serial_handler SerialProcessor: unknown type 0x1b — skipping
10:40:05.363 [SerialProcessor ] INFO     serial_controller.serial_handler SerialProcessor: unknown type 0x1b — skipping
10:40:05.364 [SerialProcessor ] INFO     serial_controller.serial_handler SerialProcessor: unknown type 0x1b — skipping
10:40:05.368 [SerialProcessor ] INFO     serial_controller.serial_handler SerialProcessor: unknown type 0x1b — skipping
10:40:05.381 [SerialProcessor ] INFO     serial_controller.serial_handler SerialProcessor: unknown type 0x1b — skipping
10:40:05.384 [SerialProcessor ] INFO     serial_controller.serial_handler SerialProcessor: unknown type 0x1b — skipping
10:40:05.411 [SerialProcessor ] INFO     serial_controller.serial_handler SerialProcessor: unknown type 0x1b — skipping
10:40:05.412 [SerialProcessor ] INFO     serial_controller.serial_handler SerialProcessor: unknown type 0x1b — skipping
10:40:05.432 [SerialProcessor ] INFO     serial_controller.serial_handler SerialProcessor: unknown type 0x1b — skipping
10:40:05.433 [SerialProcessor ] INFO     serial_controller.serial_handler SerialProcessor: unknown type 0x1b — skipping
10:40:05.459 [SerialProcessor ] INFO     serial_controller.serial_handler SerialProcessor: unknown type 0x1b — skipping
10:40:05.471 [SerialProcessor ] INFO     serial_controller.serial_handler SerialProcessor: unknown type 0x1b — skipping
10:40:05.474 [SerialProcessor ] INFO     serial_controller.serial_handler SerialProcessor: unknown type 0x1b — skipping
10:40:05.497 [SerialProcessor ] INFO     serial_controller.serial_handler SerialProcessor: unknown type 0x1b — skipping
10:40:05.497 [SerialProcessor ] INFO     serial_controller.serial_handler SerialProcessor: unknown type 0x1b — skipping
10:40:05.523 [SerialProcessor ] INFO     serial_controller.serial_handler SerialProcessor: unknown type 0x1b — skipping
10:40:05.524 [SerialProcessor ] INFO     serial_controller.serial_handler SerialProcessor: unknown type 0x1b — skipping
10:40:05.548 [SerialProcessor ] INFO     serial_controller.serial_handler SerialProcessor: unknown type 0x1b — skipping
10:40:05.549 [SerialProcessor ] INFO     serial_controller.serial_handler SerialProcessor: unknown type 0x1b — skipping
10:40:05.574 [SerialProcessor ] INFO     serial_controller.serial_handler SerialProcessor: unknown type 0x1b — skipping
10:40:05.587 [SerialProcessor ] INFO     serial_controller.serial_handler SerialProcessor: unknown type 0x1b — skipping
10:40:05.587 [SerialProcessor ] INFO     serial_controller.serial_handler SerialProcessor: unknown type 0x1b — skipping
10:40:05.613 [SerialProcessor ] INFO     serial_controller.serial_handler SerialProcessor: unknown type 0x1b — skipping
10:40:05.613 [SerialProcessor ] INFO     serial_controller.serial_handler SerialProcessor: unknown type 0x1b — skipping
10:40:05.638 [SerialProcessor ] INFO     serial_controller.serial_handler SerialProcessor: unknown type 0x1b — skipping
10:40:05.639 [SerialProcessor ] INFO     serial_controller.serial_handler SerialProcessor: unknown type 0x1b — skipping
10:40:05.664 [SerialProcessor ] INFO     serial_controller.serial_handler SerialProcessor: unknown type 0x1b — skipping
10:40:05.677 [SerialProcessor ] INFO     serial_controller.serial_handler SerialProcessor: unknown type 0x1b — skipping
10:40:05.677 [SerialProcessor ] INFO     serial_controller.serial_handler SerialProcessor: unknown type 0x1b — skipping
10:40:05.703 [SerialProcessor ] INFO     serial_controller.serial_handler SerialProcessor: unknown type 0x1b — skipping
10:40:05.703 [SerialProcessor ] INFO     serial_controller.serial_handler SerialProcessor: unknown type 0x1b — skipping
10:40:05.729 [SerialProcessor ] INFO     serial_controller.serial_handler SerialProcessor: unknown type 0x1b — skipping
10:40:05.729 [SerialProcessor ] INFO     serial_controller.serial_handler SerialProcessor: unknown type 0x1b — skipping
10:40:05.754 [SerialProcessor ] INFO     serial_controller.serial_handler SerialProcessor: unknown type 0x1b — skipping
10:40:05.755 [SerialProcessor ] INFO     serial_controller.serial_handler SerialProcessor: unknown type 0x1b — skipping
10:40:05.780 [SerialProcessor ] INFO     serial_controller.serial_handler SerialProcessor: unknown type 0x1b — skipping
10:40:05.793 [SerialProcessor ] INFO     serial_controller.serial_handler SerialProcessor: unknown type 0x1b — skipping
10:40:05.793 [SerialProcessor ] INFO     serial_controller.serial_handler SerialProcessor: unknown type 0x1b — skipping
10:40:05.819 [SerialProcessor ] INFO     serial_controller.serial_handler SerialProcessor: unknown type 0x1b — skipping
10:40:05.819 [SerialProcessor ] INFO     serial_controller.serial_handler SerialProcessor: unknown type 0x1b — skipping
10:40:05.844 [SerialProcessor ] INFO     serial_controller.serial_handler SerialProcessor: unknown type 0x1b — skipping
10:40:05.845 [SerialProcessor ] INFO     serial_controller.serial_handler SerialProcessor: unknown type 0x1b — skipping
10:40:05.870 [SerialProcessor ] INFO     serial_controller.serial_handler SerialProcessor: unknown type 0x1b — skipping
10:40:05.883 [SerialProcessor ] INFO     serial_controller.serial_handler SerialProcessor: unknown type 0x1b — skipping
10:40:05.883 [SerialProcessor ] INFO     serial_controller.serial_handler SerialProcessor: unknown type 0x1b — skipping
10:40:05.909 [SerialProcessor ] INFO     serial_controller.serial_handler SerialProcessor: unknown type 0x1b — skipping
10:40:05.909 [SerialProcessor ] INFO     serial_controller.serial_handler SerialProcessor: unknown type 0x1b — skipping
10:40:05.934 [SerialProcessor ] INFO     serial_controller.serial_handler SerialProcessor: unknown type 0x1b — skipping
10:40:05.935 [SerialProcessor ] INFO     serial_controller.serial_handler SerialProcessor: unknown type 0x1b — skipping
10:40:05.961 [SerialProcessor ] INFO     serial_controller.serial_handler SerialProcessor: unknown type 0x1b — skipping
10:40:05.961 [SerialProcessor ] INFO     serial_controller.serial_handler SerialProcessor: unknown type 0x1b — skipping
10:40:05.986 [SerialProcessor ] INFO     serial_controller.serial_handler SerialProcessor: unknown type 0x1b — skipping
10:40:05.999 [SerialProcessor ] INFO     serial_controller.serial_handler SerialProcessor: unknown type 0x1b — skipping
10:40:05.999 [SerialProcessor ] INFO     serial_controller.serial_handler SerialProcessor: unknown type 0x1b — skipping
10:40:06.024 [SerialProcessor ] INFO     serial_controller.serial_handler SerialProcessor: unknown type 0x1b — skipping
10:40:06.025 [SerialProcessor ] INFO     serial_controller.serial_handler SerialProcessor: unknown type 0x1b — skipping
10:40:06.050 [SerialProcessor ] INFO     serial_controller.serial_handler SerialProcessor: unknown type 0x1b — skipping
10:40:06.050 [SerialProcessor ] INFO     serial_controller.serial_handler SerialProcessor: unknown type 0x1b — skipping
10:40:06.076 [SerialProcessor ] INFO     serial_controller.serial_handler SerialProcessor: unknown type 0x1b — skipping
10:40:06.109 [SerialProcessor ] INFO     serial_controller.serial_handler SerialProcessor: unknown type 0x1b — skipping
10:40:06.109 [SerialProcessor ] INFO     serial_controller.serial_handler SerialProcessor: unknown type 0x1b — skipping
10:40:06.118 [SerialProcessor ] INFO     serial_controller.serial_handler SerialProcessor: unknown type 0x1b — skipping
10:40:06.145 [SerialProcessor ] INFO     serial_controller.serial_handler SerialProcessor: unknown type 0x1b — skipping
10:40:06.145 [SerialProcessor ] INFO     serial_controller.serial_handler SerialProcessor: unknown type 0x1b — skipping
10:40:06.148 [SerialProcessor ] INFO     serial_controller.serial_handler SerialProcessor: unknown type 0x1b — skipping
10:40:06.166 [SerialProcessor ] INFO     serial_controller.serial_handler SerialProcessor: unknown type 0x1b — skipping
10:40:06.168 [SerialProcessor ] INFO     serial_controller.serial_handler SerialProcessor: unknown type 0x1b — skipping
10:40:06.192 [SerialProcessor ] INFO     serial_controller.serial_handler SerialProcessor: unknown type 0x1b — skipping
10:40:06.204 [SerialProcessor ] INFO     serial_controller.serial_handler SerialProcessor: unknown type 0x1b — skipping
10:40:06.205 [SerialProcessor ] INFO     serial_controller.serial_handler SerialProcessor: unknown type 0x1b — skipping
10:40:06.230 [SerialProcessor ] INFO     serial_controller.serial_handler SerialProcessor: unknown type 0x1b — skipping
10:40:06.231 [SerialProcessor ] INFO     serial_controller.serial_handler SerialProcessor: unknown type 0x1b — skipping
10:40:06.256 [SerialProcessor ] INFO     serial_controller.serial_handler SerialProcessor: unknown type 0x1b — skipping
10:40:06.257 [SerialProcessor ] INFO     serial_controller.serial_handler SerialProcessor: unknown type 0x1b — skipping
10:40:06.282 [SerialProcessor ] INFO     serial_controller.serial_handler SerialProcessor: unknown type 0x1b — skipping
10:40:06.295 [SerialProcessor ] INFO     serial_controller.serial_handler SerialProcessor: unknown type 0x1b — skipping
10:40:06.295 [SerialProcessor ] INFO     serial_controller.serial_handler SerialProcessor: unknown type 0x1b — skipping
10:40:06.320 [SerialProcessor ] INFO     serial_controller.serial_handler SerialProcessor: unknown type 0x1b — skipping
10:40:06.321 [SerialProcessor ] INFO     serial_controller.serial_handler SerialProcessor: unknown type 0x1b — skipping
10:40:06.346 [SerialProcessor ] INFO     serial_controller.serial_handler SerialProcessor: unknown type 0x1b — skipping
10:40:06.346 [SerialProcessor ] INFO     serial_controller.serial_handler SerialProcessor: unknown type 0x1b — skipping
10:40:06.372 [SerialProcessor ] INFO     serial_controller.serial_handler SerialProcessor: unknown type 0x1b — skipping
10:40:06.372 [SerialProcessor ] INFO     serial_controller.serial_handler SerialProcessor: unknown type 0x1b — skipping
10:40:06.398 [SerialProcessor ] INFO     serial_controller.serial_handler SerialProcessor: unknown type 0x1b — skipping
10:40:06.410 [SerialProcessor ] INFO     serial_controller.serial_handler SerialProcessor: unknown type 0x1b — skipping
10:40:06.411 [SerialProcessor ] INFO     serial_controller.serial_handler SerialProcessor: unknown type 0x1b — skipping
10:40:06.436 [SerialProcessor ] INFO     serial_controller.serial_handler SerialProcessor: unknown type 0x1b — skipping
10:40:06.436 [SerialProcessor ] INFO     serial_controller.serial_handler SerialProcessor: unknown type 0x1b — skipping
10:40:06.462 [SerialProcessor ] INFO     serial_controller.serial_handler SerialProcessor: unknown type 0x1b — skipping
10:40:06.462 [SerialProcessor ] INFO     serial_controller.serial_handler SerialProcessor: unknown type 0x1b — skipping
10:40:06.488 [SerialProcessor ] INFO     serial_controller.serial_handler SerialProcessor: unknown type 0x1b — skipping
10:40:06.501 [SerialProcessor ] INFO     serial_controller.serial_handler SerialProcessor: unknown type 0x1b — skipping
10:40:06.501 [SerialProcessor ] INFO     serial_controller.serial_handler SerialProcessor: unknown type 0x1b — skipping
10:40:06.526 [SerialProcessor ] INFO     serial_controller.serial_handler SerialProcessor: unknown type 0x1b — skipping
10:40:06.527 [SerialProcessor ] INFO     serial_controller.serial_handler SerialProcessor: unknown type 0x1b — skipping
10:40:06.552 [SerialProcessor ] INFO     serial_controller.serial_handler SerialProcessor: unknown type 0x1b — skipping
10:40:06.552 [SerialProcessor ] INFO     serial_controller.serial_handler SerialProcessor: unknown type 0x1b — skipping
10:40:06.578 [SerialProcessor ] INFO     serial_controller.serial_handler SerialProcessor: unknown type 0x1b — skipping
10:40:06.578 [SerialProcessor ] INFO     serial_controller.serial_handler SerialProcessor: unknown type 0x1b — skipping
10:40:06.603 [SerialProcessor ] INFO     serial_controller.serial_handler SerialProcessor: unknown type 0x1b — skipping
10:40:06.616 [SerialProcessor ] INFO     serial_controller.serial_handler SerialProcessor: unknown type 0x1b — skipping
10:40:06.617 [SerialProcessor ] INFO     serial_controller.serial_handler SerialProcessor: unknown type 0x1b — skipping
10:40:06.642 [SerialProcessor ] INFO     serial_controller.serial_handler SerialProcessor: unknown type 0x1b — skipping
10:40:06.643 [SerialProcessor ] INFO     serial_controller.serial_handler SerialProcessor: unknown type 0x1b — skipping
10:40:06.668 [SerialProcessor ] INFO     serial_controller.serial_handler SerialProcessor: unknown type 0x1b — skipping
10:40:06.668 [SerialProcessor ] INFO     serial_controller.serial_handler SerialProcessor: unknown type 0x1b — skipping
10:40:06.694 [SerialProcessor ] INFO     serial_controller.serial_handler SerialProcessor: unknown type 0x1b — skipping
10:40:06.706 [SerialProcessor ] INFO     serial_controller.serial_handler SerialProcessor: unknown type 0x1b — skipping
10:40:06.707 [SerialProcessor ] INFO     serial_controller.serial_handler SerialProcessor: unknown type 0x1b — skipping
10:40:06.732 [SerialProcessor ] INFO     serial_controller.serial_handler SerialProcessor: unknown type 0x1b — skipping
10:40:06.733 [SerialProcessor ] INFO     serial_controller.serial_handler SerialProcessor: unknown type 0x1b — skipping
10:40:06.758 [SerialProcessor ] INFO     serial_controller.serial_handler SerialProcessor: unknown type 0x1b — skipping
10:40:06.758 [SerialProcessor ] INFO     serial_controller.serial_handler SerialProcessor: unknown type 0x1b — skipping
10:40:06.784 [SerialProcessor ] INFO     serial_controller.serial_handler SerialProcessor: unknown type 0x1b — skipping
10:40:06.784 [SerialProcessor ] INFO     serial_controller.serial_handler SerialProcessor: unknown type 0x1b — skipping
10:40:06.809 [SerialProcessor ] INFO     serial_controller.serial_handler SerialProcessor: unknown type 0x1b — skipping
10:40:06.822 [SerialProcessor ] INFO     serial_controller.serial_handler SerialProcessor: unknown type 0x1b — skipping
10:40:06.823 [SerialProcessor ] INFO     serial_controller.serial_handler SerialProcessor: unknown type 0x1b — skipping
10:40:06.848 [SerialProcessor ] INFO     serial_controller.serial_handler SerialProcessor: unknown type 0x1b — skipping
10:40:06.848 [SerialProcessor ] INFO     serial_controller.serial_handler SerialProcessor: unknown type 0x1b — skipping
10:40:06.874 [SerialProcessor ] INFO     serial_controller.serial_handler SerialProcessor: unknown type 0x1b — skipping
10:40:06.874 [SerialProcessor ] INFO     serial_controller.serial_handler SerialProcessor: unknown type 0x1b — skipping
10:40:06.900 [SerialProcessor ] INFO     serial_controller.serial_handler SerialProcessor: unknown type 0x1b — skipping
10:40:06.912 [SerialProcessor ] INFO     serial_controller.serial_handler SerialProcessor: unknown type 0x1b — skipping
10:40:06.913 [SerialProcessor ] INFO     serial_controller.serial_handler SerialProcessor: unknown type 0x1b — skipping
10:40:06.938 [SerialProcessor ] INFO     serial_controller.serial_handler SerialProcessor: unknown type 0x1b — skipping
10:40:06.938 [SerialProcessor ] INFO     serial_controller.serial_handler SerialProcessor: unknown type 0x1b — skipping
10:40:06.964 [SerialProcessor ] INFO     serial_controller.serial_handler SerialProcessor: unknown type 0x1b — skipping
10:40:06.964 [SerialProcessor ] INFO     serial_controller.serial_handler SerialProcessor: unknown type 0x1b — skipping
10:40:06.990 [SerialProcessor ] INFO     serial_controller.serial_handler SerialProcessor: unknown type 0x1b — skipping
10:40:06.990 [SerialProcessor ] INFO     serial_controller.serial_handler SerialProcessor: unknown type 0x1b — skipping
10:40:07.015 [SerialProcessor ] INFO     serial_controller.serial_handler SerialProcessor: unknown type 0x1b — skipping
10:40:07.028 [SerialProcessor ] INFO     serial_controller.serial_handler SerialProcessor: unknown type 0x1b — skipping
10:40:07.028 [SerialProcessor ] INFO     serial_controller.serial_handler SerialProcessor: unknown type 0x1b — skipping
10:40:07.054 [SerialProcessor ] INFO     serial_controller.serial_handler SerialProcessor: unknown type 0x1b — skipping
10:40:07.054 [SerialProcessor ] INFO     serial_controller.serial_handler SerialProcessor: unknown type 0x1b — skipping
10:40:07.080 [SerialProcessor ] INFO     serial_controller.serial_handler SerialProcessor: unknown type 0x1b — skipping
10:40:07.080 [SerialProcessor ] INFO     serial_controller.serial_handler SerialProcessor: unknown type 0x1b — skipping
10:40:07.105 [SerialProcessor ] INFO     serial_controller.serial_handler SerialProcessor: unknown type 0x1b — skipping
10:40:07.118 [SerialProcessor ] INFO     serial_controller.serial_handler SerialProcessor: unknown type 0x1b — skipping
10:40:07.118 [SerialProcessor ] INFO     serial_controller.serial_handler SerialProcessor: unknown type 0x1b — skipping
10:40:07.145 [SerialProcessor ] INFO     serial_controller.serial_handler SerialProcessor: unknown type 0x1b — skipping
10:40:07.146 [SerialProcessor ] INFO     serial_controller.serial_handler SerialProcessor: unknown type 0x1b — skipping
10:40:07.170 [SerialProcessor ] INFO     serial_controller.serial_handler SerialProcessor: unknown type 0x1b — skipping
10:40:07.170 [SerialProcessor ] INFO     serial_controller.serial_handler SerialProcessor: unknown type 0x1b — skipping
10:40:07.195 [SerialProcessor ] INFO     serial_controller.serial_handler SerialProcessor: unknown type 0x1b — skipping
10:40:07.196 [SerialProcessor ] INFO     serial_controller.serial_handler SerialProcessor: unknown type 0x1b — skipping
10:40:07.221 [SerialProcessor ] INFO     serial_controller.serial_handler SerialProcessor: unknown type 0x1b — skipping
10:40:07.234 [SerialProcessor ] INFO     serial_controller.serial_handler SerialProcessor: unknown type 0x1b — skipping
10:40:07.234 [SerialProcessor ] INFO     serial_controller.serial_handler SerialProcessor: unknown type 0x1b — skipping
10:40:07.260 [SerialProcessor ] INFO     serial_controller.serial_handler SerialProcessor: unknown type 0x1b — skipping
10:40:07.260 [SerialProcessor ] INFO     serial_controller.serial_handler SerialProcessor: unknown type 0x1b — skipping
10:40:07.285 [SerialProcessor ] INFO     serial_controller.serial_handler SerialProcessor: unknown type 0x1b — skipping
10:40:07.286 [SerialProcessor ] INFO     serial_controller.serial_handler SerialProcessor: unknown type 0x1b — skipping
10:40:07.311 [SerialProcessor ] INFO     serial_controller.serial_handler SerialProcessor: unknown type 0x1b — skipping
10:40:07.324 [SerialProcessor ] INFO     serial_controller.serial_handler SerialProcessor: unknown type 0x1b — skipping
10:40:07.324 [SerialProcessor ] INFO     serial_controller.serial_handler SerialProcessor: unknown type 0x1b — skipping
10:40:07.350 [SerialProcessor ] INFO     serial_controller.serial_handler SerialProcessor: unknown type 0x1b — skipping
10:40:07.350 [SerialProcessor ] INFO     serial_controller.serial_handler SerialProcessor: unknown type 0x1b — skipping
10:40:07.375 [SerialProcessor ] INFO     serial_controller.serial_handler SerialProcessor: unknown type 0x1b — skipping
10:40:07.376 [SerialProcessor ] INFO     serial_controller.serial_handler SerialProcessor: unknown type 0x1b — skipping
10:40:07.401 [SerialProcessor ] INFO     serial_controller.serial_handler SerialProcessor: unknown type 0x1b — skipping
10:40:07.402 [SerialProcessor ] INFO     serial_controller.serial_handler SerialProcessor: unknown type 0x1b — skipping
10:40:07.427 [SerialProcessor ] INFO     serial_controller.serial_handler SerialProcessor: unknown type 0x1b — skipping
10:40:07.440 [SerialProcessor ] INFO     serial_controller.serial_handler SerialProcessor: unknown type 0x1b — skipping
10:40:07.440 [SerialProcessor ] INFO     serial_controller.serial_handler SerialProcessor: unknown type 0x1b — skipping
10:40:07.465 [SerialProcessor ] INFO     serial_controller.serial_handler SerialProcessor: unknown type 0x1b — skipping
10:40:07.467 [SerialProcessor ] INFO     serial_controller.serial_handler SerialProcessor: unknown type 0x1b — skipping
10:40:07.491 [SerialProcessor ] INFO     serial_controller.serial_handler SerialProcessor: unknown type 0x1b — skipping
10:40:07.492 [SerialProcessor ] INFO     serial_controller.serial_handler SerialProcessor: unknown type 0x1b — skipping
10:40:07.517 [SerialProcessor ] INFO     serial_controller.serial_handler SerialProcessor: unknown type 0x1b — skipping
10:40:07.530 [SerialProcessor ] INFO     serial_controller.serial_handler SerialProcessor: unknown type 0x1b — skipping
10:40:07.530 [SerialProcessor ] INFO     serial_controller.serial_handler SerialProcessor: unknown type 0x1b — skipping
10:40:07.556 [SerialProcessor ] INFO     serial_controller.serial_handler SerialProcessor: unknown type 0x1b — skipping
10:40:07.556 [SerialProcessor ] INFO     serial_controller.serial_handler SerialProcessor: unknown type 0x1b — skipping
10:40:07.582 [SerialProcessor ] INFO     serial_controller.serial_handler SerialProcessor: unknown type 0x1b — skipping
10:40:07.582 [SerialProcessor ] INFO     serial_controller.serial_handler SerialProcessor: unknown type 0x1b — skipping
10:40:07.607 [SerialProcessor ] INFO     serial_controller.serial_handler SerialProcessor: unknown type 0x1b — skipping
10:40:07.608 [SerialProcessor ] INFO     serial_controller.serial_handler SerialProcessor: unknown type 0x1b — skipping
10:40:07.633 [SerialProcessor ] INFO     serial_controller.serial_handler SerialProcessor: unknown type 0x1b — skipping
10:40:07.646 [SerialProcessor ] INFO     serial_controller.serial_handler SerialProcessor: unknown type 0x1b — skipping
10:40:07.647 [SerialProcessor ] INFO     serial_controller.serial_handler SerialProcessor: unknown type 0x1b — skipping
10:40:07.671 [SerialProcessor ] INFO     serial_controller.serial_handler SerialProcessor: unknown type 0x1b — skipping
10:40:07.672 [SerialProcessor ] INFO     serial_controller.serial_handler SerialProcessor: unknown type 0x1b — skipping
10:40:07.697 [SerialProcessor ] INFO     serial_controller.serial_handler SerialProcessor: unknown type 0x1b — skipping
10:40:07.698 [SerialProcessor ] INFO     serial_controller.serial_handler SerialProcessor: unknown type 0x1b — skipping
10:40:07.723 [SerialProcessor ] INFO     serial_controller.serial_handler SerialProcessor: unknown type 0x1b — skipping
10:40:07.736 [SerialProcessor ] INFO     serial_controller.serial_handler SerialProcessor: unknown type 0x1b — skipping
10:40:07.736 [SerialProcessor ] INFO     serial_controller.serial_handler SerialProcessor: unknown type 0x1b — skipping
10:40:07.761 [SerialProcessor ] INFO     serial_controller.serial_handler SerialProcessor: unknown type 0x1b — skipping
10:40:07.762 [SerialProcessor ] INFO     serial_controller.serial_handler SerialProcessor: unknown type 0x1b — skipping
10:40:07.787 [SerialProcessor ] INFO     serial_controller.serial_handler SerialProcessor: unknown type 0x1b — skipping
10:40:07.788 [SerialProcessor ] INFO     serial_controller.serial_handler SerialProcessor: unknown type 0x1b — skipping
10:40:07.813 [SerialProcessor ] INFO     serial_controller.serial_handler SerialProcessor: unknown type 0x1b — skipping
10:40:07.813 [SerialProcessor ] INFO     serial_controller.serial_handler SerialProcessor: unknown type 0x1b — skipping
10:40:07.839 [SerialProcessor ] INFO     serial_controller.serial_handler SerialProcessor: unknown type 0x1b — skipping
10:40:07.851 [SerialProcessor ] INFO     serial_controller.serial_handler SerialProcessor: unknown type 0x1b — skipping
10:40:07.852 [SerialProcessor ] INFO     serial_controller.serial_handler SerialProcessor: unknown type 0x1b — skipping
10:40:07.877 [SerialProcessor ] INFO     serial_controller.serial_handler SerialProcessor: unknown type 0x1b — skipping
10:40:07.878 [SerialProcessor ] INFO     serial_controller.serial_handler SerialProcessor: unknown type 0x1b — skipping
10:40:07.904 [SerialProcessor ] INFO     serial_controller.serial_handler SerialProcessor: unknown type 0x1b — skipping
10:40:07.905 [SerialProcessor ] INFO     serial_controller.serial_handler SerialProcessor: unknown type 0x1b — skipping
10:40:07.929 [SerialProcessor ] INFO     serial_controller.serial_handler SerialProcessor: unknown type 0x1b — skipping
10:40:07.942 [SerialProcessor ] INFO     serial_controller.serial_handler SerialProcessor: unknown type 0x1b — skipping
10:40:07.942 [SerialProcessor ] INFO     serial_controller.serial_handler SerialProcessor: unknown type 0x1b — skipping
10:40:07.967 [SerialProcessor ] INFO     serial_controller.serial_handler SerialProcessor: unknown type 0x1b — skipping
10:40:07.968 [SerialProcessor ] INFO     serial_controller.serial_handler SerialProcessor: unknown type 0x1b — skipping
10:40:07.993 [SerialProcessor ] INFO     serial_controller.serial_handler SerialProcessor: unknown type 0x1b — skipping
10:40:07.993 [SerialProcessor ] INFO     serial_controller.serial_handler SerialProcessor: unknown type 0x1b — skipping
10:40:08.019 [SerialProcessor ] INFO     serial_controller.serial_handler SerialProcessor: unknown type 0x1b — skipping
10:40:08.020 [SerialProcessor ] INFO     serial_controller.serial_handler SerialProcessor: unknown type 0x1b — skipping
10:40:08.045 [SerialProcessor ] INFO     serial_controller.serial_handler SerialProcessor: unknown type 0x1b — skipping
10:40:08.057 [SerialProcessor ] INFO     serial_controller.serial_handler SerialProcessor: unknown type 0x1b — skipping
10:40:08.058 [SerialProcessor ] INFO     serial_controller.serial_handler SerialProcessor: unknown type 0x1b — skipping
10:40:08.084 [SerialProcessor ] INFO     serial_controller.serial_handler SerialProcessor: unknown type 0x1b — skipping
10:40:08.084 [SerialProcessor ] INFO     serial_controller.serial_handler SerialProcessor: unknown type 0x1b — skipping
10:40:08.109 [SerialProcessor ] INFO     serial_controller.serial_handler SerialProcessor: unknown type 0x1b — skipping
10:40:08.109 [SerialProcessor ] INFO     serial_controller.serial_handler SerialProcessor: unknown type 0x1b — skipping
10:40:08.135 [SerialProcessor ] INFO     serial_controller.serial_handler SerialProcessor: unknown type 0x1b — skipping
10:40:08.147 [SerialProcessor ] INFO     serial_controller.serial_handler SerialProcessor: unknown type 0x1b — skipping
10:40:08.148 [SerialProcessor ] INFO     serial_controller.serial_handler SerialProcessor: unknown type 0x1b — skipping
10:40:08.173 [SerialProcessor ] INFO     serial_controller.serial_handler SerialProcessor: unknown type 0x1b — skipping
10:40:08.174 [SerialProcessor ] INFO     serial_controller.serial_handler SerialProcessor: unknown type 0x1b — skipping
10:40:08.199 [SerialProcessor ] INFO     serial_controller.serial_handler SerialProcessor: unknown type 0x1b — skipping
10:40:08.199 [SerialProcessor ] INFO     serial_controller.serial_handler SerialProcessor: unknown type 0x1b — skipping
10:40:08.225 [SerialProcessor ] INFO     serial_controller.serial_handler SerialProcessor: unknown type 0x1b — skipping
10:40:08.226 [SerialProcessor ] INFO     serial_controller.serial_handler SerialProcessor: unknown type 0x1b — skipping
10:40:08.250 [SerialProcessor ] INFO     serial_controller.serial_handler SerialProcessor: unknown type 0x1b — skipping
10:40:08.263 [SerialProcessor ] INFO     serial_controller.serial_handler SerialProcessor: unknown type 0x1b — skipping
10:40:08.264 [SerialProcessor ] INFO     serial_controller.serial_handler SerialProcessor: unknown type 0x1b — skipping
10:40:08.289 [SerialProcessor ] INFO     serial_controller.serial_handler SerialProcessor: unknown type 0x1b — skipping
10:40:08.289 [SerialProcessor ] INFO     serial_controller.serial_handler SerialProcessor: unknown type 0x1b — skipping
10:40:08.315 [SerialProcessor ] INFO     serial_controller.serial_handler SerialProcessor: unknown type 0x1b — skipping
10:40:08.315 [SerialProcessor ] INFO     serial_controller.serial_handler SerialProcessor: unknown type 0x1b — skipping
10:40:08.340 [SerialProcessor ] INFO     serial_controller.serial_handler SerialProcessor: unknown type 0x1b — skipping
10:40:08.353 [SerialProcessor ] INFO     serial_controller.serial_handler SerialProcessor: unknown type 0x1b — skipping
10:40:08.354 [SerialProcessor ] INFO     serial_controller.serial_handler SerialProcessor: unknown type 0x1b — skipping
10:40:08.379 [SerialProcessor ] INFO     serial_controller.serial_handler SerialProcessor: unknown type 0x1b — skipping
10:40:08.379 [SerialProcessor ] INFO     serial_controller.serial_handler SerialProcessor: unknown type 0x1b — skipping
10:40:08.405 [SerialProcessor ] INFO     serial_controller.serial_handler SerialProcessor: unknown type 0x1b — skipping
10:40:08.405 [SerialProcessor ] INFO     serial_controller.serial_handler SerialProcessor: unknown type 0x1b — skipping
10:40:08.430 [SerialProcessor ] INFO     serial_controller.serial_handler SerialProcessor: unknown type 0x1b — skipping
10:40:08.431 [SerialProcessor ] INFO     serial_controller.serial_handler SerialProcessor: unknown type 0x1b — skipping
10:40:08.456 [SerialProcessor ] INFO     serial_controller.serial_handler SerialProcessor: unknown type 0x1b — skipping
10:40:08.469 [SerialProcessor ] INFO     serial_controller.serial_handler SerialProcessor: unknown type 0x1b — skipping
10:40:08.469 [SerialProcessor ] INFO     serial_controller.serial_handler SerialProcessor: unknown type 0x1b — skipping
10:40:08.495 [SerialProcessor ] INFO     serial_controller.serial_handler SerialProcessor: unknown type 0x1b — skipping
10:40:08.495 [SerialProcessor ] INFO     serial_controller.serial_handler SerialProcessor: unknown type 0x1b — skipping
10:40:08.521 [SerialProcessor ] INFO     serial_controller.serial_handler SerialProcessor: unknown type 0x1b — skipping
10:40:08.522 [SerialProcessor ] INFO     serial_controller.serial_handler SerialProcessor: unknown type 0x1b — skipping
10:40:08.546 [SerialProcessor ] INFO     serial_controller.serial_handler SerialProcessor: unknown type 0x1b — skipping
10:40:08.559 [SerialProcessor ] INFO     serial_controller.serial_handler SerialProcessor: unknown type 0x1b — skipping
10:40:08.559 [SerialProcessor ] INFO     serial_controller.serial_handler SerialProcessor: unknown type 0x1b — skipping
10:40:08.585 [SerialProcessor ] INFO     serial_controller.serial_handler SerialProcessor: unknown type 0x1b — skipping
10:40:08.585 [SerialProcessor ] INFO     serial_controller.serial_handler SerialProcessor: unknown type 0x1b — skipping
10:40:08.611 [SerialProcessor ] INFO     serial_controller.serial_handler SerialProcessor: unknown type 0x1b — skipping
10:40:08.611 [SerialProcessor ] INFO     serial_controller.serial_handler SerialProcessor: unknown type 0x1b — skipping
10:40:08.636 [SerialProcessor ] INFO     serial_controller.serial_handler SerialProcessor: unknown type 0x1b — skipping
10:40:08.637 [SerialProcessor ] INFO     serial_controller.serial_handler SerialProcessor: unknown type 0x1b — skipping
10:40:08.662 [SerialProcessor ] INFO     serial_controller.serial_handler SerialProcessor: unknown type 0x1b — skipping
10:40:08.675 [SerialProcessor ] INFO     serial_controller.serial_handler SerialProcessor: unknown type 0x1b — skipping
10:40:08.675 [SerialProcessor ] INFO     serial_controller.serial_handler SerialProcessor: unknown type 0x1b — skipping
10:40:08.701 [SerialProcessor ] INFO     serial_controller.serial_handler SerialProcessor: unknown type 0x1b — skipping
10:40:08.701 [SerialProcessor ] INFO     serial_controller.serial_handler SerialProcessor: unknown type 0x1b — skipping
10:40:08.726 [SerialProcessor ] INFO     serial_controller.serial_handler SerialProcessor: unknown type 0x1b — skipping
10:40:08.727 [SerialProcessor ] INFO     serial_controller.serial_handler SerialProcessor: unknown type 0x1b — skipping
10:40:08.752 [SerialProcessor ] INFO     serial_controller.serial_handler SerialProcessor: unknown type 0x1b — skipping
10:40:08.765 [SerialProcessor ] INFO     serial_controller.serial_handler SerialProcessor: unknown type 0x1b — skipping
10:40:08.765 [SerialProcessor ] INFO     serial_controller.serial_handler SerialProcessor: unknown type 0x1b — skipping
10:40:08.791 [SerialProcessor ] INFO     serial_controller.serial_handler SerialProcessor: unknown type 0x1b — skipping
10:40:08.793 [SerialProcessor ] INFO     serial_controller.serial_handler SerialProcessor: unknown type 0x1b — skipping
10:40:08.816 [SerialProcessor ] INFO     serial_controller.serial_handler SerialProcessor: unknown type 0x1b — skipping
10:40:08.817 [SerialProcessor ] INFO     serial_controller.serial_handler SerialProcessor: unknown type 0x1b — skipping
10:40:08.842 [SerialProcessor ] INFO     serial_controller.serial_handler SerialProcessor: unknown type 0x1b — skipping
10:40:08.842 [SerialProcessor ] INFO     serial_controller.serial_handler SerialProcessor: unknown type 0x1b — skipping
10:40:08.868 [SerialProcessor ] INFO     serial_controller.serial_handler SerialProcessor: unknown type 0x1b — skipping
10:40:08.881 [SerialProcessor ] INFO     serial_controller.serial_handler SerialProcessor: unknown type 0x1b — skipping
10:40:08.882 [SerialProcessor ] INFO     serial_controller.serial_handler SerialProcessor: unknown type 0x1b — skipping
10:40:08.907 [SerialProcessor ] INFO     serial_controller.serial_handler SerialProcessor: unknown type 0x1b — skipping
10:40:08.908 [SerialProcessor ] INFO     serial_controller.serial_handler SerialProcessor: unknown type 0x1b — skipping
10:40:08.932 [SerialProcessor ] INFO     serial_controller.serial_handler SerialProcessor: unknown type 0x1b — skipping
10:40:08.933 [SerialProcessor ] INFO     serial_controller.serial_handler SerialProcessor: unknown type 0x1b — skipping
10:40:08.958 [SerialProcessor ] INFO     serial_controller.serial_handler SerialProcessor: unknown type 0x1b — skipping
10:40:08.971 [SerialProcessor ] INFO     serial_controller.serial_handler SerialProcessor: unknown type 0x1b — skipping
10:40:08.971 [SerialProcessor ] INFO     serial_controller.serial_handler SerialProcessor: unknown type 0x1b — skipping
10:40:08.996 [SerialProcessor ] INFO     serial_controller.serial_handler SerialProcessor: unknown type 0x1b — skipping
10:40:08.997 [SerialProcessor ] INFO     serial_controller.serial_handler SerialProcessor: unknown type 0x1b — skipping
10:40:09.023 [SerialProcessor ] INFO     serial_controller.serial_handler SerialProcessor: unknown type 0x1b — skipping
10:40:09.023 [SerialProcessor ] INFO     serial_controller.serial_handler SerialProcessor: unknown type 0x1b — skipping
10:40:09.048 [SerialProcessor ] INFO     serial_controller.serial_handler SerialProcessor: unknown type 0x1b — skipping
10:40:09.048 [SerialProcessor ] INFO     serial_controller.serial_handler SerialProcessor: unknown type 0x1b — skipping
10:40:09.074 [SerialProcessor ] INFO     serial_controller.serial_handler SerialProcessor: unknown type 0x1b — skipping
10:40:09.087 [SerialProcessor ] INFO     serial_controller.serial_handler SerialProcessor: unknown type 0x1b — skipping
10:40:09.088 [SerialProcessor ] INFO     serial_controller.serial_handler SerialProcessor: unknown type 0x1b — skipping
10:40:09.112 [SerialProcessor ] INFO     serial_controller.serial_handler SerialProcessor: unknown type 0x1b — skipping
10:40:09.113 [SerialProcessor ] INFO     serial_controller.serial_handler SerialProcessor: unknown type 0x1b — skipping
10:40:09.138 [SerialProcessor ] INFO     serial_controller.serial_handler SerialProcessor: unknown type 0x1b — skipping
10:40:09.138 [SerialProcessor ] INFO     serial_controller.serial_handler SerialProcessor: unknown type 0x1b — skipping
10:40:09.164 [SerialProcessor ] INFO     serial_controller.serial_handler SerialProcessor: unknown type 0x1b — skipping
10:40:09.176 [SerialProcessor ] INFO     serial_controller.serial_handler SerialProcessor: unknown type 0x1b — skipping
10:40:09.177 [SerialProcessor ] INFO     serial_controller.serial_handler SerialProcessor: unknown type 0x1b — skipping
10:40:09.202 [SerialProcessor ] INFO     serial_controller.serial_handler SerialProcessor: unknown type 0x1b — skipping
10:40:09.203 [SerialProcessor ] INFO     serial_controller.serial_handler SerialProcessor: unknown type 0x1b — skipping
10:40:09.228 [SerialProcessor ] INFO     serial_controller.serial_handler SerialProcessor: unknown type 0x1b — skipping
10:40:09.228 [SerialProcessor ] INFO     serial_controller.serial_handler SerialProcessor: unknown type 0x1b — skipping
10:40:09.254 [SerialProcessor ] INFO     serial_controller.serial_handler SerialProcessor: unknown type 0x1b — skipping
10:40:09.254 [SerialProcessor ] INFO     serial_controller.serial_handler SerialProcessor: unknown type 0x1b — skipping
10:40:09.279 [SerialProcessor ] INFO     serial_controller.serial_handler SerialProcessor: unknown type 0x1b — skipping
10:40:09.292 [SerialProcessor ] INFO     serial_controller.serial_handler SerialProcessor: unknown type 0x1b — skipping
10:40:09.293 [SerialProcessor ] INFO     serial_controller.serial_handler SerialProcessor: unknown type 0x1b — skipping
10:40:09.318 [SerialProcessor ] INFO     serial_controller.serial_handler SerialProcessor: unknown type 0x1b — skipping
10:40:09.319 [SerialProcessor ] INFO     serial_controller.serial_handler SerialProcessor: unknown type 0x1b — skipping
10:40:09.344 [SerialProcessor ] INFO     serial_controller.serial_handler SerialProcessor: unknown type 0x1b — skipping
10:40:09.344 [SerialProcessor ] INFO     serial_controller.serial_handler SerialProcessor: unknown type 0x1b — skipping
10:40:09.370 [SerialProcessor ] INFO     serial_controller.serial_handler SerialProcessor: unknown type 0x1b — skipping
10:40:09.382 [SerialProcessor ] INFO     serial_controller.serial_handler SerialProcessor: unknown type 0x1b — skipping
10:40:09.383 [SerialProcessor ] INFO     serial_controller.serial_handler SerialProcessor: unknown type 0x1b — skipping
10:40:09.408 [SerialProcessor ] INFO     serial_controller.serial_handler SerialProcessor: unknown type 0x1b — skipping
10:40:09.409 [SerialProcessor ] INFO     serial_controller.serial_handler SerialProcessor: unknown type 0x1b — skipping
10:40:09.434 [SerialProcessor ] INFO     serial_controller.serial_handler SerialProcessor: unknown type 0x1b — skipping
10:40:09.434 [SerialProcessor ] INFO     serial_controller.serial_handler SerialProcessor: unknown type 0x1b — skipping
10:40:09.460 [SerialProcessor ] INFO     serial_controller.serial_handler SerialProcessor: unknown type 0x1b — skipping
10:40:09.460 [SerialProcessor ] INFO     serial_controller.serial_handler SerialProcessor: unknown type 0x1b — skipping
10:40:09.485 [SerialProcessor ] INFO     serial_controller.serial_handler SerialProcessor: unknown type 0x1b — skipping
10:40:09.498 [SerialProcessor ] INFO     serial_controller.serial_handler SerialProcessor: unknown type 0x1b — skipping
10:40:09.498 [SerialProcessor ] INFO     serial_controller.serial_handler SerialProcessor: unknown type 0x1b — skipping
10:40:09.524 [SerialProcessor ] INFO     serial_controller.serial_handler SerialProcessor: unknown type 0x1b — skipping
10:40:09.525 [SerialProcessor ] INFO     serial_controller.serial_handler SerialProcessor: unknown type 0x1b — skipping
10:40:09.550 [SerialProcessor ] INFO     serial_controller.serial_handler SerialProcessor: unknown type 0x1b — skipping
10:40:09.550 [SerialProcessor ] INFO     serial_controller.serial_handler SerialProcessor: unknown type 0x1b — skipping
10:40:09.575 [SerialProcessor ] INFO     serial_controller.serial_handler SerialProcessor: unknown type 0x1b — skipping
10:40:09.588 [SerialProcessor ] INFO     serial_controller.serial_handler SerialProcessor: unknown type 0x1b — skipping
10:40:09.589 [SerialProcessor ] INFO     serial_controller.serial_handler SerialProcessor: unknown type 0x1b — skipping
10:40:09.614 [SerialProcessor ] INFO     serial_controller.serial_handler SerialProcessor: unknown type 0x1b — skipping
10:40:09.614 [SerialProcessor ] INFO     serial_controller.serial_handler SerialProcessor: unknown type 0x1b — skipping
10:40:09.640 [SerialProcessor ] INFO     serial_controller.serial_handler SerialProcessor: unknown type 0x1b — skipping
10:40:09.640 [SerialProcessor ] INFO     serial_controller.serial_handler SerialProcessor: unknown type 0x1b — skipping
10:40:09.665 [SerialProcessor ] INFO     serial_controller.serial_handler SerialProcessor: unknown type 0x1b — skipping
10:40:09.666 [SerialProcessor ] INFO     serial_controller.serial_handler SerialProcessor: unknown type 0x1b — skipping
10:40:09.691 [SerialProcessor ] INFO     serial_controller.serial_handler SerialProcessor: unknown type 0x1b — skipping
10:40:09.704 [SerialProcessor ] INFO     serial_controller.serial_handler SerialProcessor: unknown type 0x1b — skipping
10:40:09.704 [SerialProcessor ] INFO     serial_controller.serial_handler SerialProcessor: unknown type 0x1b — skipping
10:40:09.730 [SerialProcessor ] INFO     serial_controller.serial_handler SerialProcessor: unknown type 0x1b — skipping
10:40:09.730 [SerialProcessor ] INFO     serial_controller.serial_handler SerialProcessor: unknown type 0x1b — skipping
10:40:09.755 [SerialProcessor ] INFO     serial_controller.serial_handler SerialProcessor: unknown type 0x1b — skipping
10:40:09.756 [SerialProcessor ] INFO     serial_controller.serial_handler SerialProcessor: unknown type 0x1b — skipping
10:40:09.781 [SerialProcessor ] INFO     serial_controller.serial_handler SerialProcessor: unknown type 0x1b — skipping
10:40:09.794 [SerialProcessor ] INFO     serial_controller.serial_handler SerialProcessor: unknown type 0x1b — skipping
10:40:09.794 [SerialProcessor ] INFO     serial_controller.serial_handler SerialProcessor: unknown type 0x1b — skipping
10:40:09.820 [SerialProcessor ] INFO     serial_controller.serial_handler SerialProcessor: unknown type 0x1b — skipping
10:40:09.820 [SerialProcessor ] INFO     serial_controller.serial_handler SerialProcessor: unknown type 0x1b — skipping
10:40:09.846 [SerialProcessor ] INFO     serial_controller.serial_handler SerialProcessor: unknown type 0x1b — skipping
10:40:09.846 [SerialProcessor ] INFO     serial_controller.serial_handler SerialProcessor: unknown type 0x1b — skipping
10:40:09.871 [SerialProcessor ] INFO     serial_controller.serial_handler SerialProcessor: unknown type 0x1b — skipping
10:40:09.872 [SerialProcessor ] INFO     serial_controller.serial_handler SerialProcessor: unknown type 0x1b — skipping
10:40:09.897 [SerialProcessor ] INFO     serial_controller.serial_handler SerialProcessor: unknown type 0x1b — skipping
10:40:09.910 [SerialProcessor ] INFO     serial_controller.serial_handler SerialProcessor: unknown type 0x1b — skipping
10:40:09.910 [SerialProcessor ] INFO     serial_controller.serial_handler SerialProcessor: unknown type 0x1b — skipping
10:40:09.936 [SerialProcessor ] INFO     serial_controller.serial_handler SerialProcessor: unknown type 0x1b — skipping
10:40:09.936 [SerialProcessor ] INFO     serial_controller.serial_handler SerialProcessor: unknown type 0x1b — skipping
10:40:09.961 [SerialProcessor ] INFO     serial_controller.serial_handler SerialProcessor: unknown type 0x1b — skipping
10:40:09.962 [SerialProcessor ] INFO     serial_controller.serial_handler SerialProcessor: unknown type 0x1b — skipping
10:40:09.987 [SerialProcessor ] INFO     serial_controller.serial_handler SerialProcessor: unknown type 0x1b — skipping
10:40:10.000 [SerialProcessor ] INFO     serial_controller.serial_handler SerialProcessor: unknown type 0x1b — skipping
10:40:10.000 [SerialProcessor ] INFO     serial_controller.serial_handler SerialProcessor: unknown type 0x1b — skipping
10:40:10.026 [SerialProcessor ] INFO     serial_controller.serial_handler SerialProcessor: unknown type 0x1b — skipping
10:40:10.026 [SerialProcessor ] INFO     serial_controller.serial_handler SerialProcessor: unknown type 0x1b — skipping
10:40:10.051 [SerialProcessor ] INFO     serial_controller.serial_handler SerialProcessor: unknown type 0x1b — skipping
10:40:10.052 [SerialProcessor ] INFO     serial_controller.serial_handler SerialProcessor: unknown type 0x1b — skipping
10:40:10.077 [SerialProcessor ] INFO     serial_controller.serial_handler SerialProcessor: unknown type 0x1b — skipping
10:40:10.077 [SerialProcessor ] INFO     serial_controller.serial_handler SerialProcessor: unknown type 0x1b — skipping
10:40:10.103 [SerialProcessor ] INFO     serial_controller.serial_handler SerialProcessor: unknown type 0x1b — skipping
10:40:10.116 [SerialProcessor ] INFO     serial_controller.serial_handler SerialProcessor: unknown type 0x1b — skipping
10:40:10.116 [SerialProcessor ] INFO     serial_controller.serial_handler SerialProcessor: unknown type 0x1b — skipping
10:40:10.141 [SerialProcessor ] INFO     serial_controller.serial_handler SerialProcessor: unknown type 0x1b — skipping
10:40:10.143 [SerialProcessor ] INFO     serial_controller.serial_handler SerialProcessor: unknown type 0x1b — skipping
10:40:10.167 [SerialProcessor ] INFO     serial_controller.serial_handler SerialProcessor: unknown type 0x1b — skipping
10:40:10.167 [SerialProcessor ] INFO     serial_controller.serial_handler SerialProcessor: unknown type 0x1b — skipping
10:40:10.193 [SerialProcessor ] INFO     serial_controller.serial_handler SerialProcessor: unknown type 0x1b — skipping
10:40:10.207 [SerialProcessor ] INFO     serial_controller.serial_handler SerialProcessor: unknown type 0x1b — skipping
10:40:10.207 [SerialProcessor ] INFO     serial_controller.serial_handler SerialProcessor: unknown type 0x1b — skipping
10:40:10.232 [SerialProcessor ] INFO     serial_controller.serial_handler SerialProcessor: unknown type 0x1b — skipping
10:40:10.244 [SerialProcessor ] INFO     serial_controller.serial_handler SerialProcessor: unknown type 0x1b — skipping
10:40:10.258 [SerialProcessor ] INFO     serial_controller.serial_handler SerialProcessor: unknown type 0x1b — skipping
10:40:10.259 [SerialProcessor ] INFO     serial_controller.serial_handler SerialProcessor: unknown type 0x1b — skipping
10:40:10.283 [SerialProcessor ] INFO     serial_controller.serial_handler SerialProcessor: unknown type 0x1b — skipping
10:40:10.285 [SerialProcessor ] INFO     serial_controller.serial_handler SerialProcessor: unknown type 0x1b — skipping
10:40:10.309 [SerialProcessor ] INFO     serial_controller.serial_handler SerialProcessor: unknown type 0x1b — skipping
10:40:10.321 [SerialProcessor ] INFO     serial_controller.serial_handler SerialProcessor: unknown type 0x1b — skipping
10:40:10.322 [SerialProcessor ] INFO     serial_controller.serial_handler SerialProcessor: unknown type 0x1b — skipping
10:40:10.347 [SerialProcessor ] INFO     serial_controller.serial_handler SerialProcessor: unknown type 0x1b — skipping
10:40:10.348 [SerialProcessor ] INFO     serial_controller.serial_handler SerialProcessor: unknown type 0x1b — skipping
10:40:10.373 [SerialProcessor ] INFO     serial_controller.serial_handler SerialProcessor: unknown type 0x1b — skipping
10:40:10.373 [SerialProcessor ] INFO     serial_controller.serial_handler SerialProcessor: unknown type 0x1b — skipping
10:40:10.399 [SerialProcessor ] INFO     serial_controller.serial_handler SerialProcessor: unknown type 0x1b — skipping
10:40:10.412 [SerialProcessor ] INFO     serial_controller.serial_handler SerialProcessor: unknown type 0x1b — skipping
10:40:10.412 [SerialProcessor ] INFO     serial_controller.serial_handler SerialProcessor: unknown type 0x1b — skipping
10:40:10.437 [SerialProcessor ] INFO     serial_controller.serial_handler SerialProcessor: unknown type 0x1b — skipping
10:40:10.438 [SerialProcessor ] INFO     serial_controller.serial_handler SerialProcessor: unknown type 0x1b — skipping
10:40:10.463 [SerialProcessor ] INFO     serial_controller.serial_handler SerialProcessor: unknown type 0x1b — skipping
10:40:10.464 [SerialProcessor ] INFO     serial_controller.serial_handler SerialProcessor: unknown type 0x1b — skipping
10:40:10.489 [SerialProcessor ] INFO     serial_controller.serial_handler SerialProcessor: unknown type 0x1b — skipping
10:40:10.489 [SerialProcessor ] INFO     serial_controller.serial_handler SerialProcessor: unknown type 0x1b — skipping
10:40:10.515 [SerialProcessor ] INFO     serial_controller.serial_handler SerialProcessor: unknown type 0x1b — skipping
10:40:10.527 [SerialProcessor ] INFO     serial_controller.serial_handler SerialProcessor: unknown type 0x1b — skipping
10:40:10.528 [SerialProcessor ] INFO     serial_controller.serial_handler SerialProcessor: unknown type 0x1b — skipping
10:40:10.553 [SerialProcessor ] INFO     serial_controller.serial_handler SerialProcessor: unknown type 0x1b — skipping
10:40:10.554 [SerialProcessor ] INFO     serial_controller.serial_handler SerialProcessor: unknown type 0x1b — skipping
10:40:10.580 [SerialProcessor ] INFO     serial_controller.serial_handler SerialProcessor: unknown type 0x1b — skipping
10:40:10.580 [SerialProcessor ] INFO     serial_controller.serial_handler SerialProcessor: unknown type 0x1b — skipping
10:40:10.605 [SerialProcessor ] INFO     serial_controller.serial_handler SerialProcessor: unknown type 0x1b — skipping
10:40:10.617 [SerialProcessor ] INFO     serial_controller.serial_handler SerialProcessor: unknown type 0x1b — skipping
10:40:10.618 [SerialProcessor ] INFO     serial_controller.serial_handler SerialProcessor: unknown type 0x1b — skipping
10:40:10.643 [SerialProcessor ] INFO     serial_controller.serial_handler SerialProcessor: unknown type 0x1b — skipping
10:40:10.644 [SerialProcessor ] INFO     serial_controller.serial_handler SerialProcessor: unknown type 0x1b — skipping
10:40:10.669 [SerialProcessor ] INFO     serial_controller.serial_handler SerialProcessor: unknown type 0x1b — skipping
10:40:10.669 [SerialProcessor ] INFO     serial_controller.serial_handler SerialProcessor: unknown type 0x1b — skipping
10:40:10.695 [SerialProcessor ] INFO     serial_controller.serial_handler SerialProcessor: unknown type 0x1b — skipping
10:40:10.695 [SerialProcessor ] INFO     serial_controller.serial_handler SerialProcessor: unknown type 0x1b — skipping
10:40:10.720 [SerialProcessor ] INFO     serial_controller.serial_handler SerialProcessor: unknown type 0x1b — skipping
10:40:10.733 [SerialProcessor ] INFO     serial_controller.serial_handler SerialProcessor: unknown type 0x1b — skipping
10:40:10.734 [SerialProcessor ] INFO     serial_controller.serial_handler SerialProcessor: unknown type 0x1b — skipping
10:40:10.759 [SerialProcessor ] INFO     serial_controller.serial_handler SerialProcessor: unknown type 0x1b — skipping
10:40:10.759 [SerialProcessor ] INFO     serial_controller.serial_handler SerialProcessor: unknown type 0x1b — skipping
10:40:10.785 [SerialProcessor ] INFO     serial_controller.serial_handler SerialProcessor: unknown type 0x1b — skipping
10:40:10.785 [SerialProcessor ] INFO     serial_controller.serial_handler SerialProcessor: unknown type 0x1b — skipping
10:40:10.811 [SerialProcessor ] INFO     serial_controller.serial_handler SerialProcessor: unknown type 0x1b — skipping
10:40:10.823 [SerialProcessor ] INFO     serial_controller.serial_handler SerialProcessor: unknown type 0x1b — skipping
10:40:10.824 [SerialProcessor ] INFO     serial_controller.serial_handler SerialProcessor: unknown type 0x1b — skipping
10:40:10.849 [SerialProcessor ] INFO     serial_controller.serial_handler SerialProcessor: unknown type 0x1b — skipping
10:40:10.850 [SerialProcessor ] INFO     serial_controller.serial_handler SerialProcessor: unknown type 0x1b — skipping
10:40:10.875 [SerialProcessor ] INFO     serial_controller.serial_handler SerialProcessor: unknown type 0x1b — skipping
10:40:10.875 [SerialProcessor ] INFO     serial_controller.serial_handler SerialProcessor: unknown type 0x1b — skipping
10:40:10.901 [SerialProcessor ] INFO     serial_controller.serial_handler SerialProcessor: unknown type 0x1b — skipping
10:40:10.901 [SerialProcessor ] INFO     serial_controller.serial_handler SerialProcessor: unknown type 0x1b — skipping
10:40:10.926 [SerialProcessor ] INFO     serial_controller.serial_handler SerialProcessor: unknown type 0x1b — skipping
10:40:10.939 [SerialProcessor ] INFO     serial_controller.serial_handler SerialProcessor: unknown type 0x1b — skipping
10:40:10.940 [SerialProcessor ] INFO     serial_controller.serial_handler SerialProcessor: unknown type 0x1b — skipping
10:40:10.965 [SerialProcessor ] INFO     serial_controller.serial_handler SerialProcessor: unknown type 0x1b — skipping
10:40:10.966 [SerialProcessor ] INFO     serial_controller.serial_handler SerialProcessor: unknown type 0x1b — skipping
10:40:10.991 [SerialProcessor ] INFO     serial_controller.serial_handler SerialProcessor: unknown type 0x1b — skipping
10:40:10.991 [SerialProcessor ] INFO     serial_controller.serial_handler SerialProcessor: unknown type 0x1b — skipping
10:40:11.017 [SerialProcessor ] INFO     serial_controller.serial_handler SerialProcessor: unknown type 0x1b — skipping
10:40:11.029 [SerialProcessor ] INFO     serial_controller.serial_handler SerialProcessor: unknown type 0x1b — skipping
10:40:11.030 [SerialProcessor ] INFO     serial_controller.serial_handler SerialProcessor: unknown type 0x1b — skipping
10:40:11.055 [SerialProcessor ] INFO     serial_controller.serial_handler SerialProcessor: unknown type 0x1b — skipping
10:40:11.056 [SerialProcessor ] INFO     serial_controller.serial_handler SerialProcessor: unknown type 0x1b — skipping
10:40:11.081 [SerialProcessor ] INFO     serial_controller.serial_handler SerialProcessor: unknown type 0x1b — skipping
10:40:11.081 [SerialProcessor ] INFO     serial_controller.serial_handler SerialProcessor: unknown type 0x1b — skipping
10:40:11.107 [SerialProcessor ] INFO     serial_controller.serial_handler SerialProcessor: unknown type 0x1b — skipping
10:40:11.107 [SerialProcessor ] INFO     serial_controller.serial_handler SerialProcessor: unknown type 0x1b — skipping
10:40:11.132 [SerialProcessor ] INFO     serial_controller.serial_handler SerialProcessor: unknown type 0x1b — skipping
10:40:11.145 [SerialProcessor ] INFO     serial_controller.serial_handler SerialProcessor: unknown type 0x1b — skipping
10:40:11.145 [SerialProcessor ] INFO     serial_controller.serial_handler SerialProcessor: unknown type 0x1b — skipping
10:40:11.171 [SerialProcessor ] INFO     serial_controller.serial_handler SerialProcessor: unknown type 0x1b — skipping
10:40:11.171 [SerialProcessor ] INFO     serial_controller.serial_handler SerialProcessor: unknown type 0x1b — skipping
10:40:11.196 [SerialProcessor ] INFO     serial_controller.serial_handler SerialProcessor: unknown type 0x1b — skipping
10:40:11.197 [SerialProcessor ] INFO     serial_controller.serial_handler SerialProcessor: unknown type 0x1b — skipping
10:40:11.222 [SerialProcessor ] INFO     serial_controller.serial_handler SerialProcessor: unknown type 0x1b — skipping
10:40:11.235 [SerialProcessor ] INFO     serial_controller.serial_handler SerialProcessor: unknown type 0x1b — skipping
10:40:11.236 [SerialProcessor ] INFO     serial_controller.serial_handler SerialProcessor: unknown type 0x1b — skipping
10:40:11.262 [SerialProcessor ] INFO     serial_controller.serial_handler SerialProcessor: unknown type 0x1b — skipping
10:40:11.263 [SerialProcessor ] INFO     serial_controller.serial_handler SerialProcessor: unknown type 0x1b — skipping
10:40:11.287 [SerialProcessor ] INFO     serial_controller.serial_handler SerialProcessor: unknown type 0x1b — skipping
10:40:11.287 [SerialProcessor ] INFO     serial_controller.serial_handler SerialProcessor: unknown type 0x1b — skipping
10:40:11.312 [SerialProcessor ] INFO     serial_controller.serial_handler SerialProcessor: unknown type 0x1b — skipping
10:40:11.313 [SerialProcessor ] INFO     serial_controller.serial_handler SerialProcessor: unknown type 0x1b — skipping
10:40:11.340 [SerialProcessor ] INFO     serial_controller.serial_handler SerialProcessor: unknown type 0x1b — skipping
10:40:11.351 [SerialProcessor ] INFO     serial_controller.serial_handler SerialProcessor: unknown type 0x1b — skipping
10:40:11.351 [SerialProcessor ] INFO     serial_controller.serial_handler SerialProcessor: unknown type 0x1b — skipping
10:40:11.377 [SerialProcessor ] INFO     serial_controller.serial_handler SerialProcessor: unknown type 0x1b — skipping
10:40:11.378 [SerialProcessor ] INFO     serial_controller.serial_handler SerialProcessor: unknown type 0x1b — skipping
10:40:11.402 [SerialProcessor ] INFO     serial_controller.serial_handler SerialProcessor: unknown type 0x1b — skipping
10:40:11.403 [SerialProcessor ] INFO     serial_controller.serial_handler SerialProcessor: unknown type 0x1b — skipping
10:40:11.428 [SerialProcessor ] INFO     serial_controller.serial_handler SerialProcessor: unknown type 0x1b — skipping
10:40:11.441 [SerialProcessor ] INFO     serial_controller.serial_handler SerialProcessor: unknown type 0x1b — skipping
10:40:11.443 [SerialProcessor ] INFO     serial_controller.serial_handler SerialProcessor: unknown type 0x1b — skipping
10:40:11.467 [SerialProcessor ] INFO     serial_controller.serial_handler SerialProcessor: unknown type 0x1b — skipping
10:40:11.468 [SerialProcessor ] INFO     serial_controller.serial_handler SerialProcessor: unknown type 0x1b — skipping
10:40:11.493 [SerialProcessor ] INFO     serial_controller.serial_handler SerialProcessor: unknown type 0x1b — skipping
10:40:11.493 [SerialProcessor ] INFO     serial_controller.serial_handler SerialProcessor: unknown type 0x1b — skipping
10:40:11.518 [SerialProcessor ] INFO     serial_controller.serial_handler SerialProcessor: unknown type 0x1b — skipping
10:40:11.519 [SerialProcessor ] INFO     serial_controller.serial_handler SerialProcessor: unknown type 0x1b — skipping
10:40:11.544 [SerialProcessor ] INFO     serial_controller.serial_handler SerialProcessor: unknown type 0x1b — skipping
10:40:11.557 [SerialProcessor ] INFO     serial_controller.serial_handler SerialProcessor: unknown type 0x1b — skipping
10:40:11.557 [SerialProcessor ] INFO     serial_controller.serial_handler SerialProcessor: unknown type 0x1b — skipping
10:40:11.583 [SerialProcessor ] INFO     serial_controller.serial_handler SerialProcessor: unknown type 0x1b — skipping
10:40:11.583 [SerialProcessor ] INFO     serial_controller.serial_handler SerialProcessor: unknown type 0x1b — skipping
10:40:11.608 [SerialProcessor ] INFO     serial_controller.serial_handler SerialProcessor: unknown type 0x1b — skipping
10:40:11.609 [SerialProcessor ] INFO     serial_controller.serial_handler SerialProcessor: unknown type 0x1b — skipping
10:40:11.634 [SerialProcessor ] INFO     serial_controller.serial_handler SerialProcessor: unknown type 0x1b — skipping
10:40:11.647 [SerialProcessor ] INFO     serial_controller.serial_handler SerialProcessor: unknown type 0x1b — skipping
10:40:11.647 [SerialProcessor ] INFO     serial_controller.serial_handler SerialProcessor: unknown type 0x1b — skipping
10:40:11.687 [SerialProcessor ] INFO     serial_controller.serial_handler SerialProcessor: unknown type 0x1b — skipping
10:40:11.693 [SerialProcessor ] INFO     serial_controller.serial_handler SerialProcessor: unknown type 0x1b — skipping
10:40:11.731 [SerialProcessor ] INFO     serial_controller.serial_handler SerialProcessor: unknown type 0x1b — skipping
10:40:11.731 [SerialProcessor ] INFO     serial_controller.serial_handler SerialProcessor: unknown type 0x1b — skipping
10:40:11.731 [SerialProcessor ] INFO     serial_controller.serial_handler SerialProcessor: unknown type 0x1b — skipping
10:40:11.732 [SerialProcessor ] INFO     serial_controller.serial_handler SerialProcessor: unknown type 0x1b — skipping
10:40:11.750 [SerialProcessor ] INFO     serial_controller.serial_handler SerialProcessor: unknown type 0x1b — skipping
10:40:11.763 [SerialProcessor ] INFO     serial_controller.serial_handler SerialProcessor: unknown type 0x1b — skipping
10:40:11.765 [SerialProcessor ] INFO     serial_controller.serial_handler SerialProcessor: unknown type 0x1b — skipping
10:40:11.788 [SerialProcessor ] INFO     serial_controller.serial_handler SerialProcessor: unknown type 0x1b — skipping
10:40:11.789 [SerialProcessor ] INFO     serial_controller.serial_handler SerialProcessor: unknown type 0x1b — skipping
10:40:11.814 [SerialProcessor ] INFO     serial_controller.serial_handler SerialProcessor: unknown type 0x1b — skipping
10:40:11.814 [SerialProcessor ] INFO     serial_controller.serial_handler SerialProcessor: unknown type 0x1b — skipping
10:40:11.840 [SerialProcessor ] INFO     serial_controller.serial_handler SerialProcessor: unknown type 0x1b — skipping
10:40:11.853 [SerialProcessor ] INFO     serial_controller.serial_handler SerialProcessor: unknown type 0x1b — skipping
10:40:11.853 [SerialProcessor ] INFO     serial_controller.serial_handler SerialProcessor: unknown type 0x1b — skipping
10:40:11.878 [SerialProcessor ] INFO     serial_controller.serial_handler SerialProcessor: unknown type 0x1b — skipping
10:40:11.879 [SerialProcessor ] INFO     serial_controller.serial_handler SerialProcessor: unknown type 0x1b — skipping
10:40:11.904 [SerialProcessor ] INFO     serial_controller.serial_handler SerialProcessor: unknown type 0x1b — skipping
10:40:11.905 [SerialProcessor ] INFO     serial_controller.serial_handler SerialProcessor: unknown type 0x1b — skipping
10:40:11.930 [SerialProcessor ] INFO     serial_controller.serial_handler SerialProcessor: unknown type 0x1b — skipping
10:40:11.930 [SerialProcessor ] INFO     serial_controller.serial_handler SerialProcessor: unknown type 0x1b — skipping
10:40:11.956 [SerialProcessor ] INFO     serial_controller.serial_handler SerialProcessor: unknown type 0x1b — skipping
10:40:11.968 [SerialProcessor ] INFO     serial_controller.serial_handler SerialProcessor: unknown type 0x1b — skipping
10:40:11.969 [SerialProcessor ] INFO     serial_controller.serial_handler SerialProcessor: unknown type 0x1b — skipping
10:40:11.994 [SerialProcessor ] INFO     serial_controller.serial_handler SerialProcessor: unknown type 0x1b — skipping
10:40:11.994 [SerialProcessor ] INFO     serial_controller.serial_handler SerialProcessor: unknown type 0x1b — skipping
10:40:12.020 [SerialProcessor ] INFO     serial_controller.serial_handler SerialProcessor: unknown type 0x1b — skipping
10:40:12.020 [SerialProcessor ] INFO     serial_controller.serial_handler SerialProcessor: unknown type 0x1b — skipping
10:40:12.046 [SerialProcessor ] INFO     serial_controller.serial_handler SerialProcessor: unknown type 0x1b — skipping
10:40:12.059 [SerialProcessor ] INFO     serial_controller.serial_handler SerialProcessor: unknown type 0x1b — skipping
10:40:12.060 [SerialProcessor ] INFO     serial_controller.serial_handler SerialProcessor: unknown type 0x1b — skipping
10:40:12.084 [SerialProcessor ] INFO     serial_controller.serial_handler SerialProcessor: unknown type 0x1b — skipping
10:40:12.084 [SerialProcessor ] INFO     serial_controller.serial_handler SerialProcessor: unknown type 0x1b — skipping
10:40:12.110 [SerialProcessor ] INFO     serial_controller.serial_handler SerialProcessor: unknown type 0x1b — skipping
10:40:12.110 [SerialProcessor ] INFO     serial_controller.serial_handler SerialProcessor: unknown type 0x1b — skipping
10:40:12.136 [SerialProcessor ] INFO     serial_controller.serial_handler SerialProcessor: unknown type 0x1b — skipping
10:40:12.136 [SerialProcessor ] INFO     serial_controller.serial_handler SerialProcessor: unknown type 0x1b — skipping
10:40:12.162 [SerialProcessor ] INFO     serial_controller.serial_handler SerialProcessor: unknown type 0x1b — skipping
10:40:12.174 [SerialProcessor ] INFO     serial_controller.serial_handler SerialProcessor: unknown type 0x1b — skipping
10:40:12.174 [SerialProcessor ] INFO     serial_controller.serial_handler SerialProcessor: unknown type 0x1b — skipping
10:40:12.200 [SerialProcessor ] INFO     serial_controller.serial_handler SerialProcessor: unknown type 0x1b — skipping
10:40:12.200 [SerialProcessor ] INFO     serial_controller.serial_handler SerialProcessor: unknown type 0x1b — skipping
10:40:12.226 [SerialProcessor ] INFO     serial_controller.serial_handler SerialProcessor: unknown type 0x1b — skipping
10:40:12.227 [SerialProcessor ] INFO     serial_controller.serial_handler SerialProcessor: unknown type 0x1b — skipping
10:40:12.251 [SerialProcessor ] INFO     serial_controller.serial_handler SerialProcessor: unknown type 0x1b — skipping
10:40:12.264 [SerialProcessor ] INFO     serial_controller.serial_handler SerialProcessor: unknown type 0x1b — skipping
10:40:12.265 [SerialProcessor ] INFO     serial_controller.serial_handler SerialProcessor: unknown type 0x1b — skipping
10:40:12.290 [SerialProcessor ] INFO     serial_controller.serial_handler SerialProcessor: unknown type 0x1b — skipping
10:40:12.290 [SerialProcessor ] INFO     serial_controller.serial_handler SerialProcessor: unknown type 0x1b — skipping
10:40:12.316 [SerialProcessor ] INFO     serial_controller.serial_handler SerialProcessor: unknown type 0x1b — skipping
10:40:12.316 [SerialProcessor ] INFO     serial_controller.serial_handler SerialProcessor: unknown type 0x1b — skipping
10:40:12.343 [SerialProcessor ] INFO     serial_controller.serial_handler SerialProcessor: unknown type 0x1b — skipping
10:40:12.345 [SerialProcessor ] INFO     serial_controller.serial_handler SerialProcessor: unknown type 0x1b — skipping
10:40:12.368 [SerialProcessor ] INFO     serial_controller.serial_handler SerialProcessor: unknown type 0x1b — skipping
10:40:12.380 [SerialProcessor ] INFO     serial_controller.serial_handler SerialProcessor: unknown type 0x1b — skipping
10:40:12.381 [SerialProcessor ] INFO     serial_controller.serial_handler SerialProcessor: unknown type 0x1b — skipping
10:40:12.406 [SerialProcessor ] INFO     serial_controller.serial_handler SerialProcessor: unknown type 0x1b — skipping
10:40:12.407 [SerialProcessor ] INFO     serial_controller.serial_handler SerialProcessor: unknown type 0x1b — skipping
10:40:12.432 [SerialProcessor ] INFO     serial_controller.serial_handler SerialProcessor: unknown type 0x1b — skipping
10:40:12.432 [SerialProcessor ] INFO     serial_controller.serial_handler SerialProcessor: unknown type 0x1b — skipping
10:40:12.458 [SerialProcessor ] INFO     serial_controller.serial_handler SerialProcessor: unknown type 0x1b — skipping
10:40:12.470 [SerialProcessor ] INFO     serial_controller.serial_handler SerialProcessor: unknown type 0x1b — skipping
10:40:12.471 [SerialProcessor ] INFO     serial_controller.serial_handler SerialProcessor: unknown type 0x1b — skipping
10:40:12.496 [SerialProcessor ] INFO     serial_controller.serial_handler SerialProcessor: unknown type 0x1b — skipping
10:40:12.497 [SerialProcessor ] INFO     serial_controller.serial_handler SerialProcessor: unknown type 0x1b — skipping
10:40:12.522 [SerialProcessor ] INFO     serial_controller.serial_handler SerialProcessor: unknown type 0x1b — skipping
10:40:12.522 [SerialProcessor ] INFO     serial_controller.serial_handler SerialProcessor: unknown type 0x1b — skipping
10:40:12.548 [SerialProcessor ] INFO     serial_controller.serial_handler SerialProcessor: unknown type 0x1b — skipping
10:40:12.548 [SerialProcessor ] INFO     serial_controller.serial_handler SerialProcessor: unknown type 0x1b — skipping
10:40:12.573 [SerialProcessor ] INFO     serial_controller.serial_handler SerialProcessor: unknown type 0x1b — skipping
10:40:12.588 [SerialProcessor ] INFO     serial_controller.serial_handler SerialProcessor: unknown type 0x1b — skipping
10:40:12.589 [SerialProcessor ] INFO     serial_controller.serial_handler SerialProcessor: unknown type 0x1b — skipping
10:40:12.612 [SerialProcessor ] INFO     serial_controller.serial_handler SerialProcessor: unknown type 0x1b — skipping
10:40:12.612 [SerialProcessor ] INFO     serial_controller.serial_handler SerialProcessor: unknown type 0x1b — skipping
10:40:12.638 [SerialProcessor ] INFO     serial_controller.serial_handler SerialProcessor: unknown type 0x1b — skipping
10:40:12.638 [SerialProcessor ] INFO     serial_controller.serial_handler SerialProcessor: unknown type 0x1b — skipping
10:40:12.663 [SerialProcessor ] INFO     serial_controller.serial_handler SerialProcessor: unknown type 0x1b — skipping
10:40:12.676 [SerialProcessor ] INFO     serial_controller.serial_handler SerialProcessor: unknown type 0x1b — skipping
10:40:12.676 [SerialProcessor ] INFO     serial_controller.serial_handler SerialProcessor: unknown type 0x1b — skipping
10:40:12.702 [SerialProcessor ] INFO     serial_controller.serial_handler SerialProcessor: unknown type 0x1b — skipping
10:40:12.702 [SerialProcessor ] INFO     serial_controller.serial_handler SerialProcessor: unknown type 0x1b — skipping
10:40:12.728 [SerialProcessor ] INFO     serial_controller.serial_handler SerialProcessor: unknown type 0x1b — skipping
10:40:12.728 [SerialProcessor ] INFO     serial_controller.serial_handler SerialProcessor: unknown type 0x1b — skipping
10:40:12.753 [SerialProcessor ] INFO     serial_controller.serial_handler SerialProcessor: unknown type 0x1b — skipping
10:40:12.754 [SerialProcessor ] INFO     serial_controller.serial_handler SerialProcessor: unknown type 0x1b — skipping
10:40:12.779 [SerialProcessor ] INFO     serial_controller.serial_handler SerialProcessor: unknown type 0x1b — skipping
10:40:12.792 [SerialProcessor ] INFO     serial_controller.serial_handler SerialProcessor: unknown type 0x1b — skipping
10:40:12.793 [SerialProcessor ] INFO     serial_controller.serial_handler SerialProcessor: unknown type 0x1b — skipping
10:40:12.818 [SerialProcessor ] INFO     serial_controller.serial_handler SerialProcessor: unknown type 0x1b — skipping
10:40:12.818 [SerialProcessor ] INFO     serial_controller.serial_handler SerialProcessor: unknown type 0x1b — skipping
10:40:12.844 [SerialProcessor ] INFO     serial_controller.serial_handler SerialProcessor: unknown type 0x1b — skipping
10:40:12.844 [SerialProcessor ] INFO     serial_controller.serial_handler SerialProcessor: unknown type 0x1b — skipping
10:40:12.869 [SerialProcessor ] INFO     serial_controller.serial_handler SerialProcessor: unknown type 0x1b — skipping
10:40:12.882 [SerialProcessor ] INFO     serial_controller.serial_handler SerialProcessor: unknown type 0x1b — skipping
10:40:12.883 [SerialProcessor ] INFO     serial_controller.serial_handler SerialProcessor: unknown type 0x1b — skipping
10:40:12.908 [SerialProcessor ] INFO     serial_controller.serial_handler SerialProcessor: unknown type 0x1b — skipping
10:40:12.908 [SerialProcessor ] INFO     serial_controller.serial_handler SerialProcessor: unknown type 0x1b — skipping
10:40:12.934 [SerialProcessor ] INFO     serial_controller.serial_handler SerialProcessor: unknown type 0x1b — skipping
10:40:12.934 [SerialProcessor ] INFO     serial_controller.serial_handler SerialProcessor: unknown type 0x1b — skipping
10:40:12.961 [SerialProcessor ] INFO     serial_controller.serial_handler SerialProcessor: unknown type 0x1b — skipping
10:40:12.962 [SerialProcessor ] INFO     serial_controller.serial_handler SerialProcessor: unknown type 0x1b — skipping
10:40:12.985 [SerialProcessor ] INFO     serial_controller.serial_handler SerialProcessor: unknown type 0x1b — skipping
10:40:12.998 [SerialProcessor ] INFO     serial_controller.serial_handler SerialProcessor: unknown type 0x1b — skipping
10:40:12.998 [SerialProcessor ] INFO     serial_controller.serial_handler SerialProcessor: unknown type 0x1b — skipping
10:40:13.024 [SerialProcessor ] INFO     serial_controller.serial_handler SerialProcessor: unknown type 0x1b — skipping
10:40:13.025 [SerialProcessor ] INFO     serial_controller.serial_handler SerialProcessor: unknown type 0x1b — skipping
10:40:13.050 [SerialProcessor ] INFO     serial_controller.serial_handler SerialProcessor: unknown type 0x1b — skipping
10:40:13.050 [SerialProcessor ] INFO     serial_controller.serial_handler SerialProcessor: unknown type 0x1b — skipping
10:40:13.075 [SerialProcessor ] INFO     serial_controller.serial_handler SerialProcessor: unknown type 0x1b — skipping
10:40:13.088 [SerialProcessor ] INFO     serial_controller.serial_handler SerialProcessor: unknown type 0x1b — skipping
10:40:13.089 [SerialProcessor ] INFO     serial_controller.serial_handler SerialProcessor: unknown type 0x1b — skipping
10:40:13.114 [SerialProcessor ] INFO     serial_controller.serial_handler SerialProcessor: unknown type 0x1b — skipping
10:40:13.114 [SerialProcessor ] INFO     serial_controller.serial_handler SerialProcessor: unknown type 0x1b — skipping
10:40:13.140 [SerialProcessor ] INFO     serial_controller.serial_handler SerialProcessor: unknown type 0x1b — skipping
10:40:13.140 [SerialProcessor ] INFO     serial_controller.serial_handler SerialProcessor: unknown type 0x1b — skipping
10:40:13.165 [SerialProcessor ] INFO     serial_controller.serial_handler SerialProcessor: unknown type 0x1b — skipping
10:40:13.166 [SerialProcessor ] INFO     serial_controller.serial_handler SerialProcessor: unknown type 0x1b — skipping
10:40:13.191 [SerialProcessor ] INFO     serial_controller.serial_handler SerialProcessor: unknown type 0x1b — skipping
10:40:13.204 [SerialProcessor ] INFO     serial_controller.serial_handler SerialProcessor: unknown type 0x1b — skipping
10:40:13.204 [SerialProcessor ] INFO     serial_controller.serial_handler SerialProcessor: unknown type 0x1b — skipping
10:40:13.230 [SerialProcessor ] INFO     serial_controller.serial_handler SerialProcessor: unknown type 0x1b — skipping
10:40:13.230 [SerialProcessor ] INFO     serial_controller.serial_handler SerialProcessor: unknown type 0x1b — skipping
10:40:13.255 [SerialProcessor ] INFO     serial_controller.serial_handler SerialProcessor: unknown type 0x1b — skipping
10:40:13.256 [SerialProcessor ] INFO     serial_controller.serial_handler SerialProcessor: unknown type 0x1b — skipping
10:40:13.281 [SerialProcessor ] INFO     serial_controller.serial_handler SerialProcessor: unknown type 0x1b — skipping
10:40:13.294 [SerialProcessor ] INFO     serial_controller.serial_handler SerialProcessor: unknown type 0x1b — skipping
10:40:13.295 [SerialProcessor ] INFO     serial_controller.serial_handler SerialProcessor: unknown type 0x1b — skipping
10:40:13.320 [SerialProcessor ] INFO     serial_controller.serial_handler SerialProcessor: unknown type 0x1b — skipping
10:40:13.320 [SerialProcessor ] INFO     serial_controller.serial_handler SerialProcessor: unknown type 0x1b — skipping
10:40:13.346 [SerialProcessor ] INFO     serial_controller.serial_handler SerialProcessor: unknown type 0x1b — skipping
10:40:13.347 [SerialProcessor ] INFO     serial_controller.serial_handler SerialProcessor: unknown type 0x1b — skipping
10:40:13.371 [SerialProcessor ] INFO     serial_controller.serial_handler SerialProcessor: unknown type 0x1b — skipping
10:40:13.372 [SerialProcessor ] INFO     serial_controller.serial_handler SerialProcessor: unknown type 0x1b — skipping
10:40:13.397 [SerialProcessor ] INFO     serial_controller.serial_handler SerialProcessor: unknown type 0x1b — skipping
10:40:13.410 [SerialProcessor ] INFO     serial_controller.serial_handler SerialProcessor: unknown type 0x1b — skipping
10:40:13.410 [SerialProcessor ] INFO     serial_controller.serial_handler SerialProcessor: unknown type 0x1b — skipping
10:40:13.435 [SerialProcessor ] INFO     serial_controller.serial_handler SerialProcessor: unknown type 0x1b — skipping
10:40:13.436 [SerialProcessor ] INFO     serial_controller.serial_handler SerialProcessor: unknown type 0x1b — skipping
10:40:13.461 [SerialProcessor ] INFO     serial_controller.serial_handler SerialProcessor: unknown type 0x1b — skipping
10:40:13.462 [SerialProcessor ] INFO     serial_controller.serial_handler SerialProcessor: unknown type 0x1b — skipping
10:40:13.487 [SerialProcessor ] INFO     serial_controller.serial_handler SerialProcessor: unknown type 0x1b — skipping
10:40:13.500 [SerialProcessor ] INFO     serial_controller.serial_handler SerialProcessor: unknown type 0x1b — skipping
10:40:13.500 [SerialProcessor ] INFO     serial_controller.serial_handler SerialProcessor: unknown type 0x1b — skipping
10:40:13.526 [SerialProcessor ] INFO     serial_controller.serial_handler SerialProcessor: unknown type 0x1b — skipping
10:40:13.526 [SerialProcessor ] INFO     serial_controller.serial_handler SerialProcessor: unknown type 0x1b — skipping
10:40:13.551 [SerialProcessor ] INFO     serial_controller.serial_handler SerialProcessor: unknown type 0x1b — skipping
10:40:13.552 [SerialProcessor ] INFO     serial_controller.serial_handler SerialProcessor: unknown type 0x1b — skipping
10:40:13.577 [SerialProcessor ] INFO     serial_controller.serial_handler SerialProcessor: unknown type 0x1b — skipping
10:40:13.577 [SerialProcessor ] INFO     serial_controller.serial_handler SerialProcessor: unknown type 0x1b — skipping
10:40:13.603 [SerialProcessor ] INFO     serial_controller.serial_handler SerialProcessor: unknown type 0x1b — skipping
10:40:13.616 [SerialProcessor ] INFO     serial_controller.serial_handler SerialProcessor: unknown type 0x1b — skipping
10:40:13.616 [SerialProcessor ] INFO     serial_controller.serial_handler SerialProcessor: unknown type 0x1b — skipping
10:40:13.641 [SerialProcessor ] INFO     serial_controller.serial_handler SerialProcessor: unknown type 0x1b — skipping
10:40:13.642 [SerialProcessor ] INFO     serial_controller.serial_handler SerialProcessor: unknown type 0x1b — skipping
10:40:13.667 [SerialProcessor ] INFO     serial_controller.serial_handler SerialProcessor: unknown type 0x1b — skipping
10:40:13.668 [SerialProcessor ] INFO     serial_controller.serial_handler SerialProcessor: unknown type 0x1b — skipping
10:40:13.693 [SerialProcessor ] INFO     serial_controller.serial_handler SerialProcessor: unknown type 0x1b — skipping
10:40:13.705 [SerialProcessor ] INFO     serial_controller.serial_handler SerialProcessor: unknown type 0x1b — skipping
10:40:13.706 [SerialProcessor ] INFO     serial_controller.serial_handler SerialProcessor: unknown type 0x1b — skipping
10:40:13.731 [SerialProcessor ] INFO     serial_controller.serial_handler SerialProcessor: unknown type 0x1b — skipping
10:40:13.732 [SerialProcessor ] INFO     serial_controller.serial_handler SerialProcessor: unknown type 0x1b — skipping
10:40:13.762 [SerialProcessor ] INFO     serial_controller.serial_handler SerialProcessor: unknown type 0x1b — skipping
10:40:13.808 [SerialProcessor ] INFO     serial_controller.serial_handler SerialProcessor: unknown type 0x1b — skipping
10:40:13.810 [SerialProcessor ] INFO     serial_controller.serial_handler SerialProcessor: unknown type 0x1b — skipping
10:40:13.811 [SerialProcessor ] INFO     serial_controller.serial_handler SerialProcessor: unknown type 0x1b — skipping
10:40:13.811 [SerialProcessor ] INFO     serial_controller.serial_handler SerialProcessor: unknown type 0x1b — skipping
10:40:13.822 [SerialProcessor ] INFO     serial_controller.serial_handler SerialProcessor: unknown type 0x1b — skipping
10:40:13.824 [SerialProcessor ] INFO     serial_controller.serial_handler SerialProcessor: unknown type 0x1b — skipping
10:40:13.847 [SerialProcessor ] INFO     serial_controller.serial_handler SerialProcessor: unknown type 0x1b — skipping
10:40:13.847 [SerialProcessor ] INFO     serial_controller.serial_handler SerialProcessor: unknown type 0x1b — skipping
10:40:13.873 [SerialProcessor ] INFO     serial_controller.serial_handler SerialProcessor: unknown type 0x1b — skipping
10:40:13.873 [SerialProcessor ] INFO     serial_controller.serial_handler SerialProcessor: unknown type 0x1b — skipping
10:40:13.899 [SerialProcessor ] INFO     serial_controller.serial_handler SerialProcessor: unknown type 0x1b — skipping
10:40:13.911 [SerialProcessor ] INFO     serial_controller.serial_handler SerialProcessor: unknown type 0x1b — skipping
10:40:13.912 [SerialProcessor ] INFO     serial_controller.serial_handler SerialProcessor: unknown type 0x1b — skipping
10:40:13.937 [SerialProcessor ] INFO     serial_controller.serial_handler SerialProcessor: unknown type 0x1b — skipping
10:40:13.937 [SerialProcessor ] INFO     serial_controller.serial_handler SerialProcessor: unknown type 0x1b — skipping
10:40:13.963 [SerialProcessor ] INFO     serial_controller.serial_handler SerialProcessor: unknown type 0x1b — skipping
10:40:13.963 [SerialProcessor ] INFO     serial_controller.serial_handler SerialProcessor: unknown type 0x1b — skipping
10:40:13.989 [SerialProcessor ] INFO     serial_controller.serial_handler SerialProcessor: unknown type 0x1b — skipping
10:40:13.989 [SerialProcessor ] INFO     serial_controller.serial_handler SerialProcessor: unknown type 0x1b — skipping
10:40:14.014 [SerialProcessor ] INFO     serial_controller.serial_handler SerialProcessor: unknown type 0x1b — skipping
10:40:14.027 [SerialProcessor ] INFO     serial_controller.serial_handler SerialProcessor: unknown type 0x1b — skipping
10:40:14.028 [SerialProcessor ] INFO     serial_controller.serial_handler SerialProcessor: unknown type 0x1b — skipping
10:40:14.053 [SerialProcessor ] INFO     serial_controller.serial_handler SerialProcessor: unknown type 0x1b — skipping
10:40:14.053 [SerialProcessor ] INFO     serial_controller.serial_handler SerialProcessor: unknown type 0x1b — skipping
10:40:14.079 [SerialProcessor ] INFO     serial_controller.serial_handler SerialProcessor: unknown type 0x1b — skipping
10:40:14.079 [SerialProcessor ] INFO     serial_controller.serial_handler SerialProcessor: unknown type 0x1b — skipping
10:40:14.104 [SerialProcessor ] INFO     serial_controller.serial_handler SerialProcessor: unknown type 0x1b — skipping
10:40:14.117 [SerialProcessor ] INFO     serial_controller.serial_handler SerialProcessor: unknown type 0x1b — skipping
10:40:14.118 [SerialProcessor ] INFO     serial_controller.serial_handler SerialProcessor: unknown type 0x1b — skipping
10:40:14.143 [SerialProcessor ] INFO     serial_controller.serial_handler SerialProcessor: unknown type 0x1b — skipping
10:40:14.144 [SerialProcessor ] INFO     serial_controller.serial_handler SerialProcessor: unknown type 0x1b — skipping
10:40:14.169 [SerialProcessor ] INFO     serial_controller.serial_handler SerialProcessor: unknown type 0x1b — skipping
10:40:14.170 [SerialProcessor ] INFO     serial_controller.serial_handler SerialProcessor: unknown type 0x1b — skipping
10:40:14.195 [SerialProcessor ] INFO     serial_controller.serial_handler SerialProcessor: unknown type 0x1b — skipping
10:40:14.195 [SerialProcessor ] INFO     serial_controller.serial_handler SerialProcessor: unknown type 0x1b — skipping
10:40:14.220 [SerialProcessor ] INFO     serial_controller.serial_handler SerialProcessor: unknown type 0x1b — skipping
10:40:14.233 [SerialProcessor ] INFO     serial_controller.serial_handler SerialProcessor: unknown type 0x1b — skipping
10:40:14.234 [SerialProcessor ] INFO     serial_controller.serial_handler SerialProcessor: unknown type 0x1b — skipping
10:40:14.259 [SerialProcessor ] INFO     serial_controller.serial_handler SerialProcessor: unknown type 0x1b — skipping
10:40:14.259 [SerialProcessor ] INFO     serial_controller.serial_handler SerialProcessor: unknown type 0x1b — skipping
10:40:14.284 [SerialProcessor ] INFO     serial_controller.serial_handler SerialProcessor: unknown type 0x1b — skipping
10:40:14.285 [SerialProcessor ] INFO     serial_controller.serial_handler SerialProcessor: unknown type 0x1b — skipping
10:40:14.310 [SerialProcessor ] INFO     serial_controller.serial_handler SerialProcessor: unknown type 0x1b — skipping
10:40:14.323 [SerialProcessor ] INFO     serial_controller.serial_handler SerialProcessor: unknown type 0x1b — skipping
10:40:14.323 [SerialProcessor ] INFO     serial_controller.serial_handler SerialProcessor: unknown type 0x1b — skipping
10:40:14.349 [SerialProcessor ] INFO     serial_controller.serial_handler SerialProcessor: unknown type 0x1b — skipping
10:40:14.349 [SerialProcessor ] INFO     serial_controller.serial_handler SerialProcessor: unknown type 0x1b — skipping
10:40:14.375 [SerialProcessor ] INFO     serial_controller.serial_handler SerialProcessor: unknown type 0x1b — skipping
10:40:14.375 [SerialProcessor ] INFO     serial_controller.serial_handler SerialProcessor: unknown type 0x1b — skipping
10:40:14.400 [SerialProcessor ] INFO     serial_controller.serial_handler SerialProcessor: unknown type 0x1b — skipping
10:40:14.401 [SerialProcessor ] INFO     serial_controller.serial_handler SerialProcessor: unknown type 0x1b — skipping
10:40:14.427 [SerialProcessor ] INFO     serial_controller.serial_handler SerialProcessor: unknown type 0x1b — skipping
10:40:14.439 [SerialProcessor ] INFO     serial_controller.serial_handler SerialProcessor: unknown type 0x1b — skipping
10:40:14.439 [SerialProcessor ] INFO     serial_controller.serial_handler SerialProcessor: unknown type 0x1b — skipping
10:40:14.465 [SerialProcessor ] INFO     serial_controller.serial_handler SerialProcessor: unknown type 0x1b — skipping
10:40:14.465 [SerialProcessor ] INFO     serial_controller.serial_handler SerialProcessor: unknown type 0x1b — skipping
10:40:14.490 [SerialProcessor ] INFO     serial_controller.serial_handler SerialProcessor: unknown type 0x1b — skipping
10:40:14.491 [SerialProcessor ] INFO     serial_controller.serial_handler SerialProcessor: unknown type 0x1b — skipping
10:40:14.516 [SerialProcessor ] INFO     serial_controller.serial_handler SerialProcessor: unknown type 0x1b — skipping
10:40:14.529 [SerialProcessor ] INFO     serial_controller.serial_handler SerialProcessor: unknown type 0x1b — skipping
10:40:14.530 [SerialProcessor ] INFO     serial_controller.serial_handler SerialProcessor: unknown type 0x1b — skipping
10:40:14.555 [SerialProcessor ] INFO     serial_controller.serial_handler SerialProcessor: unknown type 0x1b — skipping
10:40:14.555 [SerialProcessor ] INFO     serial_controller.serial_handler SerialProcessor: unknown type 0x1b — skipping
10:40:14.581 [SerialProcessor ] INFO     serial_controller.serial_handler SerialProcessor: unknown type 0x1b — skipping
10:40:14.581 [SerialProcessor ] INFO     serial_controller.serial_handler SerialProcessor: unknown type 0x1b — skipping
10:40:14.606 [SerialProcessor ] INFO     serial_controller.serial_handler SerialProcessor: unknown type 0x1b — skipping
10:40:14.607 [SerialProcessor ] INFO     serial_controller.serial_handler SerialProcessor: unknown type 0x1b — skipping
10:40:14.632 [SerialProcessor ] INFO     serial_controller.serial_handler SerialProcessor: unknown type 0x1b — skipping
10:40:14.645 [SerialProcessor ] INFO     serial_controller.serial_handler SerialProcessor: unknown type 0x1b — skipping
10:40:14.645 [SerialProcessor ] INFO     serial_controller.serial_handler SerialProcessor: unknown type 0x1b — skipping
10:40:14.670 [SerialProcessor ] INFO     serial_controller.serial_handler SerialProcessor: unknown type 0x1b — skipping
10:40:14.671 [SerialProcessor ] INFO     serial_controller.serial_handler SerialProcessor: unknown type 0x1b — skipping
10:40:14.696 [SerialProcessor ] INFO     serial_controller.serial_handler SerialProcessor: unknown type 0x1b — skipping
10:40:14.697 [SerialProcessor ] INFO     serial_controller.serial_handler SerialProcessor: unknown type 0x1b — skipping
10:40:14.722 [SerialProcessor ] INFO     serial_controller.serial_handler SerialProcessor: unknown type 0x1b — skipping
10:40:14.735 [SerialProcessor ] INFO     serial_controller.serial_handler SerialProcessor: unknown type 0x1b — skipping
10:40:14.735 [SerialProcessor ] INFO     serial_controller.serial_handler SerialProcessor: unknown type 0x1b — skipping
10:40:14.760 [SerialProcessor ] INFO     serial_controller.serial_handler SerialProcessor: unknown type 0x1b — skipping
10:40:14.761 [SerialProcessor ] INFO     serial_controller.serial_handler SerialProcessor: unknown type 0x1b — skipping
10:40:14.786 [SerialProcessor ] INFO     serial_controller.serial_handler SerialProcessor: unknown type 0x1b — skipping
10:40:14.787 [SerialProcessor ] INFO     serial_controller.serial_handler SerialProcessor: unknown type 0x1b — skipping
10:40:14.812 [SerialProcessor ] INFO     serial_controller.serial_handler SerialProcessor: unknown type 0x1b — skipping
10:40:14.812 [SerialProcessor ] INFO     serial_controller.serial_handler SerialProcessor: unknown type 0x1b — skipping
10:40:14.838 [SerialProcessor ] INFO     serial_controller.serial_handler SerialProcessor: unknown type 0x1b — skipping
10:40:14.851 [SerialProcessor ] INFO     serial_controller.serial_handler SerialProcessor: unknown type 0x1b — skipping
10:40:14.852 [SerialProcessor ] INFO     serial_controller.serial_handler SerialProcessor: unknown type 0x1b — skipping
10:40:14.877 [SerialProcessor ] INFO     serial_controller.serial_handler SerialProcessor: unknown type 0x1b — skipping
10:40:14.877 [SerialProcessor ] INFO     serial_controller.serial_handler SerialProcessor: unknown type 0x1b — skipping
10:40:14.902 [SerialProcessor ] INFO     serial_controller.serial_handler SerialProcessor: unknown type 0x1b — skipping
10:40:14.903 [SerialProcessor ] INFO     serial_controller.serial_handler SerialProcessor: unknown type 0x1b — skipping
10:40:14.928 [SerialProcessor ] INFO     serial_controller.serial_handler SerialProcessor: unknown type 0x1b — skipping
10:40:14.941 [SerialProcessor ] INFO     serial_controller.serial_handler SerialProcessor: unknown type 0x1b — skipping
10:40:14.942 [SerialProcessor ] INFO     serial_controller.serial_handler SerialProcessor: unknown type 0x1b — skipping
10:40:14.968 [SerialProcessor ] INFO     serial_controller.serial_handler SerialProcessor: unknown type 0x1b — skipping
10:40:14.968 [SerialProcessor ] INFO     serial_controller.serial_handler SerialProcessor: unknown type 0x1b — skipping
10:40:14.992 [SerialProcessor ] INFO     serial_controller.serial_handler SerialProcessor: unknown type 0x1b — skipping
10:40:14.993 [SerialProcessor ] INFO     serial_controller.serial_handler SerialProcessor: unknown type 0x1b — skipping
10:40:15.018 [SerialProcessor ] INFO     serial_controller.serial_handler SerialProcessor: unknown type 0x1b — skipping
10:40:15.018 [SerialProcessor ] INFO     serial_controller.serial_handler SerialProcessor: unknown type 0x1b — skipping
10:40:15.044 [SerialProcessor ] INFO     serial_controller.serial_handler SerialProcessor: unknown type 0x1b — skipping
10:40:15.056 [SerialProcessor ] INFO     serial_controller.serial_handler SerialProcessor: unknown type 0x1b — skipping
10:40:15.057 [SerialProcessor ] INFO     serial_controller.serial_handler SerialProcessor: unknown type 0x1b — skipping
10:40:15.082 [SerialProcessor ] INFO     serial_controller.serial_handler SerialProcessor: unknown type 0x1b — skipping
10:40:15.083 [SerialProcessor ] INFO     serial_controller.serial_handler SerialProcessor: unknown type 0x1b — skipping
10:40:15.108 [SerialProcessor ] INFO     serial_controller.serial_handler SerialProcessor: unknown type 0x1b — skipping
10:40:15.108 [SerialProcessor ] INFO     serial_controller.serial_handler SerialProcessor: unknown type 0x1b — skipping
10:40:15.134 [SerialProcessor ] INFO     serial_controller.serial_handler SerialProcessor: unknown type 0x1b — skipping
10:40:15.146 [SerialProcessor ] INFO     serial_controller.serial_handler SerialProcessor: unknown type 0x1b — skipping
10:40:15.147 [SerialProcessor ] INFO     serial_controller.serial_handler SerialProcessor: unknown type 0x1b — skipping
10:40:15.172 [SerialProcessor ] INFO     serial_controller.serial_handler SerialProcessor: unknown type 0x1b — skipping
10:40:15.173 [SerialProcessor ] INFO     serial_controller.serial_handler SerialProcessor: unknown type 0x1b — skipping
10:40:15.198 [SerialProcessor ] INFO     serial_controller.serial_handler SerialProcessor: unknown type 0x1b — skipping
10:40:15.198 [SerialProcessor ] INFO     serial_controller.serial_handler SerialProcessor: unknown type 0x1b — skipping
10:40:15.224 [SerialProcessor ] INFO     serial_controller.serial_handler SerialProcessor: unknown type 0x1b — skipping
10:40:15.225 [SerialProcessor ] INFO     serial_controller.serial_handler SerialProcessor: unknown type 0x1b — skipping
10:40:15.250 [SerialProcessor ] INFO     serial_controller.serial_handler SerialProcessor: unknown type 0x1b — skipping
10:40:15.263 [SerialProcessor ] INFO     serial_controller.serial_handler SerialProcessor: unknown type 0x1b — skipping
10:40:15.268 [SerialProcessor ] INFO     serial_controller.serial_handler SerialProcessor: unknown type 0x1b — skipping
10:40:15.288 [SerialProcessor ] INFO     serial_controller.serial_handler SerialProcessor: unknown type 0x1b — skipping
10:40:15.288 [SerialProcessor ] INFO     serial_controller.serial_handler SerialProcessor: unknown type 0x1b — skipping
10:40:15.314 [SerialProcessor ] INFO     serial_controller.serial_handler SerialProcessor: unknown type 0x1b — skipping
10:40:15.314 [SerialProcessor ] INFO     serial_controller.serial_handler SerialProcessor: unknown type 0x1b — skipping
10:40:15.339 [SerialProcessor ] INFO     serial_controller.serial_handler SerialProcessor: unknown type 0x1b — skipping
10:40:15.352 [SerialProcessor ] INFO     serial_controller.serial_handler SerialProcessor: unknown type 0x1b — skipping
10:40:15.353 [SerialProcessor ] INFO     serial_controller.serial_handler SerialProcessor: unknown type 0x1b — skipping
10:40:15.378 [SerialProcessor ] INFO     serial_controller.serial_handler SerialProcessor: unknown type 0x1b — skipping
10:40:15.379 [SerialProcessor ] INFO     serial_controller.serial_handler SerialProcessor: unknown type 0x1b — skipping
10:40:15.404 [SerialProcessor ] INFO     serial_controller.serial_handler SerialProcessor: unknown type 0x1b — skipping
10:40:15.404 [SerialProcessor ] INFO     serial_controller.serial_handler SerialProcessor: unknown type 0x1b — skipping
10:40:15.430 [SerialProcessor ] INFO     serial_controller.serial_handler SerialProcessor: unknown type 0x1b — skipping
10:40:15.430 [SerialProcessor ] INFO     serial_controller.serial_handler SerialProcessor: unknown type 0x1b — skipping
10:40:15.455 [SerialProcessor ] INFO     serial_controller.serial_handler SerialProcessor: unknown type 0x1b — skipping
10:40:15.468 [SerialProcessor ] INFO     serial_controller.serial_handler SerialProcessor: unknown type 0x1b — skipping
10:40:15.469 [SerialProcessor ] INFO     serial_controller.serial_handler SerialProcessor: unknown type 0x1b — skipping
10:40:15.494 [SerialProcessor ] INFO     serial_controller.serial_handler SerialProcessor: unknown type 0x1b — skipping
10:40:15.495 [SerialProcessor ] INFO     serial_controller.serial_handler SerialProcessor: unknown type 0x1b — skipping
10:40:15.520 [SerialProcessor ] INFO     serial_controller.serial_handler SerialProcessor: unknown type 0x1b — skipping
10:40:15.520 [SerialProcessor ] INFO     serial_controller.serial_handler SerialProcessor: unknown type 0x1b — skipping
10:40:15.545 [SerialProcessor ] INFO     serial_controller.serial_handler SerialProcessor: unknown type 0x1b — skipping
10:40:15.558 [SerialProcessor ] INFO     serial_controller.serial_handler SerialProcessor: unknown type 0x1b — skipping
10:40:15.558 [SerialProcessor ] INFO     serial_controller.serial_handler SerialProcessor: unknown type 0x1b — skipping
10:40:15.584 [SerialProcessor ] INFO     serial_controller.serial_handler SerialProcessor: unknown type 0x1b — skipping
10:40:15.585 [SerialProcessor ] INFO     serial_controller.serial_handler SerialProcessor: unknown type 0x1b — skipping
10:40:15.610 [SerialProcessor ] INFO     serial_controller.serial_handler SerialProcessor: unknown type 0x1b — skipping
10:40:15.611 [SerialProcessor ] INFO     serial_controller.serial_handler SerialProcessor: unknown type 0x1b — skipping
10:40:15.636 [SerialProcessor ] INFO     serial_controller.serial_handler SerialProcessor: unknown type 0x1b — skipping
10:40:15.636 [SerialProcessor ] INFO     serial_controller.serial_handler SerialProcessor: unknown type 0x1b — skipping
10:40:15.661 [SerialProcessor ] INFO     serial_controller.serial_handler SerialProcessor: unknown type 0x1b — skipping
10:40:15.674 [SerialProcessor ] INFO     serial_controller.serial_handler SerialProcessor: unknown type 0x1b — skipping
10:40:15.675 [SerialProcessor ] INFO     serial_controller.serial_handler SerialProcessor: unknown type 0x1b — skipping
10:40:15.700 [SerialProcessor ] INFO     serial_controller.serial_handler SerialProcessor: unknown type 0x1b — skipping
10:40:15.700 [SerialProcessor ] INFO     serial_controller.serial_handler SerialProcessor: unknown type 0x1b — skipping
10:40:15.725 [SerialProcessor ] INFO     serial_controller.serial_handler SerialProcessor: unknown type 0x1b — skipping
10:40:15.726 [SerialProcessor ] INFO     serial_controller.serial_handler SerialProcessor: unknown type 0x1b — skipping
10:40:15.751 [SerialProcessor ] INFO     serial_controller.serial_handler SerialProcessor: unknown type 0x1b — skipping
10:40:15.764 [SerialProcessor ] INFO     serial_controller.serial_handler SerialProcessor: unknown type 0x1b — skipping
10:40:15.764 [SerialProcessor ] INFO     serial_controller.serial_handler SerialProcessor: unknown type 0x1b — skipping
10:40:15.790 [SerialProcessor ] INFO     serial_controller.serial_handler SerialProcessor: unknown type 0x1b — skipping
10:40:15.790 [SerialProcessor ] INFO     serial_controller.serial_handler SerialProcessor: unknown type 0x1b — skipping
10:40:15.816 [SerialProcessor ] INFO     serial_controller.serial_handler SerialProcessor: unknown type 0x1b — skipping
10:40:15.816 [SerialProcessor ] INFO     serial_controller.serial_handler SerialProcessor: unknown type 0x1b — skipping
10:40:15.841 [SerialProcessor ] INFO     serial_controller.serial_handler SerialProcessor: unknown type 0x1b — skipping
10:40:15.842 [SerialProcessor ] INFO     serial_controller.serial_handler SerialProcessor: unknown type 0x1b — skipping
10:40:15.867 [SerialProcessor ] INFO     serial_controller.serial_handler SerialProcessor: unknown type 0x1b — skipping
10:40:15.880 [SerialProcessor ] INFO     serial_controller.serial_handler SerialProcessor: unknown type 0x1b — skipping
10:40:15.880 [SerialProcessor ] INFO     serial_controller.serial_handler SerialProcessor: unknown type 0x1b — skipping
10:40:15.906 [SerialProcessor ] INFO     serial_controller.serial_handler SerialProcessor: unknown type 0x1b — skipping
10:40:15.906 [SerialProcessor ] INFO     serial_controller.serial_handler SerialProcessor: unknown type 0x1b — skipping
10:40:15.931 [SerialProcessor ] INFO     serial_controller.serial_handler SerialProcessor: unknown type 0x1b — skipping
10:40:15.932 [SerialProcessor ] INFO     serial_controller.serial_handler SerialProcessor: unknown type 0x1b — skipping
10:40:15.957 [SerialProcessor ] INFO     serial_controller.serial_handler SerialProcessor: unknown type 0x1b — skipping
10:40:15.970 [SerialProcessor ] INFO     serial_controller.serial_handler SerialProcessor: unknown type 0x1b — skipping
10:40:15.970 [SerialProcessor ] INFO     serial_controller.serial_handler SerialProcessor: unknown type 0x1b — skipping
10:40:15.996 [SerialProcessor ] INFO     serial_controller.serial_handler SerialProcessor: unknown type 0x1b — skipping
10:40:15.996 [SerialProcessor ] INFO     serial_controller.serial_handler SerialProcessor: unknown type 0x1b — skipping
10:40:16.021 [SerialProcessor ] INFO     serial_controller.serial_handler SerialProcessor: unknown type 0x1b — skipping
10:40:16.023 [SerialProcessor ] INFO     serial_controller.serial_handler SerialProcessor: unknown type 0x1b — skipping
10:40:16.047 [SerialProcessor ] INFO     serial_controller.serial_handler SerialProcessor: unknown type 0x1b — skipping
10:40:16.047 [SerialProcessor ] INFO     serial_controller.serial_handler SerialProcessor: unknown type 0x1b — skipping
10:40:16.073 [SerialProcessor ] INFO     serial_controller.serial_handler SerialProcessor: unknown type 0x1b — skipping
10:40:16.086 [SerialProcessor ] INFO     serial_controller.serial_handler SerialProcessor: unknown type 0x1b — skipping
10:40:16.087 [SerialProcessor ] INFO     serial_controller.serial_handler SerialProcessor: unknown type 0x1b — skipping
10:40:16.112 [SerialProcessor ] INFO     serial_controller.serial_handler SerialProcessor: unknown type 0x1b — skipping
10:40:16.112 [SerialProcessor ] INFO     serial_controller.serial_handler SerialProcessor: unknown type 0x1b — skipping
10:40:16.137 [SerialProcessor ] INFO     serial_controller.serial_handler SerialProcessor: unknown type 0x1b — skipping
10:40:16.138 [SerialProcessor ] INFO     serial_controller.serial_handler SerialProcessor: unknown type 0x1b — skipping
10:40:16.163 [SerialProcessor ] INFO     serial_controller.serial_handler SerialProcessor: unknown type 0x1b — skipping
10:40:16.176 [SerialProcessor ] INFO     serial_controller.serial_handler SerialProcessor: unknown type 0x1b — skipping
10:40:16.176 [SerialProcessor ] INFO     serial_controller.serial_handler SerialProcessor: unknown type 0x1b — skipping
10:40:16.202 [SerialProcessor ] INFO     serial_controller.serial_handler SerialProcessor: unknown type 0x1b — skipping
10:40:16.202 [SerialProcessor ] INFO     serial_controller.serial_handler SerialProcessor: unknown type 0x1b — skipping
10:40:16.227 [SerialProcessor ] INFO     serial_controller.serial_handler SerialProcessor: unknown type 0x1b — skipping
10:40:16.228 [SerialProcessor ] INFO     serial_controller.serial_handler SerialProcessor: unknown type 0x1b — skipping
10:40:16.253 [SerialProcessor ] INFO     serial_controller.serial_handler SerialProcessor: unknown type 0x1b — skipping
10:40:16.253 [SerialProcessor ] INFO     serial_controller.serial_handler SerialProcessor: unknown type 0x1b — skipping
10:40:16.279 [SerialProcessor ] INFO     serial_controller.serial_handler SerialProcessor: unknown type 0x1b — skipping
10:40:16.292 [SerialProcessor ] INFO     serial_controller.serial_handler SerialProcessor: unknown type 0x1b — skipping
10:40:16.292 [SerialProcessor ] INFO     serial_controller.serial_handler SerialProcessor: unknown type 0x1b — skipping
10:40:16.317 [SerialProcessor ] INFO     serial_controller.serial_handler SerialProcessor: unknown type 0x1b — skipping
10:40:16.318 [SerialProcessor ] INFO     serial_controller.serial_handler SerialProcessor: unknown type 0x1b — skipping
10:40:16.343 [SerialProcessor ] INFO     serial_controller.serial_handler SerialProcessor: unknown type 0x1b — skipping
10:40:16.344 [SerialProcessor ] INFO     serial_controller.serial_handler SerialProcessor: unknown type 0x1b — skipping
10:40:16.369 [SerialProcessor ] INFO     serial_controller.serial_handler SerialProcessor: unknown type 0x1b — skipping
10:40:16.382 [SerialProcessor ] INFO     serial_controller.serial_handler SerialProcessor: unknown type 0x1b — skipping
10:40:16.382 [SerialProcessor ] INFO     serial_controller.serial_handler SerialProcessor: unknown type 0x1b — skipping
10:40:16.407 [SerialProcessor ] INFO     serial_controller.serial_handler SerialProcessor: unknown type 0x1b — skipping
10:40:16.408 [SerialProcessor ] INFO     serial_controller.serial_handler SerialProcessor: unknown type 0x1b — skipping
10:40:16.433 [SerialProcessor ] INFO     serial_controller.serial_handler SerialProcessor: unknown type 0x1b — skipping
10:40:16.433 [SerialProcessor ] INFO     serial_controller.serial_handler SerialProcessor: unknown type 0x1b — skipping
10:40:16.460 [SerialProcessor ] INFO     serial_controller.serial_handler SerialProcessor: unknown type 0x1b — skipping
10:40:16.460 [SerialProcessor ] INFO     serial_controller.serial_handler SerialProcessor: unknown type 0x1b — skipping
10:40:16.485 [SerialProcessor ] INFO     serial_controller.serial_handler SerialProcessor: unknown type 0x1b — skipping
10:40:16.497 [SerialProcessor ] INFO     serial_controller.serial_handler SerialProcessor: unknown type 0x1b — skipping
10:40:16.498 [SerialProcessor ] INFO     serial_controller.serial_handler SerialProcessor: unknown type 0x1b — skipping
10:40:16.523 [SerialProcessor ] INFO     serial_controller.serial_handler SerialProcessor: unknown type 0x1b — skipping
10:40:16.524 [SerialProcessor ] INFO     serial_controller.serial_handler SerialProcessor: unknown type 0x1b — skipping
10:40:16.549 [SerialProcessor ] INFO     serial_controller.serial_handler SerialProcessor: unknown type 0x1b — skipping
10:40:16.549 [SerialProcessor ] INFO     serial_controller.serial_handler SerialProcessor: unknown type 0x1b — skipping
10:40:16.575 [SerialProcessor ] INFO     serial_controller.serial_handler SerialProcessor: unknown type 0x1b — skipping
10:40:16.587 [SerialProcessor ] INFO     serial_controller.serial_handler SerialProcessor: unknown type 0x1b — skipping
10:40:16.588 [SerialProcessor ] INFO     serial_controller.serial_handler SerialProcessor: unknown type 0x1b — skipping
10:40:16.613 [SerialProcessor ] INFO     serial_controller.serial_handler SerialProcessor: unknown type 0x1b — skipping
10:40:16.614 [SerialProcessor ] INFO     serial_controller.serial_handler SerialProcessor: unknown type 0x1b — skipping
10:40:16.639 [SerialProcessor ] INFO     serial_controller.serial_handler SerialProcessor: unknown type 0x1b — skipping
10:40:16.639 [SerialProcessor ] INFO     serial_controller.serial_handler SerialProcessor: unknown type 0x1b — skipping
10:40:16.665 [SerialProcessor ] INFO     serial_controller.serial_handler SerialProcessor: unknown type 0x1b — skipping
10:40:16.665 [SerialProcessor ] INFO     serial_controller.serial_handler SerialProcessor: unknown type 0x1b — skipping
10:40:16.690 [SerialProcessor ] INFO     serial_controller.serial_handler SerialProcessor: unknown type 0x1b — skipping
10:40:16.703 [SerialProcessor ] INFO     serial_controller.serial_handler SerialProcessor: unknown type 0x1b — skipping
10:40:16.704 [SerialProcessor ] INFO     serial_controller.serial_handler SerialProcessor: unknown type 0x1b — skipping
10:40:16.729 [SerialProcessor ] INFO     serial_controller.serial_handler SerialProcessor: unknown type 0x1b — skipping
10:40:16.730 [SerialProcessor ] INFO     serial_controller.serial_handler SerialProcessor: unknown type 0x1b — skipping
10:40:16.755 [SerialProcessor ] INFO     serial_controller.serial_handler SerialProcessor: unknown type 0x1b — skipping
10:40:16.755 [SerialProcessor ] INFO     serial_controller.serial_handler SerialProcessor: unknown type 0x1b — skipping
10:40:16.781 [SerialProcessor ] INFO     serial_controller.serial_handler SerialProcessor: unknown type 0x1b — skipping
10:40:16.793 [SerialProcessor ] INFO     serial_controller.serial_handler SerialProcessor: unknown type 0x1b — skipping
10:40:16.794 [SerialProcessor ] INFO     serial_controller.serial_handler SerialProcessor: unknown type 0x1b — skipping
10:40:16.819 [SerialProcessor ] INFO     serial_controller.serial_handler SerialProcessor: unknown type 0x1b — skipping
10:40:16.819 [SerialProcessor ] INFO     serial_controller.serial_handler SerialProcessor: unknown type 0x1b — skipping
10:40:16.845 [SerialProcessor ] INFO     serial_controller.serial_handler SerialProcessor: unknown type 0x1b — skipping
10:40:16.845 [SerialProcessor ] INFO     serial_controller.serial_handler SerialProcessor: unknown type 0x1b — skipping
10:40:16.870 [SerialProcessor ] INFO     serial_controller.serial_handler SerialProcessor: unknown type 0x1b — skipping
10:40:16.871 [SerialProcessor ] INFO     serial_controller.serial_handler SerialProcessor: unknown type 0x1b — skipping
10:40:16.896 [SerialProcessor ] INFO     serial_controller.serial_handler SerialProcessor: unknown type 0x1b — skipping
10:40:16.909 [SerialProcessor ] INFO     serial_controller.serial_handler SerialProcessor: unknown type 0x1b — skipping
10:40:16.910 [SerialProcessor ] INFO     serial_controller.serial_handler SerialProcessor: unknown type 0x1b — skipping
10:40:16.935 [SerialProcessor ] INFO     serial_controller.serial_handler SerialProcessor: unknown type 0x1b — skipping
10:40:16.935 [SerialProcessor ] INFO     serial_controller.serial_handler SerialProcessor: unknown type 0x1b — skipping
10:40:16.961 [SerialProcessor ] INFO     serial_controller.serial_handler SerialProcessor: unknown type 0x1b — skipping
10:40:16.962 [SerialProcessor ] INFO     serial_controller.serial_handler SerialProcessor: unknown type 0x1b — skipping
10:40:16.986 [SerialProcessor ] INFO     serial_controller.serial_handler SerialProcessor: unknown type 0x1b — skipping
10:40:16.999 [SerialProcessor ] INFO     serial_controller.serial_handler SerialProcessor: unknown type 0x1b — skipping
10:40:16.999 [SerialProcessor ] INFO     serial_controller.serial_handler SerialProcessor: unknown type 0x1b — skipping
10:40:17.028 [SerialProcessor ] INFO     serial_controller.serial_handler SerialProcessor: unknown type 0x1b — skipping
10:40:17.029 [SerialProcessor ] INFO     serial_controller.serial_handler SerialProcessor: unknown type 0x1b — skipping
10:40:17.051 [SerialProcessor ] INFO     serial_controller.serial_handler SerialProcessor: unknown type 0x1b — skipping
10:40:17.051 [SerialProcessor ] INFO     serial_controller.serial_handler SerialProcessor: unknown type 0x1b — skipping
10:40:17.076 [SerialProcessor ] INFO     serial_controller.serial_handler SerialProcessor: unknown type 0x1b — skipping
10:40:17.077 [SerialProcessor ] INFO     serial_controller.serial_handler SerialProcessor: unknown type 0x1b — skipping
10:40:17.102 [SerialProcessor ] INFO     serial_controller.serial_handler SerialProcessor: unknown type 0x1b — skipping
10:40:17.115 [SerialProcessor ] INFO     serial_controller.serial_handler SerialProcessor: unknown type 0x1b — skipping
10:40:17.115 [SerialProcessor ] INFO     serial_controller.serial_handler SerialProcessor: unknown type 0x1b — skipping
10:40:17.141 [SerialProcessor ] INFO     serial_controller.serial_handler SerialProcessor: unknown type 0x1b — skipping
10:40:17.141 [SerialProcessor ] INFO     serial_controller.serial_handler SerialProcessor: unknown type 0x1b — skipping
10:40:17.167 [SerialProcessor ] INFO     serial_controller.serial_handler SerialProcessor: unknown type 0x1b — skipping
10:40:17.167 [SerialProcessor ] INFO     serial_controller.serial_handler SerialProcessor: unknown type 0x1b — skipping
10:40:17.192 [SerialProcessor ] INFO     serial_controller.serial_handler SerialProcessor: unknown type 0x1b — skipping
10:40:17.205 [SerialProcessor ] INFO     serial_controller.serial_handler SerialProcessor: unknown type 0x1b — skipping
10:40:17.205 [SerialProcessor ] INFO     serial_controller.serial_handler SerialProcessor: unknown type 0x1b — skipping
10:40:17.231 [SerialProcessor ] INFO     serial_controller.serial_handler SerialProcessor: unknown type 0x1b — skipping
10:40:17.231 [SerialProcessor ] INFO     serial_controller.serial_handler SerialProcessor: unknown type 0x1b — skipping
10:40:17.257 [SerialProcessor ] INFO     serial_controller.serial_handler SerialProcessor: unknown type 0x1b — skipping
10:40:17.257 [SerialProcessor ] INFO     serial_controller.serial_handler SerialProcessor: unknown type 0x1b — skipping
10:40:17.283 [SerialProcessor ] INFO     serial_controller.serial_handler SerialProcessor: unknown type 0x1b — skipping
10:40:17.283 [SerialProcessor ] INFO     serial_controller.serial_handler SerialProcessor: unknown type 0x1b — skipping
10:40:17.308 [SerialProcessor ] INFO     serial_controller.serial_handler SerialProcessor: unknown type 0x1b — skipping
10:40:17.321 [SerialProcessor ] INFO     serial_controller.serial_handler SerialProcessor: unknown type 0x1b — skipping
10:40:17.321 [SerialProcessor ] INFO     serial_controller.serial_handler SerialProcessor: unknown type 0x1b — skipping
10:40:17.346 [SerialProcessor ] INFO     serial_controller.serial_handler SerialProcessor: unknown type 0x1b — skipping
10:40:17.347 [SerialProcessor ] INFO     serial_controller.serial_handler SerialProcessor: unknown type 0x1b — skipping
10:40:17.372 [SerialProcessor ] INFO     serial_controller.serial_handler SerialProcessor: unknown type 0x1b — skipping
10:40:17.373 [SerialProcessor ] INFO     serial_controller.serial_handler SerialProcessor: unknown type 0x1b — skipping
10:40:17.398 [SerialProcessor ] INFO     serial_controller.serial_handler SerialProcessor: unknown type 0x1b — skipping
10:40:17.411 [SerialProcessor ] INFO     serial_controller.serial_handler SerialProcessor: unknown type 0x1b — skipping
10:40:17.411 [SerialProcessor ] INFO     serial_controller.serial_handler SerialProcessor: unknown type 0x1b — skipping
10:40:17.436 [SerialProcessor ] INFO     serial_controller.serial_handler SerialProcessor: unknown type 0x1b — skipping
10:40:17.437 [SerialProcessor ] INFO     serial_controller.serial_handler SerialProcessor: unknown type 0x1b — skipping
10:40:17.463 [SerialProcessor ] INFO     serial_controller.serial_handler SerialProcessor: unknown type 0x1b — skipping
10:40:17.463 [SerialProcessor ] INFO     serial_controller.serial_handler SerialProcessor: unknown type 0x1b — skipping
10:40:17.488 [SerialProcessor ] INFO     serial_controller.serial_handler SerialProcessor: unknown type 0x1b — skipping
10:40:17.488 [SerialProcessor ] INFO     serial_controller.serial_handler SerialProcessor: unknown type 0x1b — skipping
10:40:17.514 [SerialProcessor ] INFO     serial_controller.serial_handler SerialProcessor: unknown type 0x1b — skipping
10:40:17.527 [SerialProcessor ] INFO     serial_controller.serial_handler SerialProcessor: unknown type 0x1b — skipping
10:40:17.527 [SerialProcessor ] INFO     serial_controller.serial_handler SerialProcessor: unknown type 0x1b — skipping
10:40:17.552 [SerialProcessor ] INFO     serial_controller.serial_handler SerialProcessor: unknown type 0x1b — skipping
10:40:17.553 [SerialProcessor ] INFO     serial_controller.serial_handler SerialProcessor: unknown type 0x1b — skipping
10:40:17.578 [SerialProcessor ] INFO     serial_controller.serial_handler SerialProcessor: unknown type 0x1b — skipping
10:40:17.578 [SerialProcessor ] INFO     serial_controller.serial_handler SerialProcessor: unknown type 0x1b — skipping
10:40:17.604 [SerialProcessor ] INFO     serial_controller.serial_handler SerialProcessor: unknown type 0x1b — skipping
10:40:17.616 [SerialProcessor ] INFO     serial_controller.serial_handler SerialProcessor: unknown type 0x1b — skipping
10:40:17.617 [SerialProcessor ] INFO     serial_controller.serial_handler SerialProcessor: unknown type 0x1b — skipping
10:40:17.643 [SerialProcessor ] INFO     serial_controller.serial_handler SerialProcessor: unknown type 0x1b — skipping
10:40:17.644 [SerialProcessor ] INFO     serial_controller.serial_handler SerialProcessor: unknown type 0x1b — skipping
10:40:17.668 [SerialProcessor ] INFO     serial_controller.serial_handler SerialProcessor: unknown type 0x1b — skipping
10:40:17.668 [SerialProcessor ] INFO     serial_controller.serial_handler SerialProcessor: unknown type 0x1b — skipping
10:40:17.694 [SerialProcessor ] INFO     serial_controller.serial_handler SerialProcessor: unknown type 0x1b — skipping
10:40:17.694 [SerialProcessor ] INFO     serial_controller.serial_handler SerialProcessor: unknown type 0x1b — skipping
10:40:17.719 [SerialProcessor ] INFO     serial_controller.serial_handler SerialProcessor: unknown type 0x1b — skipping
10:40:17.732 [SerialProcessor ] INFO     serial_controller.serial_handler SerialProcessor: unknown type 0x1b — skipping
10:40:17.733 [SerialProcessor ] INFO     serial_controller.serial_handler SerialProcessor: unknown type 0x1b — skipping
10:40:17.758 [SerialProcessor ] INFO     serial_controller.serial_handler SerialProcessor: unknown type 0x1b — skipping
10:40:17.758 [SerialProcessor ] INFO     serial_controller.serial_handler SerialProcessor: unknown type 0x1b — skipping
10:40:17.784 [SerialProcessor ] INFO     serial_controller.serial_handler SerialProcessor: unknown type 0x1b — skipping
10:40:17.784 [SerialProcessor ] INFO     serial_controller.serial_handler SerialProcessor: unknown type 0x1b — skipping
10:40:17.810 [SerialProcessor ] INFO     serial_controller.serial_handler SerialProcessor: unknown type 0x1b — skipping
10:40:17.822 [SerialProcessor ] INFO     serial_controller.serial_handler SerialProcessor: unknown type 0x1b — skipping
10:40:17.823 [SerialProcessor ] INFO     serial_controller.serial_handler SerialProcessor: unknown type 0x1b — skipping
10:40:17.848 [SerialProcessor ] INFO     serial_controller.serial_handler SerialProcessor: unknown type 0x1b — skipping
10:40:17.848 [SerialProcessor ] INFO     serial_controller.serial_handler SerialProcessor: unknown type 0x1b — skipping
10:40:17.874 [SerialProcessor ] INFO     serial_controller.serial_handler SerialProcessor: unknown type 0x1b — skipping
10:40:17.874 [SerialProcessor ] INFO     serial_controller.serial_handler SerialProcessor: unknown type 0x1b — skipping
10:40:17.900 [SerialProcessor ] INFO     serial_controller.serial_handler SerialProcessor: unknown type 0x1b — skipping
10:40:17.900 [SerialProcessor ] INFO     serial_controller.serial_handler SerialProcessor: unknown type 0x1b — skipping
10:40:17.925 [SerialProcessor ] INFO     serial_controller.serial_handler SerialProcessor: unknown type 0x1b — skipping
10:40:17.938 [SerialProcessor ] INFO     serial_controller.serial_handler SerialProcessor: unknown type 0x1b — skipping
10:40:17.938 [SerialProcessor ] INFO     serial_controller.serial_handler SerialProcessor: unknown type 0x1b — skipping
10:40:17.964 [SerialProcessor ] INFO     serial_controller.serial_handler SerialProcessor: unknown type 0x1b — skipping
10:40:17.964 [SerialProcessor ] INFO     serial_controller.serial_handler SerialProcessor: unknown type 0x1b — skipping
10:40:17.990 [SerialProcessor ] INFO     serial_controller.serial_handler SerialProcessor: unknown type 0x1b — skipping
10:40:17.990 [SerialProcessor ] INFO     serial_controller.serial_handler SerialProcessor: unknown type 0x1b — skipping
10:40:18.031 [SerialProcessor ] INFO     serial_controller.serial_handler SerialProcessor: unknown type 0x1b — skipping
10:40:18.037 [SerialProcessor ] INFO     serial_controller.serial_handler SerialProcessor: unknown type 0x1b — skipping
10:40:18.085 [SerialProcessor ] INFO     serial_controller.serial_handler SerialProcessor: unknown type 0x1b — skipping
10:40:18.112 [SerialProcessor ] INFO     serial_controller.serial_handler SerialProcessor: unknown type 0x1b — skipping
10:40:18.113 [SerialProcessor ] INFO     serial_controller.serial_handler SerialProcessor: unknown type 0x1b — skipping
10:40:18.113 [SerialProcessor ] INFO     serial_controller.serial_handler SerialProcessor: unknown type 0x1b — skipping
10:40:18.114 [SerialProcessor ] INFO     serial_controller.serial_handler SerialProcessor: unknown type 0x1b — skipping
10:40:18.114 [SerialProcessor ] INFO     serial_controller.serial_handler SerialProcessor: unknown type 0x1b — skipping
10:40:18.114 [SerialProcessor ] INFO     serial_controller.serial_handler SerialProcessor: unknown type 0x1b — skipping
10:40:18.131 [SerialProcessor ] INFO     serial_controller.serial_handler SerialProcessor: unknown type 0x1b — skipping
10:40:18.144 [SerialProcessor ] INFO     serial_controller.serial_handler SerialProcessor: unknown type 0x1b — skipping
10:40:18.151 [SerialProcessor ] INFO     serial_controller.serial_handler SerialProcessor: unknown type 0x1b — skipping
10:40:18.170 [SerialProcessor ] INFO     serial_controller.serial_handler SerialProcessor: unknown type 0x1b — skipping
10:40:18.170 [SerialProcessor ] INFO     serial_controller.serial_handler SerialProcessor: unknown type 0x1b — skipping
10:40:18.195 [SerialProcessor ] INFO     serial_controller.serial_handler SerialProcessor: unknown type 0x1b — skipping
10:40:18.196 [SerialProcessor ] INFO     serial_controller.serial_handler SerialProcessor: unknown type 0x1b — skipping
10:40:18.221 [SerialProcessor ] INFO     serial_controller.serial_handler SerialProcessor: unknown type 0x1b — skipping
10:40:18.234 [SerialProcessor ] INFO     serial_controller.serial_handler SerialProcessor: unknown type 0x1b — skipping
10:40:18.234 [SerialProcessor ] INFO     serial_controller.serial_handler SerialProcessor: unknown type 0x1b — skipping
10:40:18.260 [SerialProcessor ] INFO     serial_controller.serial_handler SerialProcessor: unknown type 0x1b — skipping
10:40:18.260 [SerialProcessor ] INFO     serial_controller.serial_handler SerialProcessor: unknown type 0x1b — skipping
10:40:18.285 [SerialProcessor ] INFO     serial_controller.serial_handler SerialProcessor: unknown type 0x1b — skipping
10:40:18.286 [SerialProcessor ] INFO     serial_controller.serial_handler SerialProcessor: unknown type 0x1b — skipping
10:40:18.311 [SerialProcessor ] INFO     serial_controller.serial_handler SerialProcessor: unknown type 0x1b — skipping
10:40:18.312 [SerialProcessor ] INFO     serial_controller.serial_handler SerialProcessor: unknown type 0x1b — skipping
10:40:18.337 [SerialProcessor ] INFO     serial_controller.serial_handler SerialProcessor: unknown type 0x1b — skipping
10:40:18.350 [SerialProcessor ] INFO     serial_controller.serial_handler SerialProcessor: unknown type 0x1b — skipping
10:40:18.350 [SerialProcessor ] INFO     serial_controller.serial_handler SerialProcessor: unknown type 0x1b — skipping
10:40:18.376 [SerialProcessor ] INFO     serial_controller.serial_handler SerialProcessor: unknown type 0x1b — skipping
10:40:18.376 [SerialProcessor ] INFO     serial_controller.serial_handler SerialProcessor: unknown type 0x1b — skipping
10:40:18.402 [SerialProcessor ] INFO     serial_controller.serial_handler SerialProcessor: unknown type 0x1b — skipping
10:40:18.402 [SerialProcessor ] INFO     serial_controller.serial_handler SerialProcessor: unknown type 0x1b — skipping
10:40:18.427 [SerialProcessor ] INFO     serial_controller.serial_handler SerialProcessor: unknown type 0x1b — skipping
10:40:18.440 [SerialProcessor ] INFO     serial_controller.serial_handler SerialProcessor: unknown type 0x1b — skipping
10:40:18.440 [SerialProcessor ] INFO     serial_controller.serial_handler SerialProcessor: unknown type 0x1b — skipping
10:40:18.466 [SerialProcessor ] INFO     serial_controller.serial_handler SerialProcessor: unknown type 0x1b — skipping
10:40:18.466 [SerialProcessor ] INFO     serial_controller.serial_handler SerialProcessor: unknown type 0x1b — skipping
10:40:18.491 [SerialProcessor ] INFO     serial_controller.serial_handler SerialProcessor: unknown type 0x1b — skipping
10:40:18.492 [SerialProcessor ] INFO     serial_controller.serial_handler SerialProcessor: unknown type 0x1b — skipping
10:40:18.517 [SerialProcessor ] INFO     serial_controller.serial_handler SerialProcessor: unknown type 0x1b — skipping
10:40:18.517 [SerialProcessor ] INFO     serial_controller.serial_handler SerialProcessor: unknown type 0x1b — skipping
10:40:18.543 [SerialProcessor ] INFO     serial_controller.serial_handler SerialProcessor: unknown type 0x1b — skipping
10:40:18.556 [SerialProcessor ] INFO     serial_controller.serial_handler SerialProcessor: unknown type 0x1b — skipping
10:40:18.556 [SerialProcessor ] INFO     serial_controller.serial_handler SerialProcessor: unknown type 0x1b — skipping
10:40:18.581 [SerialProcessor ] INFO     serial_controller.serial_handler SerialProcessor: unknown type 0x1b — skipping
10:40:18.582 [SerialProcessor ] INFO     serial_controller.serial_handler SerialProcessor: unknown type 0x1b — skipping
10:40:18.607 [SerialProcessor ] INFO     serial_controller.serial_handler SerialProcessor: unknown type 0x1b — skipping
10:40:18.608 [SerialProcessor ] INFO     serial_controller.serial_handler SerialProcessor: unknown type 0x1b — skipping
10:40:18.633 [SerialProcessor ] INFO     serial_controller.serial_handler SerialProcessor: unknown type 0x1b — skipping
10:40:18.646 [SerialProcessor ] INFO     serial_controller.serial_handler SerialProcessor: unknown type 0x1b — skipping
10:40:18.646 [SerialProcessor ] INFO     serial_controller.serial_handler SerialProcessor: unknown type 0x1b — skipping
10:40:18.672 [SerialProcessor ] INFO     serial_controller.serial_handler SerialProcessor: unknown type 0x1b — skipping
10:40:18.672 [SerialProcessor ] INFO     serial_controller.serial_handler SerialProcessor: unknown type 0x1b — skipping
10:40:18.697 [SerialProcessor ] INFO     serial_controller.serial_handler SerialProcessor: unknown type 0x1b — skipping
10:40:18.698 [SerialProcessor ] INFO     serial_controller.serial_handler SerialProcessor: unknown type 0x1b — skipping
10:40:18.723 [SerialProcessor ] INFO     serial_controller.serial_handler SerialProcessor: unknown type 0x1b — skipping
10:40:18.723 [SerialProcessor ] INFO     serial_controller.serial_handler SerialProcessor: unknown type 0x1b — skipping
10:40:18.749 [SerialProcessor ] INFO     serial_controller.serial_handler SerialProcessor: unknown type 0x1b — skipping
10:40:18.762 [SerialProcessor ] INFO     serial_controller.serial_handler SerialProcessor: unknown type 0x1b — skipping
10:40:18.764 [SerialProcessor ] INFO     serial_controller.serial_handler SerialProcessor: unknown type 0x1b — skipping
10:40:18.787 [SerialProcessor ] INFO     serial_controller.serial_handler SerialProcessor: unknown type 0x1b — skipping
10:40:18.788 [SerialProcessor ] INFO     serial_controller.serial_handler SerialProcessor: unknown type 0x1b — skipping
10:40:18.813 [SerialProcessor ] INFO     serial_controller.serial_handler SerialProcessor: unknown type 0x1b — skipping
10:40:18.813 [SerialProcessor ] INFO     serial_controller.serial_handler SerialProcessor: unknown type 0x1b — skipping
10:40:18.839 [SerialProcessor ] INFO     serial_controller.serial_handler SerialProcessor: unknown type 0x1b — skipping
10:40:18.852 [SerialProcessor ] INFO     serial_controller.serial_handler SerialProcessor: unknown type 0x1b — skipping
10:40:18.852 [SerialProcessor ] INFO     serial_controller.serial_handler SerialProcessor: unknown type 0x1b — skipping
10:40:18.877 [SerialProcessor ] INFO     serial_controller.serial_handler SerialProcessor: unknown type 0x1b — skipping
10:40:18.878 [SerialProcessor ] INFO     serial_controller.serial_handler SerialProcessor: unknown type 0x1b — skipping
10:40:18.903 [SerialProcessor ] INFO     serial_controller.serial_handler SerialProcessor: unknown type 0x1b — skipping
10:40:18.904 [SerialProcessor ] INFO     serial_controller.serial_handler SerialProcessor: unknown type 0x1b — skipping
10:40:18.929 [SerialProcessor ] INFO     serial_controller.serial_handler SerialProcessor: unknown type 0x1b — skipping
10:40:18.929 [SerialProcessor ] INFO     serial_controller.serial_handler SerialProcessor: unknown type 0x1b — skipping
10:40:18.955 [SerialProcessor ] INFO     serial_controller.serial_handler SerialProcessor: unknown type 0x1b — skipping
10:40:18.967 [SerialProcessor ] INFO     serial_controller.serial_handler SerialProcessor: unknown type 0x1b — skipping
10:40:18.968 [SerialProcessor ] INFO     serial_controller.serial_handler SerialProcessor: unknown type 0x1b — skipping
10:40:18.993 [SerialProcessor ] INFO     serial_controller.serial_handler SerialProcessor: unknown type 0x1b — skipping
10:40:18.994 [SerialProcessor ] INFO     serial_controller.serial_handler SerialProcessor: unknown type 0x1b — skipping
10:40:19.019 [SerialProcessor ] INFO     serial_controller.serial_handler SerialProcessor: unknown type 0x1b — skipping
10:40:19.019 [SerialProcessor ] INFO     serial_controller.serial_handler SerialProcessor: unknown type 0x1b — skipping
10:40:19.045 [SerialProcessor ] INFO     serial_controller.serial_handler SerialProcessor: unknown type 0x1b — skipping
10:40:19.058 [SerialProcessor ] INFO     serial_controller.serial_handler SerialProcessor: unknown type 0x1b — skipping
10:40:19.058 [SerialProcessor ] INFO     serial_controller.serial_handler SerialProcessor: unknown type 0x1b — skipping
10:40:19.083 [SerialProcessor ] INFO     serial_controller.serial_handler SerialProcessor: unknown type 0x1b — skipping
10:40:19.084 [SerialProcessor ] INFO     serial_controller.serial_handler SerialProcessor: unknown type 0x1b — skipping
10:40:19.109 [SerialProcessor ] INFO     serial_controller.serial_handler SerialProcessor: unknown type 0x1b — skipping
10:40:19.110 [SerialProcessor ] INFO     serial_controller.serial_handler SerialProcessor: unknown type 0x1b — skipping
10:40:19.135 [SerialProcessor ] INFO     serial_controller.serial_handler SerialProcessor: unknown type 0x1b — skipping
10:40:19.135 [SerialProcessor ] INFO     serial_controller.serial_handler SerialProcessor: unknown type 0x1b — skipping
10:40:19.161 [SerialProcessor ] INFO     serial_controller.serial_handler SerialProcessor: unknown type 0x1b — skipping
10:40:19.173 [SerialProcessor ] INFO     serial_controller.serial_handler SerialProcessor: unknown type 0x1b — skipping
10:40:19.174 [SerialProcessor ] INFO     serial_controller.serial_handler SerialProcessor: unknown type 0x1b — skipping
10:40:19.199 [SerialProcessor ] INFO     serial_controller.serial_handler SerialProcessor: unknown type 0x1b — skipping
10:40:19.201 [SerialProcessor ] INFO     serial_controller.serial_handler SerialProcessor: unknown type 0x1b — skipping
10:40:19.225 [SerialProcessor ] INFO     serial_controller.serial_handler SerialProcessor: unknown type 0x1b — skipping
10:40:19.225 [SerialProcessor ] INFO     serial_controller.serial_handler SerialProcessor: unknown type 0x1b — skipping
10:40:19.251 [SerialProcessor ] INFO     serial_controller.serial_handler SerialProcessor: unknown type 0x1b — skipping
10:40:19.264 [SerialProcessor ] INFO     serial_controller.serial_handler SerialProcessor: unknown type 0x1b — skipping
10:40:19.265 [SerialProcessor ] INFO     serial_controller.serial_handler SerialProcessor: unknown type 0x1b — skipping
10:40:19.289 [SerialProcessor ] INFO     serial_controller.serial_handler SerialProcessor: unknown type 0x1b — skipping
10:40:19.290 [SerialProcessor ] INFO     serial_controller.serial_handler SerialProcessor: unknown type 0x1b — skipping
10:40:19.315 [SerialProcessor ] INFO     serial_controller.serial_handler SerialProcessor: unknown type 0x1b — skipping
10:40:19.315 [SerialProcessor ] INFO     serial_controller.serial_handler SerialProcessor: unknown type 0x1b — skipping
10:40:19.341 [SerialProcessor ] INFO     serial_controller.serial_handler SerialProcessor: unknown type 0x1b — skipping
10:40:19.341 [SerialProcessor ] INFO     serial_controller.serial_handler SerialProcessor: unknown type 0x1b — skipping
10:40:19.367 [SerialProcessor ] INFO     serial_controller.serial_handler SerialProcessor: unknown type 0x1b — skipping
10:40:19.379 [SerialProcessor ] INFO     serial_controller.serial_handler SerialProcessor: unknown type 0x1b — skipping
10:40:19.380 [SerialProcessor ] INFO     serial_controller.serial_handler SerialProcessor: unknown type 0x1b — skipping
10:40:19.405 [SerialProcessor ] INFO     serial_controller.serial_handler SerialProcessor: unknown type 0x1b — skipping
10:40:19.405 [SerialProcessor ] INFO     serial_controller.serial_handler SerialProcessor: unknown type 0x1b — skipping
10:40:19.431 [SerialProcessor ] INFO     serial_controller.serial_handler SerialProcessor: unknown type 0x1b — skipping
10:40:19.431 [SerialProcessor ] INFO     serial_controller.serial_handler SerialProcessor: unknown type 0x1b — skipping
10:40:19.457 [SerialProcessor ] INFO     serial_controller.serial_handler SerialProcessor: unknown type 0x1b — skipping
10:40:19.469 [SerialProcessor ] INFO     serial_controller.serial_handler SerialProcessor: unknown type 0x1b — skipping
10:40:19.470 [SerialProcessor ] INFO     serial_controller.serial_handler SerialProcessor: unknown type 0x1b — skipping
10:40:19.495 [SerialProcessor ] INFO     serial_controller.serial_handler SerialProcessor: unknown type 0x1b — skipping
10:40:19.496 [SerialProcessor ] INFO     serial_controller.serial_handler SerialProcessor: unknown type 0x1b — skipping
10:40:19.521 [SerialProcessor ] INFO     serial_controller.serial_handler SerialProcessor: unknown type 0x1b — skipping
10:40:19.521 [SerialProcessor ] INFO     serial_controller.serial_handler SerialProcessor: unknown type 0x1b — skipping
10:40:19.547 [SerialProcessor ] INFO     serial_controller.serial_handler SerialProcessor: unknown type 0x1b — skipping
10:40:19.547 [SerialProcessor ] INFO     serial_controller.serial_handler SerialProcessor: unknown type 0x1b — skipping
10:40:19.573 [SerialProcessor ] INFO     serial_controller.serial_handler SerialProcessor: unknown type 0x1b — skipping
10:40:19.585 [SerialProcessor ] INFO     serial_controller.serial_handler SerialProcessor: unknown type 0x1b — skipping
10:40:19.586 [SerialProcessor ] INFO     serial_controller.serial_handler SerialProcessor: unknown type 0x1b — skipping
10:40:19.611 [SerialProcessor ] INFO     serial_controller.serial_handler SerialProcessor: unknown type 0x1b — skipping
10:40:19.613 [SerialProcessor ] INFO     serial_controller.serial_handler SerialProcessor: unknown type 0x1b — skipping
10:40:19.637 [SerialProcessor ] INFO     serial_controller.serial_handler SerialProcessor: unknown type 0x1b — skipping
10:40:19.638 [SerialProcessor ] INFO     serial_controller.serial_handler SerialProcessor: unknown type 0x1b — skipping
10:40:19.663 [SerialProcessor ] INFO     serial_controller.serial_handler SerialProcessor: unknown type 0x1b — skipping
10:40:19.675 [SerialProcessor ] INFO     serial_controller.serial_handler SerialProcessor: unknown type 0x1b — skipping
10:40:19.676 [SerialProcessor ] INFO     serial_controller.serial_handler SerialProcessor: unknown type 0x1b — skipping
10:40:19.701 [SerialProcessor ] INFO     serial_controller.serial_handler SerialProcessor: unknown type 0x1b — skipping
10:40:19.702 [SerialProcessor ] INFO     serial_controller.serial_handler SerialProcessor: unknown type 0x1b — skipping
10:40:19.727 [SerialProcessor ] INFO     serial_controller.serial_handler SerialProcessor: unknown type 0x1b — skipping
10:40:19.731 [SerialProcessor ] INFO     serial_controller.serial_handler SerialProcessor: unknown type 0x1b — skipping
10:40:19.753 [SerialProcessor ] INFO     serial_controller.serial_handler SerialProcessor: unknown type 0x1b — skipping
10:40:19.753 [SerialProcessor ] INFO     serial_controller.serial_handler SerialProcessor: unknown type 0x1b — skipping
10:40:19.778 [SerialProcessor ] INFO     serial_controller.serial_handler SerialProcessor: unknown type 0x1b — skipping
10:40:19.791 [SerialProcessor ] INFO     serial_controller.serial_handler SerialProcessor: unknown type 0x1b — skipping
10:40:19.791 [SerialProcessor ] INFO     serial_controller.serial_handler SerialProcessor: unknown type 0x1b — skipping
10:40:19.817 [SerialProcessor ] INFO     serial_controller.serial_handler SerialProcessor: unknown type 0x1b — skipping
10:40:19.817 [SerialProcessor ] INFO     serial_controller.serial_handler SerialProcessor: unknown type 0x1b — skipping
10:40:19.843 [SerialProcessor ] INFO     serial_controller.serial_handler SerialProcessor: unknown type 0x1b — skipping
10:40:19.843 [SerialProcessor ] INFO     serial_controller.serial_handler SerialProcessor: unknown type 0x1b — skipping
10:40:19.868 [SerialProcessor ] INFO     serial_controller.serial_handler SerialProcessor: unknown type 0x1b — skipping
10:40:19.881 [SerialProcessor ] INFO     serial_controller.serial_handler SerialProcessor: unknown type 0x1b — skipping
10:40:19.882 [SerialProcessor ] INFO     serial_controller.serial_handler SerialProcessor: unknown type 0x1b — skipping
10:40:19.907 [SerialProcessor ] INFO     serial_controller.serial_handler SerialProcessor: unknown type 0x1b — skipping
10:40:19.907 [SerialProcessor ] INFO     serial_controller.serial_handler SerialProcessor: unknown type 0x1b — skipping
10:40:19.933 [SerialProcessor ] INFO     serial_controller.serial_handler SerialProcessor: unknown type 0x1b — skipping
10:40:19.933 [SerialProcessor ] INFO     serial_controller.serial_handler SerialProcessor: unknown type 0x1b — skipping
10:40:19.959 [SerialProcessor ] INFO     serial_controller.serial_handler SerialProcessor: unknown type 0x1b — skipping
10:40:19.959 [SerialProcessor ] INFO     serial_controller.serial_handler SerialProcessor: unknown type 0x1b — skipping
10:40:19.984 [SerialProcessor ] INFO     serial_controller.serial_handler SerialProcessor: unknown type 0x1b — skipping
10:40:19.997 [SerialProcessor ] INFO     serial_controller.serial_handler SerialProcessor: unknown type 0x1b — skipping
10:40:19.998 [SerialProcessor ] INFO     serial_controller.serial_handler SerialProcessor: unknown type 0x1b — skipping
10:40:20.023 [SerialProcessor ] INFO     serial_controller.serial_handler SerialProcessor: unknown type 0x1b — skipping
10:40:20.023 [SerialProcessor ] INFO     serial_controller.serial_handler SerialProcessor: unknown type 0x1b — skipping
10:40:20.048 [SerialProcessor ] INFO     serial_controller.serial_handler SerialProcessor: unknown type 0x1b — skipping
10:40:20.049 [SerialProcessor ] INFO     serial_controller.serial_handler SerialProcessor: unknown type 0x1b — skipping
10:40:20.074 [SerialProcessor ] INFO     serial_controller.serial_handler SerialProcessor: unknown type 0x1b — skipping
10:40:20.088 [SerialProcessor ] INFO     serial_controller.serial_handler SerialProcessor: unknown type 0x1b — skipping
10:40:20.088 [SerialProcessor ] INFO     serial_controller.serial_handler SerialProcessor: unknown type 0x1b — skipping
10:40:20.113 [SerialProcessor ] INFO     serial_controller.serial_handler SerialProcessor: unknown type 0x1b — skipping
10:40:20.113 [SerialProcessor ] INFO     serial_controller.serial_handler SerialProcessor: unknown type 0x1b — skipping
10:40:20.138 [SerialProcessor ] INFO     serial_controller.serial_handler SerialProcessor: unknown type 0x1b — skipping
10:40:20.139 [SerialProcessor ] INFO     serial_controller.serial_handler SerialProcessor: unknown type 0x1b — skipping
10:40:20.164 [SerialProcessor ] INFO     serial_controller.serial_handler SerialProcessor: unknown type 0x1b — skipping
10:40:20.165 [SerialProcessor ] INFO     serial_controller.serial_handler SerialProcessor: unknown type 0x1b — skipping
10:40:20.190 [SerialProcessor ] INFO     serial_controller.serial_handler SerialProcessor: unknown type 0x1b — skipping
10:40:20.203 [SerialProcessor ] INFO     serial_controller.serial_handler SerialProcessor: unknown type 0x1b — skipping
10:40:20.203 [SerialProcessor ] INFO     serial_controller.serial_handler SerialProcessor: unknown type 0x1b — skipping
10:40:20.229 [SerialProcessor ] INFO     serial_controller.serial_handler SerialProcessor: unknown type 0x1b — skipping
10:40:20.229 [SerialProcessor ] INFO     serial_controller.serial_handler SerialProcessor: unknown type 0x1b — skipping
10:40:20.254 [SerialProcessor ] INFO     serial_controller.serial_handler SerialProcessor: unknown type 0x1b — skipping
10:40:20.255 [SerialProcessor ] INFO     serial_controller.serial_handler SerialProcessor: unknown type 0x1b — skipping
10:40:20.280 [SerialProcessor ] INFO     serial_controller.serial_handler SerialProcessor: unknown type 0x1b — skipping
10:40:20.293 [SerialProcessor ] INFO     serial_controller.serial_handler SerialProcessor: unknown type 0x1b — skipping
10:40:20.293 [SerialProcessor ] INFO     serial_controller.serial_handler SerialProcessor: unknown type 0x1b — skipping
10:40:20.319 [SerialProcessor ] INFO     serial_controller.serial_handler SerialProcessor: unknown type 0x1b — skipping
10:40:20.319 [SerialProcessor ] INFO     serial_controller.serial_handler SerialProcessor: unknown type 0x1b — skipping
10:40:20.347 [SerialProcessor ] INFO     serial_controller.serial_handler SerialProcessor: unknown type 0x1b — skipping
10:40:20.348 [SerialProcessor ] INFO     serial_controller.serial_handler SerialProcessor: unknown type 0x1b — skipping
10:40:20.370 [SerialProcessor ] INFO     serial_controller.serial_handler SerialProcessor: unknown type 0x1b — skipping
10:40:20.371 [SerialProcessor ] INFO     serial_controller.serial_handler SerialProcessor: unknown type 0x1b — skipping
10:40:20.396 [SerialProcessor ] INFO     serial_controller.serial_handler SerialProcessor: unknown type 0x1b — skipping
10:40:20.409 [SerialProcessor ] INFO     serial_controller.serial_handler SerialProcessor: unknown type 0x1b — skipping
10:40:20.409 [SerialProcessor ] INFO     serial_controller.serial_handler SerialProcessor: unknown type 0x1b — skipping
10:40:20.435 [SerialProcessor ] INFO     serial_controller.serial_handler SerialProcessor: unknown type 0x1b — skipping
10:40:20.435 [SerialProcessor ] INFO     serial_controller.serial_handler SerialProcessor: unknown type 0x1b — skipping
10:40:20.461 [SerialProcessor ] INFO     serial_controller.serial_handler SerialProcessor: unknown type 0x1b — skipping
10:40:20.461 [SerialProcessor ] INFO     serial_controller.serial_handler SerialProcessor: unknown type 0x1b — skipping
10:40:20.486 [SerialProcessor ] INFO     serial_controller.serial_handler SerialProcessor: unknown type 0x1b — skipping
10:40:20.499 [SerialProcessor ] INFO     serial_controller.serial_handler SerialProcessor: unknown type 0x1b — skipping
10:40:20.499 [SerialProcessor ] INFO     serial_controller.serial_handler SerialProcessor: unknown type 0x1b — skipping
10:40:20.525 [SerialProcessor ] INFO     serial_controller.serial_handler SerialProcessor: unknown type 0x1b — skipping
10:40:20.525 [SerialProcessor ] INFO     serial_controller.serial_handler SerialProcessor: unknown type 0x1b — skipping
10:40:20.550 [SerialProcessor ] INFO     serial_controller.serial_handler SerialProcessor: unknown type 0x1b — skipping
10:40:20.551 [SerialProcessor ] INFO     serial_controller.serial_handler SerialProcessor: unknown type 0x1b — skipping
10:40:20.576 [SerialProcessor ] INFO     serial_controller.serial_handler SerialProcessor: unknown type 0x1b — skipping
10:40:20.576 [SerialProcessor ] INFO     serial_controller.serial_handler SerialProcessor: unknown type 0x1b — skipping
10:40:20.602 [SerialProcessor ] INFO     serial_controller.serial_handler SerialProcessor: unknown type 0x1b — skipping
10:40:20.614 [SerialProcessor ] INFO     serial_controller.serial_handler SerialProcessor: unknown type 0x1b — skipping
10:40:20.615 [SerialProcessor ] INFO     serial_controller.serial_handler SerialProcessor: unknown type 0x1b — skipping
10:40:20.641 [SerialProcessor ] INFO     serial_controller.serial_handler SerialProcessor: unknown type 0x1b — skipping
10:40:20.642 [SerialProcessor ] INFO     serial_controller.serial_handler SerialProcessor: unknown type 0x1b — skipping
10:40:20.668 [SerialProcessor ] INFO     serial_controller.serial_handler SerialProcessor: unknown type 0x1b — skipping
10:40:20.669 [SerialProcessor ] INFO     serial_controller.serial_handler SerialProcessor: unknown type 0x1b — skipping
10:40:20.692 [SerialProcessor ] INFO     serial_controller.serial_handler SerialProcessor: unknown type 0x1b — skipping
10:40:20.704 [SerialProcessor ] INFO     serial_controller.serial_handler SerialProcessor: unknown type 0x1b — skipping
10:40:20.705 [SerialProcessor ] INFO     serial_controller.serial_handler SerialProcessor: unknown type 0x1b — skipping
10:40:20.730 [SerialProcessor ] INFO     serial_controller.serial_handler SerialProcessor: unknown type 0x1b — skipping
10:40:20.731 [SerialProcessor ] INFO     serial_controller.serial_handler SerialProcessor: unknown type 0x1b — skipping
10:40:20.756 [SerialProcessor ] INFO     serial_controller.serial_handler SerialProcessor: unknown type 0x1b — skipping
10:40:20.756 [SerialProcessor ] INFO     serial_controller.serial_handler SerialProcessor: unknown type 0x1b — skipping
10:40:20.782 [SerialProcessor ] INFO     serial_controller.serial_handler SerialProcessor: unknown type 0x1b — skipping
10:40:20.783 [SerialProcessor ] INFO     serial_controller.serial_handler SerialProcessor: unknown type 0x1b — skipping
10:40:20.807 [SerialProcessor ] INFO     serial_controller.serial_handler SerialProcessor: unknown type 0x1b — skipping
10:40:20.820 [SerialProcessor ] INFO     serial_controller.serial_handler SerialProcessor: unknown type 0x1b — skipping
10:40:20.821 [SerialProcessor ] INFO     serial_controller.serial_handler SerialProcessor: unknown type 0x1b — skipping
10:40:20.846 [SerialProcessor ] INFO     serial_controller.serial_handler SerialProcessor: unknown type 0x1b — skipping
10:40:20.846 [SerialProcessor ] INFO     serial_controller.serial_handler SerialProcessor: unknown type 0x1b — skipping
10:40:20.872 [SerialProcessor ] INFO     serial_controller.serial_handler SerialProcessor: unknown type 0x1b — skipping
10:40:20.872 [SerialProcessor ] INFO     serial_controller.serial_handler SerialProcessor: unknown type 0x1b — skipping
10:40:20.898 [SerialProcessor ] INFO     serial_controller.serial_handler SerialProcessor: unknown type 0x1b — skipping
10:40:20.910 [SerialProcessor ] INFO     serial_controller.serial_handler SerialProcessor: unknown type 0x1b — skipping
10:40:20.911 [SerialProcessor ] INFO     serial_controller.serial_handler SerialProcessor: unknown type 0x1b — skipping
10:40:20.936 [SerialProcessor ] INFO     serial_controller.serial_handler SerialProcessor: unknown type 0x1b — skipping
10:40:20.936 [SerialProcessor ] INFO     serial_controller.serial_handler SerialProcessor: unknown type 0x1b — skipping
10:40:20.962 [SerialProcessor ] INFO     serial_controller.serial_handler SerialProcessor: unknown type 0x1b — skipping
10:40:20.963 [SerialProcessor ] INFO     serial_controller.serial_handler SerialProcessor: unknown type 0x1b — skipping
10:40:20.988 [SerialProcessor ] INFO     serial_controller.serial_handler SerialProcessor: unknown type 0x1b — skipping
10:40:20.988 [SerialProcessor ] INFO     serial_controller.serial_handler SerialProcessor: unknown type 0x1b — skipping
10:40:21.013 [SerialProcessor ] INFO     serial_controller.serial_handler SerialProcessor: unknown type 0x1b — skipping
10:40:21.026 [SerialProcessor ] INFO     serial_controller.serial_handler SerialProcessor: unknown type 0x1b — skipping
10:40:21.028 [SerialProcessor ] INFO     serial_controller.serial_handler SerialProcessor: unknown type 0x1b — skipping
10:40:21.052 [SerialProcessor ] INFO     serial_controller.serial_handler SerialProcessor: unknown type 0x1b — skipping
10:40:21.052 [SerialProcessor ] INFO     serial_controller.serial_handler SerialProcessor: unknown type 0x1b — skipping
10:40:21.078 [SerialProcessor ] INFO     serial_controller.serial_handler SerialProcessor: unknown type 0x1b — skipping
10:40:21.080 [SerialProcessor ] INFO     serial_controller.serial_handler SerialProcessor: unknown type 0x1b — skipping
10:40:21.103 [SerialProcessor ] INFO     serial_controller.serial_handler SerialProcessor: unknown type 0x1b — skipping
10:40:21.116 [SerialProcessor ] INFO     serial_controller.serial_handler SerialProcessor: unknown type 0x1b — skipping
10:40:21.116 [SerialProcessor ] INFO     serial_controller.serial_handler SerialProcessor: unknown type 0x1b — skipping
10:40:21.142 [SerialProcessor ] INFO     serial_controller.serial_handler SerialProcessor: unknown type 0x1b — skipping
10:40:21.142 [SerialProcessor ] INFO     serial_controller.serial_handler SerialProcessor: unknown type 0x1b — skipping
10:40:21.168 [SerialProcessor ] INFO     serial_controller.serial_handler SerialProcessor: unknown type 0x1b — skipping
10:40:21.168 [SerialProcessor ] INFO     serial_controller.serial_handler SerialProcessor: unknown type 0x1b — skipping
10:40:21.193 [SerialProcessor ] INFO     serial_controller.serial_handler SerialProcessor: unknown type 0x1b — skipping
10:40:21.194 [SerialProcessor ] INFO     serial_controller.serial_handler SerialProcessor: unknown type 0x1b — skipping
10:40:21.219 [SerialProcessor ] INFO     serial_controller.serial_handler SerialProcessor: unknown type 0x1b — skipping
10:40:21.232 [SerialProcessor ] INFO     serial_controller.serial_handler SerialProcessor: unknown type 0x1b — skipping
10:40:21.232 [SerialProcessor ] INFO     serial_controller.serial_handler SerialProcessor: unknown type 0x1b — skipping
10:40:21.258 [SerialProcessor ] INFO     serial_controller.serial_handler SerialProcessor: unknown type 0x1b — skipping
10:40:21.258 [SerialProcessor ] INFO     serial_controller.serial_handler SerialProcessor: unknown type 0x1b — skipping
10:40:21.284 [SerialProcessor ] INFO     serial_controller.serial_handler SerialProcessor: unknown type 0x1b — skipping
10:40:21.285 [SerialProcessor ] INFO     serial_controller.serial_handler SerialProcessor: unknown type 0x1b — skipping
10:40:21.309 [SerialProcessor ] INFO     serial_controller.serial_handler SerialProcessor: unknown type 0x1b — skipping
10:40:21.322 [SerialProcessor ] INFO     serial_controller.serial_handler SerialProcessor: unknown type 0x1b — skipping
10:40:21.322 [SerialProcessor ] INFO     serial_controller.serial_handler SerialProcessor: unknown type 0x1b — skipping
10:40:21.348 [SerialProcessor ] INFO     serial_controller.serial_handler SerialProcessor: unknown type 0x1b — skipping
10:40:21.349 [SerialProcessor ] INFO     serial_controller.serial_handler SerialProcessor: unknown type 0x1b — skipping
10:40:21.373 [SerialProcessor ] INFO     serial_controller.serial_handler SerialProcessor: unknown type 0x1b — skipping
10:40:21.373 [SerialProcessor ] INFO     serial_controller.serial_handler SerialProcessor: unknown type 0x1b — skipping
10:40:21.399 [SerialProcessor ] INFO     serial_controller.serial_handler SerialProcessor: unknown type 0x1b — skipping
10:40:21.400 [SerialProcessor ] INFO     serial_controller.serial_handler SerialProcessor: unknown type 0x1b — skipping
10:40:21.425 [SerialProcessor ] INFO     serial_controller.serial_handler SerialProcessor: unknown type 0x1b — skipping
10:40:21.437 [SerialProcessor ] INFO     serial_controller.serial_handler SerialProcessor: unknown type 0x1b — skipping
10:40:21.438 [SerialProcessor ] INFO     serial_controller.serial_handler SerialProcessor: unknown type 0x1b — skipping
10:40:21.463 [SerialProcessor ] INFO     serial_controller.serial_handler SerialProcessor: unknown type 0x1b — skipping
10:40:21.467 [SerialProcessor ] INFO     serial_controller.serial_handler SerialProcessor: unknown type 0x1b — skipping
10:40:21.489 [SerialProcessor ] INFO     serial_controller.serial_handler SerialProcessor: unknown type 0x1b — skipping
10:40:21.490 [SerialProcessor ] INFO     serial_controller.serial_handler SerialProcessor: unknown type 0x1b — skipping
10:40:21.515 [SerialProcessor ] INFO     serial_controller.serial_handler SerialProcessor: unknown type 0x1b — skipping
10:40:21.527 [SerialProcessor ] INFO     serial_controller.serial_handler SerialProcessor: unknown type 0x1b — skipping
10:40:21.530 [SerialProcessor ] INFO     serial_controller.serial_handler SerialProcessor: unknown type 0x1b — skipping
10:40:21.553 [SerialProcessor ] INFO     serial_controller.serial_handler SerialProcessor: unknown type 0x1b — skipping
10:40:21.554 [SerialProcessor ] INFO     serial_controller.serial_handler SerialProcessor: unknown type 0x1b — skipping
10:40:21.582 [SerialProcessor ] INFO     serial_controller.serial_handler SerialProcessor: unknown type 0x1b — skipping
10:40:21.584 [SerialProcessor ] INFO     serial_controller.serial_handler SerialProcessor: unknown type 0x1b — skipping
10:40:21.605 [SerialProcessor ] INFO     serial_controller.serial_handler SerialProcessor: unknown type 0x1b — skipping
10:40:21.605 [SerialProcessor ] INFO     serial_controller.serial_handler SerialProcessor: unknown type 0x1b — skipping
10:40:21.630 [SerialProcessor ] INFO     serial_controller.serial_handler SerialProcessor: unknown type 0x1b — skipping
10:40:21.643 [SerialProcessor ] INFO     serial_controller.serial_handler SerialProcessor: unknown type 0x1b — skipping
10:40:21.644 [SerialProcessor ] INFO     serial_controller.serial_handler SerialProcessor: unknown type 0x1b — skipping
10:40:21.670 [SerialProcessor ] INFO     serial_controller.serial_handler SerialProcessor: unknown type 0x1b — skipping
10:40:21.671 [SerialProcessor ] INFO     serial_controller.serial_handler SerialProcessor: unknown type 0x1b — skipping
10:40:21.696 [SerialProcessor ] INFO     serial_controller.serial_handler SerialProcessor: unknown type 0x1b — skipping
10:40:21.696 [SerialProcessor ] INFO     serial_controller.serial_handler SerialProcessor: unknown type 0x1b — skipping
10:40:21.720 [SerialProcessor ] INFO     serial_controller.serial_handler SerialProcessor: unknown type 0x1b — skipping
10:40:21.733 [SerialProcessor ] INFO     serial_controller.serial_handler SerialProcessor: unknown type 0x1b — skipping
10:40:21.734 [SerialProcessor ] INFO     serial_controller.serial_handler SerialProcessor: unknown type 0x1b — skipping
10:40:21.759 [SerialProcessor ] INFO     serial_controller.serial_handler SerialProcessor: unknown type 0x1b — skipping
10:40:21.759 [SerialProcessor ] INFO     serial_controller.serial_handler SerialProcessor: unknown type 0x1b — skipping
10:40:21.785 [SerialProcessor ] INFO     serial_controller.serial_handler SerialProcessor: unknown type 0x1b — skipping
10:40:21.785 [SerialProcessor ] INFO     serial_controller.serial_handler SerialProcessor: unknown type 0x1b — skipping
10:40:21.811 [SerialProcessor ] INFO     serial_controller.serial_handler SerialProcessor: unknown type 0x1b — skipping
10:40:21.811 [SerialProcessor ] INFO     serial_controller.serial_handler SerialProcessor: unknown type 0x1b — skipping
10:40:21.840 [SerialProcessor ] INFO     serial_controller.serial_handler SerialProcessor: unknown type 0x1b — skipping
10:40:21.869 [SerialProcessor ] INFO     serial_controller.serial_handler SerialProcessor: unknown type 0x1b — skipping
10:40:21.870 [SerialProcessor ] INFO     serial_controller.serial_handler SerialProcessor: unknown type 0x1b — skipping
10:40:21.875 [SerialProcessor ] INFO     serial_controller.serial_handler SerialProcessor: unknown type 0x1b — skipping
10:40:21.875 [SerialProcessor ] INFO     serial_controller.serial_handler SerialProcessor: unknown type 0x1b — skipping
10:40:21.901 [SerialProcessor ] INFO     serial_controller.serial_handler SerialProcessor: unknown type 0x1b — skipping
10:40:21.915 [SerialProcessor ] INFO     serial_controller.serial_handler SerialProcessor: unknown type 0x1b — skipping
10:40:21.928 [SerialProcessor ] INFO     serial_controller.serial_handler SerialProcessor: unknown type 0x1b — skipping
10:40:21.941 [SerialProcessor ] INFO     serial_controller.serial_handler SerialProcessor: unknown type 0x1b — skipping
10:40:21.965 [SerialProcessor ] INFO     serial_controller.serial_handler SerialProcessor: unknown type 0x1b — skipping
10:40:21.966 [SerialProcessor ] INFO     serial_controller.serial_handler SerialProcessor: unknown type 0x1b — skipping
10:40:21.966 [SerialProcessor ] INFO     serial_controller.serial_handler SerialProcessor: unknown type 0x1b — skipping
10:40:21.991 [SerialProcessor ] INFO     serial_controller.serial_handler SerialProcessor: unknown type 0x1b — skipping
10:40:21.991 [SerialProcessor ] INFO     serial_controller.serial_handler SerialProcessor: unknown type 0x1b — skipping
10:40:22.016 [SerialProcessor ] INFO     serial_controller.serial_handler SerialProcessor: unknown type 0x1b — skipping
10:40:22.017 [SerialProcessor ] INFO     serial_controller.serial_handler SerialProcessor: unknown type 0x1b — skipping
10:40:22.042 [SerialProcessor ] INFO     serial_controller.serial_handler SerialProcessor: unknown type 0x1b — skipping
10:40:22.055 [SerialProcessor ] INFO     serial_controller.serial_handler SerialProcessor: unknown type 0x1b — skipping
10:40:22.055 [SerialProcessor ] INFO     serial_controller.serial_handler SerialProcessor: unknown type 0x1b — skipping
10:40:22.081 [SerialProcessor ] INFO     serial_controller.serial_handler SerialProcessor: unknown type 0x1b — skipping
10:40:22.081 [SerialProcessor ] INFO     serial_controller.serial_handler SerialProcessor: unknown type 0x1b — skipping
10:40:22.106 [SerialProcessor ] INFO     serial_controller.serial_handler SerialProcessor: unknown type 0x1b — skipping
10:40:22.107 [SerialProcessor ] INFO     serial_controller.serial_handler SerialProcessor: unknown type 0x1b — skipping
10:40:22.132 [SerialProcessor ] INFO     serial_controller.serial_handler SerialProcessor: unknown type 0x1b — skipping
10:40:22.145 [SerialProcessor ] INFO     serial_controller.serial_handler SerialProcessor: unknown type 0x1b — skipping
10:40:22.148 [SerialProcessor ] INFO     serial_controller.serial_handler SerialProcessor: unknown type 0x1b — skipping
10:40:22.171 [SerialProcessor ] INFO     serial_controller.serial_handler SerialProcessor: unknown type 0x1b — skipping
10:40:22.171 [SerialProcessor ] INFO     serial_controller.serial_handler SerialProcessor: unknown type 0x1b — skipping
10:40:22.197 [SerialProcessor ] INFO     serial_controller.serial_handler SerialProcessor: unknown type 0x1b — skipping
10:40:22.197 [SerialProcessor ] INFO     serial_controller.serial_handler SerialProcessor: unknown type 0x1b — skipping
10:40:22.222 [SerialProcessor ] INFO     serial_controller.serial_handler SerialProcessor: unknown type 0x1b — skipping
10:40:22.223 [SerialProcessor ] INFO     serial_controller.serial_handler SerialProcessor: unknown type 0x1b — skipping
10:40:22.248 [SerialProcessor ] INFO     serial_controller.serial_handler SerialProcessor: unknown type 0x1b — skipping
10:40:22.261 [SerialProcessor ] INFO     serial_controller.serial_handler SerialProcessor: unknown type 0x1b — skipping
10:40:22.261 [SerialProcessor ] INFO     serial_controller.serial_handler SerialProcessor: unknown type 0x1b — skipping
10:40:22.287 [SerialProcessor ] INFO     serial_controller.serial_handler SerialProcessor: unknown type 0x1b — skipping
10:40:22.287 [SerialProcessor ] INFO     serial_controller.serial_handler SerialProcessor: unknown type 0x1b — skipping
10:40:22.312 [SerialProcessor ] INFO     serial_controller.serial_handler SerialProcessor: unknown type 0x1b — skipping
10:40:22.313 [SerialProcessor ] INFO     serial_controller.serial_handler SerialProcessor: unknown type 0x1b — skipping
10:40:22.338 [SerialProcessor ] INFO     serial_controller.serial_handler SerialProcessor: unknown type 0x1b — skipping
10:40:22.351 [SerialProcessor ] INFO     serial_controller.serial_handler SerialProcessor: unknown type 0x1b — skipping
10:40:22.351 [SerialProcessor ] INFO     serial_controller.serial_handler SerialProcessor: unknown type 0x1b — skipping
10:40:22.377 [SerialProcessor ] INFO     serial_controller.serial_handler SerialProcessor: unknown type 0x1b — skipping
10:40:22.377 [SerialProcessor ] INFO     serial_controller.serial_handler SerialProcessor: unknown type 0x1b — skipping
10:40:22.402 [SerialProcessor ] INFO     serial_controller.serial_handler SerialProcessor: unknown type 0x1b — skipping
10:40:22.403 [SerialProcessor ] INFO     serial_controller.serial_handler SerialProcessor: unknown type 0x1b — skipping
10:40:22.428 [SerialProcessor ] INFO     serial_controller.serial_handler SerialProcessor: unknown type 0x1b — skipping
10:40:22.429 [SerialProcessor ] INFO     serial_controller.serial_handler SerialProcessor: unknown type 0x1b — skipping
10:40:22.454 [SerialProcessor ] INFO     serial_controller.serial_handler SerialProcessor: unknown type 0x1b — skipping
10:40:22.467 [SerialProcessor ] INFO     serial_controller.serial_handler SerialProcessor: unknown type 0x1b — skipping
10:40:22.467 [SerialProcessor ] INFO     serial_controller.serial_handler SerialProcessor: unknown type 0x1b — skipping
10:40:22.493 [SerialProcessor ] INFO     serial_controller.serial_handler SerialProcessor: unknown type 0x1b — skipping
10:40:22.493 [SerialProcessor ] INFO     serial_controller.serial_handler SerialProcessor: unknown type 0x1b — skipping
10:40:22.518 [SerialProcessor ] INFO     serial_controller.serial_handler SerialProcessor: unknown type 0x1b — skipping
10:40:22.519 [SerialProcessor ] INFO     serial_controller.serial_handler SerialProcessor: unknown type 0x1b — skipping
10:40:22.544 [SerialProcessor ] INFO     serial_controller.serial_handler SerialProcessor: unknown type 0x1b — skipping
10:40:22.557 [SerialProcessor ] INFO     serial_controller.serial_handler SerialProcessor: unknown type 0x1b — skipping
10:40:22.557 [SerialProcessor ] INFO     serial_controller.serial_handler SerialProcessor: unknown type 0x1b — skipping
10:40:22.583 [SerialProcessor ] INFO     serial_controller.serial_handler SerialProcessor: unknown type 0x1b — skipping
10:40:22.583 [SerialProcessor ] INFO     serial_controller.serial_handler SerialProcessor: unknown type 0x1b — skipping
10:40:22.608 [SerialProcessor ] INFO     serial_controller.serial_handler SerialProcessor: unknown type 0x1b — skipping
10:40:22.608 [SerialProcessor ] INFO     serial_controller.serial_handler SerialProcessor: unknown type 0x1b — skipping
10:40:22.634 [SerialProcessor ] INFO     serial_controller.serial_handler SerialProcessor: unknown type 0x1b — skipping
10:40:22.634 [SerialProcessor ] INFO     serial_controller.serial_handler SerialProcessor: unknown type 0x1b — skipping
10:40:22.660 [SerialProcessor ] INFO     serial_controller.serial_handler SerialProcessor: unknown type 0x1b — skipping
10:40:22.673 [SerialProcessor ] INFO     serial_controller.serial_handler SerialProcessor: unknown type 0x1b — skipping
10:40:22.673 [SerialProcessor ] INFO     serial_controller.serial_handler SerialProcessor: unknown type 0x1b — skipping
10:40:22.698 [SerialProcessor ] INFO     serial_controller.serial_handler SerialProcessor: unknown type 0x1b — skipping
10:40:22.699 [SerialProcessor ] INFO     serial_controller.serial_handler SerialProcessor: unknown type 0x1b — skipping
10:40:22.724 [SerialProcessor ] INFO     serial_controller.serial_handler SerialProcessor: unknown type 0x1b — skipping
10:40:22.725 [SerialProcessor ] INFO     serial_controller.serial_handler SerialProcessor: unknown type 0x1b — skipping
10:40:22.750 [SerialProcessor ] INFO     serial_controller.serial_handler SerialProcessor: unknown type 0x1b — skipping
10:40:22.763 [SerialProcessor ] INFO     serial_controller.serial_handler SerialProcessor: unknown type 0x1b — skipping
10:40:22.763 [SerialProcessor ] INFO     serial_controller.serial_handler SerialProcessor: unknown type 0x1b — skipping
10:40:22.788 [SerialProcessor ] INFO     serial_controller.serial_handler SerialProcessor: unknown type 0x1b — skipping
10:40:22.789 [SerialProcessor ] INFO     serial_controller.serial_handler SerialProcessor: unknown type 0x1b — skipping
10:40:22.814 [SerialProcessor ] INFO     serial_controller.serial_handler SerialProcessor: unknown type 0x1b — skipping
10:40:22.815 [SerialProcessor ] INFO     serial_controller.serial_handler SerialProcessor: unknown type 0x1b — skipping
10:40:22.840 [SerialProcessor ] INFO     serial_controller.serial_handler SerialProcessor: unknown type 0x1b — skipping
10:40:22.841 [SerialProcessor ] INFO     serial_controller.serial_handler SerialProcessor: unknown type 0x1b — skipping
10:40:22.866 [SerialProcessor ] INFO     serial_controller.serial_handler SerialProcessor: unknown type 0x1b — skipping
10:40:22.878 [SerialProcessor ] INFO     serial_controller.serial_handler SerialProcessor: unknown type 0x1b — skipping
10:40:22.879 [SerialProcessor ] INFO     serial_controller.serial_handler SerialProcessor: unknown type 0x1b — skipping
10:40:22.904 [SerialProcessor ] INFO     serial_controller.serial_handler SerialProcessor: unknown type 0x1b — skipping
10:40:22.904 [SerialProcessor ] INFO     serial_controller.serial_handler SerialProcessor: unknown type 0x1b — skipping
10:40:22.930 [SerialProcessor ] INFO     serial_controller.serial_handler SerialProcessor: unknown type 0x1b — skipping
10:40:22.931 [SerialProcessor ] INFO     serial_controller.serial_handler SerialProcessor: unknown type 0x1b — skipping
10:40:22.956 [SerialProcessor ] INFO     serial_controller.serial_handler SerialProcessor: unknown type 0x1b — skipping
10:40:22.968 [SerialProcessor ] INFO     serial_controller.serial_handler SerialProcessor: unknown type 0x1b — skipping
10:40:22.969 [SerialProcessor ] INFO     serial_controller.serial_handler SerialProcessor: unknown type 0x1b — skipping
10:40:22.994 [SerialProcessor ] INFO     serial_controller.serial_handler SerialProcessor: unknown type 0x1b — skipping
10:40:22.994 [SerialProcessor ] INFO     serial_controller.serial_handler SerialProcessor: unknown type 0x1b — skipping
10:40:23.020 [SerialProcessor ] INFO     serial_controller.serial_handler SerialProcessor: unknown type 0x1b — skipping
10:40:23.025 [SerialProcessor ] INFO     serial_controller.serial_handler SerialProcessor: unknown type 0x1b — skipping
10:40:23.046 [SerialProcessor ] INFO     serial_controller.serial_handler SerialProcessor: unknown type 0x1b — skipping
10:40:23.047 [SerialProcessor ] INFO     serial_controller.serial_handler SerialProcessor: unknown type 0x1b — skipping
10:40:23.071 [SerialProcessor ] INFO     serial_controller.serial_handler SerialProcessor: unknown type 0x1b — skipping
10:40:23.086 [SerialProcessor ] INFO     serial_controller.serial_handler SerialProcessor: unknown type 0x1b — skipping
10:40:23.086 [SerialProcessor ] INFO     serial_controller.serial_handler SerialProcessor: unknown type 0x1b — skipping
10:40:23.110 [SerialProcessor ] INFO     serial_controller.serial_handler SerialProcessor: unknown type 0x1b — skipping
10:40:23.111 [SerialProcessor ] INFO     serial_controller.serial_handler SerialProcessor: unknown type 0x1b — skipping
10:40:23.136 [SerialProcessor ] INFO     serial_controller.serial_handler SerialProcessor: unknown type 0x1b — skipping
10:40:23.136 [SerialProcessor ] INFO     serial_controller.serial_handler SerialProcessor: unknown type 0x1b — skipping
10:40:23.162 [SerialProcessor ] INFO     serial_controller.serial_handler SerialProcessor: unknown type 0x1b — skipping
10:40:23.174 [SerialProcessor ] INFO     serial_controller.serial_handler SerialProcessor: unknown type 0x1b — skipping
10:40:23.175 [SerialProcessor ] INFO     serial_controller.serial_handler SerialProcessor: unknown type 0x1b — skipping
10:40:23.200 [SerialProcessor ] INFO     serial_controller.serial_handler SerialProcessor: unknown type 0x1b — skipping
10:40:23.200 [SerialProcessor ] INFO     serial_controller.serial_handler SerialProcessor: unknown type 0x1b — skipping
10:40:23.226 [SerialProcessor ] INFO     serial_controller.serial_handler SerialProcessor: unknown type 0x1b — skipping
10:40:23.226 [SerialProcessor ] INFO     serial_controller.serial_handler SerialProcessor: unknown type 0x1b — skipping
10:40:23.252 [SerialProcessor ] INFO     serial_controller.serial_handler SerialProcessor: unknown type 0x1b — skipping
10:40:23.252 [SerialProcessor ] INFO     serial_controller.serial_handler SerialProcessor: unknown type 0x1b — skipping
10:40:23.277 [SerialProcessor ] INFO     serial_controller.serial_handler SerialProcessor: unknown type 0x1b — skipping
10:40:23.290 [SerialProcessor ] INFO     serial_controller.serial_handler SerialProcessor: unknown type 0x1b — skipping
10:40:23.291 [SerialProcessor ] INFO     serial_controller.serial_handler SerialProcessor: unknown type 0x1b — skipping
10:40:23.316 [SerialProcessor ] INFO     serial_controller.serial_handler SerialProcessor: unknown type 0x1b — skipping
10:40:23.316 [SerialProcessor ] INFO     serial_controller.serial_handler SerialProcessor: unknown type 0x1b — skipping
10:40:23.342 [SerialProcessor ] INFO     serial_controller.serial_handler SerialProcessor: unknown type 0x1b — skipping
10:40:23.342 [SerialProcessor ] INFO     serial_controller.serial_handler SerialProcessor: unknown type 0x1b — skipping
10:40:23.367 [SerialProcessor ] INFO     serial_controller.serial_handler SerialProcessor: unknown type 0x1b — skipping
10:40:23.380 [SerialProcessor ] INFO     serial_controller.serial_handler SerialProcessor: unknown type 0x1b — skipping
10:40:23.381 [SerialProcessor ] INFO     serial_controller.serial_handler SerialProcessor: unknown type 0x1b — skipping
10:40:23.406 [SerialProcessor ] INFO     serial_controller.serial_handler SerialProcessor: unknown type 0x1b — skipping
10:40:23.406 [SerialProcessor ] INFO     serial_controller.serial_handler SerialProcessor: unknown type 0x1b — skipping
10:40:23.432 [SerialProcessor ] INFO     serial_controller.serial_handler SerialProcessor: unknown type 0x1b — skipping
10:40:23.432 [SerialProcessor ] INFO     serial_controller.serial_handler SerialProcessor: unknown type 0x1b — skipping
10:40:23.458 [SerialProcessor ] INFO     serial_controller.serial_handler SerialProcessor: unknown type 0x1b — skipping
10:40:23.459 [SerialProcessor ] INFO     serial_controller.serial_handler SerialProcessor: unknown type 0x1b — skipping
10:40:23.483 [SerialProcessor ] INFO     serial_controller.serial_handler SerialProcessor: unknown type 0x1b — skipping
10:40:23.496 [SerialProcessor ] INFO     serial_controller.serial_handler SerialProcessor: unknown type 0x1b — skipping
10:40:23.496 [SerialProcessor ] INFO     serial_controller.serial_handler SerialProcessor: unknown type 0x1b — skipping
10:40:23.522 [SerialProcessor ] INFO     serial_controller.serial_handler SerialProcessor: unknown type 0x1b — skipping
10:40:23.522 [SerialProcessor ] INFO     serial_controller.serial_handler SerialProcessor: unknown type 0x1b — skipping
10:40:23.548 [SerialProcessor ] INFO     serial_controller.serial_handler SerialProcessor: unknown type 0x1b — skipping
10:40:23.548 [SerialProcessor ] INFO     serial_controller.serial_handler SerialProcessor: unknown type 0x1b — skipping
10:40:23.573 [SerialProcessor ] INFO     serial_controller.serial_handler SerialProcessor: unknown type 0x1b — skipping
10:40:23.586 [SerialProcessor ] INFO     serial_controller.serial_handler SerialProcessor: unknown type 0x1b — skipping
10:40:23.586 [SerialProcessor ] INFO     serial_controller.serial_handler SerialProcessor: unknown type 0x1b — skipping
10:40:23.612 [SerialProcessor ] INFO     serial_controller.serial_handler SerialProcessor: unknown type 0x1b — skipping
10:40:23.612 [SerialProcessor ] INFO     serial_controller.serial_handler SerialProcessor: unknown type 0x1b — skipping
10:40:23.639 [SerialProcessor ] INFO     serial_controller.serial_handler SerialProcessor: unknown type 0x1b — skipping
10:40:23.639 [SerialProcessor ] INFO     serial_controller.serial_handler SerialProcessor: unknown type 0x1b — skipping
10:40:23.663 [SerialProcessor ] INFO     serial_controller.serial_handler SerialProcessor: unknown type 0x1b — skipping
10:40:23.664 [SerialProcessor ] INFO     serial_controller.serial_handler SerialProcessor: unknown type 0x1b — skipping
10:40:23.689 [SerialProcessor ] INFO     serial_controller.serial_handler SerialProcessor: unknown type 0x1b — skipping
10:40:23.702 [SerialProcessor ] INFO     serial_controller.serial_handler SerialProcessor: unknown type 0x1b — skipping
10:40:23.702 [SerialProcessor ] INFO     serial_controller.serial_handler SerialProcessor: unknown type 0x1b — skipping
10:40:23.728 [SerialProcessor ] INFO     serial_controller.serial_handler SerialProcessor: unknown type 0x1b — skipping
10:40:23.728 [SerialProcessor ] INFO     serial_controller.serial_handler SerialProcessor: unknown type 0x1b — skipping
10:40:23.753 [SerialProcessor ] INFO     serial_controller.serial_handler SerialProcessor: unknown type 0x1b — skipping
10:40:23.754 [SerialProcessor ] INFO     serial_controller.serial_handler SerialProcessor: unknown type 0x1b — skipping
10:40:23.779 [SerialProcessor ] INFO     serial_controller.serial_handler SerialProcessor: unknown type 0x1b — skipping
10:40:23.792 [SerialProcessor ] INFO     serial_controller.serial_handler SerialProcessor: unknown type 0x1b — skipping
10:40:23.792 [SerialProcessor ] INFO     serial_controller.serial_handler SerialProcessor: unknown type 0x1b — skipping
10:40:23.818 [SerialProcessor ] INFO     serial_controller.serial_handler SerialProcessor: unknown type 0x1b — skipping
10:40:23.818 [SerialProcessor ] INFO     serial_controller.serial_handler SerialProcessor: unknown type 0x1b — skipping
10:40:23.843 [SerialProcessor ] INFO     serial_controller.serial_handler SerialProcessor: unknown type 0x1b — skipping
10:40:23.844 [SerialProcessor ] INFO     serial_controller.serial_handler SerialProcessor: unknown type 0x1b — skipping
10:40:23.869 [SerialProcessor ] INFO     serial_controller.serial_handler SerialProcessor: unknown type 0x1b — skipping
10:40:23.869 [SerialProcessor ] INFO     serial_controller.serial_handler SerialProcessor: unknown type 0x1b — skipping
10:40:23.895 [SerialProcessor ] INFO     serial_controller.serial_handler SerialProcessor: unknown type 0x1b — skipping
10:40:23.907 [SerialProcessor ] INFO     serial_controller.serial_handler SerialProcessor: unknown type 0x1b — skipping
10:40:23.908 [SerialProcessor ] INFO     serial_controller.serial_handler SerialProcessor: unknown type 0x1b — skipping
10:40:23.933 [SerialProcessor ] INFO     serial_controller.serial_handler SerialProcessor: unknown type 0x1b — skipping
10:40:23.934 [SerialProcessor ] INFO     serial_controller.serial_handler SerialProcessor: unknown type 0x1b — skipping
10:40:23.959 [SerialProcessor ] INFO     serial_controller.serial_handler SerialProcessor: unknown type 0x1b — skipping
10:40:23.959 [SerialProcessor ] INFO     serial_controller.serial_handler SerialProcessor: unknown type 0x1b — skipping
10:40:23.985 [SerialProcessor ] INFO     serial_controller.serial_handler SerialProcessor: unknown type 0x1b — skipping
10:40:23.998 [SerialProcessor ] INFO     serial_controller.serial_handler SerialProcessor: unknown type 0x1b — skipping
10:40:23.998 [SerialProcessor ] INFO     serial_controller.serial_handler SerialProcessor: unknown type 0x1b — skipping
10:40:24.023 [SerialProcessor ] INFO     serial_controller.serial_handler SerialProcessor: unknown type 0x1b — skipping
10:40:24.024 [SerialProcessor ] INFO     serial_controller.serial_handler SerialProcessor: unknown type 0x1b — skipping
10:40:24.049 [SerialProcessor ] INFO     serial_controller.serial_handler SerialProcessor: unknown type 0x1b — skipping
10:40:24.049 [SerialProcessor ] INFO     serial_controller.serial_handler SerialProcessor: unknown type 0x1b — skipping
10:40:24.075 [SerialProcessor ] INFO     serial_controller.serial_handler SerialProcessor: unknown type 0x1b — skipping
10:40:24.075 [SerialProcessor ] INFO     serial_controller.serial_handler SerialProcessor: unknown type 0x1b — skipping
10:40:24.101 [SerialProcessor ] INFO     serial_controller.serial_handler SerialProcessor: unknown type 0x1b — skipping
10:40:24.113 [SerialProcessor ] INFO     serial_controller.serial_handler SerialProcessor: unknown type 0x1b — skipping
10:40:24.114 [SerialProcessor ] INFO     serial_controller.serial_handler SerialProcessor: unknown type 0x1b — skipping
10:40:24.140 [SerialProcessor ] INFO     serial_controller.serial_handler SerialProcessor: unknown type 0x1b — skipping
10:40:24.141 [SerialProcessor ] INFO     serial_controller.serial_handler SerialProcessor: unknown type 0x1b — skipping
10:40:24.165 [SerialProcessor ] INFO     serial_controller.serial_handler SerialProcessor: unknown type 0x1b — skipping
10:40:24.165 [SerialProcessor ] INFO     serial_controller.serial_handler SerialProcessor: unknown type 0x1b — skipping
10:40:24.191 [SerialProcessor ] INFO     serial_controller.serial_handler SerialProcessor: unknown type 0x1b — skipping
10:40:24.203 [SerialProcessor ] INFO     serial_controller.serial_handler SerialProcessor: unknown type 0x1b — skipping
10:40:24.204 [SerialProcessor ] INFO     serial_controller.serial_handler SerialProcessor: unknown type 0x1b — skipping
10:40:24.230 [SerialProcessor ] INFO     serial_controller.serial_handler SerialProcessor: unknown type 0x1b — skipping
10:40:24.230 [SerialProcessor ] INFO     serial_controller.serial_handler SerialProcessor: unknown type 0x1b — skipping
10:40:24.255 [SerialProcessor ] INFO     serial_controller.serial_handler SerialProcessor: unknown type 0x1b — skipping
10:40:24.256 [SerialProcessor ] INFO     serial_controller.serial_handler SerialProcessor: unknown type 0x1b — skipping
10:40:24.281 [SerialProcessor ] INFO     serial_controller.serial_handler SerialProcessor: unknown type 0x1b — skipping
10:40:24.282 [SerialProcessor ] INFO     serial_controller.serial_handler SerialProcessor: unknown type 0x1b — skipping
10:40:24.307 [SerialProcessor ] INFO     serial_controller.serial_handler SerialProcessor: unknown type 0x1b — skipping
10:40:24.319 [SerialProcessor ] INFO     serial_controller.serial_handler SerialProcessor: unknown type 0x1b — skipping
10:40:24.320 [SerialProcessor ] INFO     serial_controller.serial_handler SerialProcessor: unknown type 0x1b — skipping
10:40:24.345 [SerialProcessor ] INFO     serial_controller.serial_handler SerialProcessor: unknown type 0x1b — skipping
10:40:24.345 [SerialProcessor ] INFO     serial_controller.serial_handler SerialProcessor: unknown type 0x1b — skipping
10:40:24.371 [SerialProcessor ] INFO     serial_controller.serial_handler SerialProcessor: unknown type 0x1b — skipping
10:40:24.371 [SerialProcessor ] INFO     serial_controller.serial_handler SerialProcessor: unknown type 0x1b — skipping
10:40:24.396 [SerialProcessor ] INFO     serial_controller.serial_handler SerialProcessor: unknown type 0x1b — skipping
10:40:24.409 [SerialProcessor ] INFO     serial_controller.serial_handler SerialProcessor: unknown type 0x1b — skipping
10:40:24.409 [SerialProcessor ] INFO     serial_controller.serial_handler SerialProcessor: unknown type 0x1b — skipping
10:40:24.435 [SerialProcessor ] INFO     serial_controller.serial_handler SerialProcessor: unknown type 0x1b — skipping
10:40:24.435 [SerialProcessor ] INFO     serial_controller.serial_handler SerialProcessor: unknown type 0x1b — skipping
10:40:24.462 [SerialProcessor ] INFO     serial_controller.serial_handler SerialProcessor: unknown type 0x1b — skipping
10:40:24.463 [SerialProcessor ] INFO     serial_controller.serial_handler SerialProcessor: unknown type 0x1b — skipping
10:40:24.486 [SerialProcessor ] INFO     serial_controller.serial_handler SerialProcessor: unknown type 0x1b — skipping
10:40:24.487 [SerialProcessor ] INFO     serial_controller.serial_handler SerialProcessor: unknown type 0x1b — skipping
10:40:24.513 [SerialProcessor ] INFO     serial_controller.serial_handler SerialProcessor: unknown type 0x1b — skipping
10:40:24.525 [SerialProcessor ] INFO     serial_controller.serial_handler SerialProcessor: unknown type 0x1b — skipping
10:40:24.525 [SerialProcessor ] INFO     serial_controller.serial_handler SerialProcessor: unknown type 0x1b — skipping
10:40:24.551 [SerialProcessor ] INFO     serial_controller.serial_handler SerialProcessor: unknown type 0x1b — skipping
10:40:24.551 [SerialProcessor ] INFO     serial_controller.serial_handler SerialProcessor: unknown type 0x1b — skipping
10:40:24.577 [SerialProcessor ] INFO     serial_controller.serial_handler SerialProcessor: unknown type 0x1b — skipping
10:40:24.577 [SerialProcessor ] INFO     serial_controller.serial_handler SerialProcessor: unknown type 0x1b — skipping
10:40:24.603 [SerialProcessor ] INFO     serial_controller.serial_handler SerialProcessor: unknown type 0x1b — skipping
10:40:24.615 [SerialProcessor ] INFO     serial_controller.serial_handler SerialProcessor: unknown type 0x1b — skipping
10:40:24.615 [SerialProcessor ] INFO     serial_controller.serial_handler SerialProcessor: unknown type 0x1b — skipping
10:40:24.643 [SerialProcessor ] INFO     serial_controller.serial_handler SerialProcessor: unknown type 0x1b — skipping
10:40:24.645 [SerialProcessor ] INFO     serial_controller.serial_handler SerialProcessor: unknown type 0x1b — skipping
10:40:24.667 [SerialProcessor ] INFO     serial_controller.serial_handler SerialProcessor: unknown type 0x1b — skipping
10:40:24.667 [SerialProcessor ] INFO     serial_controller.serial_handler SerialProcessor: unknown type 0x1b — skipping
10:40:24.693 [SerialProcessor ] INFO     serial_controller.serial_handler SerialProcessor: unknown type 0x1b — skipping
10:40:24.694 [SerialProcessor ] INFO     serial_controller.serial_handler SerialProcessor: unknown type 0x1b — skipping
10:40:24.718 [SerialProcessor ] INFO     serial_controller.serial_handler SerialProcessor: unknown type 0x1b — skipping
10:40:24.731 [SerialProcessor ] INFO     serial_controller.serial_handler SerialProcessor: unknown type 0x1b — skipping
10:40:24.732 [SerialProcessor ] INFO     serial_controller.serial_handler SerialProcessor: unknown type 0x1b — skipping
10:40:24.757 [SerialProcessor ] INFO     serial_controller.serial_handler SerialProcessor: unknown type 0x1b — skipping
10:40:24.758 [SerialProcessor ] INFO     serial_controller.serial_handler SerialProcessor: unknown type 0x1b — skipping
10:40:24.783 [SerialProcessor ] INFO     serial_controller.serial_handler SerialProcessor: unknown type 0x1b — skipping
10:40:24.783 [SerialProcessor ] INFO     serial_controller.serial_handler SerialProcessor: unknown type 0x1b — skipping
10:40:24.808 [SerialProcessor ] INFO     serial_controller.serial_handler SerialProcessor: unknown type 0x1b — skipping
10:40:24.821 [SerialProcessor ] INFO     serial_controller.serial_handler SerialProcessor: unknown type 0x1b — skipping
10:40:24.822 [SerialProcessor ] INFO     serial_controller.serial_handler SerialProcessor: unknown type 0x1b — skipping
10:40:24.847 [SerialProcessor ] INFO     serial_controller.serial_handler SerialProcessor: unknown type 0x1b — skipping
10:40:24.848 [SerialProcessor ] INFO     serial_controller.serial_handler SerialProcessor: unknown type 0x1b — skipping
10:40:24.873 [SerialProcessor ] INFO     serial_controller.serial_handler SerialProcessor: unknown type 0x1b — skipping
10:40:24.873 [SerialProcessor ] INFO     serial_controller.serial_handler SerialProcessor: unknown type 0x1b — skipping
10:40:24.899 [SerialProcessor ] INFO     serial_controller.serial_handler SerialProcessor: unknown type 0x1b — skipping
10:40:24.900 [SerialProcessor ] INFO     serial_controller.serial_handler SerialProcessor: unknown type 0x1b — skipping
10:40:24.924 [SerialProcessor ] INFO     serial_controller.serial_handler SerialProcessor: unknown type 0x1b — skipping
10:40:24.937 [SerialProcessor ] INFO     serial_controller.serial_handler SerialProcessor: unknown type 0x1b — skipping
10:40:24.937 [SerialProcessor ] INFO     serial_controller.serial_handler SerialProcessor: unknown type 0x1b — skipping
10:40:24.963 [SerialProcessor ] INFO     serial_controller.serial_handler SerialProcessor: unknown type 0x1b — skipping
10:40:24.963 [SerialProcessor ] INFO     serial_controller.serial_handler SerialProcessor: unknown type 0x1b — skipping
10:40:24.988 [SerialProcessor ] INFO     serial_controller.serial_handler SerialProcessor: unknown type 0x1b — skipping
10:40:24.989 [SerialProcessor ] INFO     serial_controller.serial_handler SerialProcessor: unknown type 0x1b — skipping
10:40:25.014 [SerialProcessor ] INFO     serial_controller.serial_handler SerialProcessor: unknown type 0x1b — skipping
10:40:25.027 [SerialProcessor ] INFO     serial_controller.serial_handler SerialProcessor: unknown type 0x1b — skipping
10:40:25.027 [SerialProcessor ] INFO     serial_controller.serial_handler SerialProcessor: unknown type 0x1b — skipping
10:40:25.053 [SerialProcessor ] INFO     serial_controller.serial_handler SerialProcessor: unknown type 0x1b — skipping
10:40:25.053 [SerialProcessor ] INFO     serial_controller.serial_handler SerialProcessor: unknown type 0x1b — skipping
10:40:25.087 [SerialProcessor ] INFO     serial_controller.serial_handler SerialProcessor: unknown type 0x1b — skipping
10:40:25.092 [SerialProcessor ] INFO     serial_controller.serial_handler SerialProcessor: unknown type 0x1b — skipping
10:40:25.119 [SerialProcessor ] INFO     serial_controller.serial_handler SerialProcessor: unknown type 0x1b — skipping
10:40:25.119 [SerialProcessor ] INFO     serial_controller.serial_handler SerialProcessor: unknown type 0x1b — skipping
10:40:25.130 [SerialProcessor ] INFO     serial_controller.serial_handler SerialProcessor: unknown type 0x1b — skipping
10:40:25.143 [SerialProcessor ] INFO     serial_controller.serial_handler SerialProcessor: unknown type 0x1b — skipping
10:40:25.151 [SerialProcessor ] INFO     serial_controller.serial_handler SerialProcessor: unknown type 0x1b — skipping
10:40:25.168 [SerialProcessor ] INFO     serial_controller.serial_handler SerialProcessor: unknown type 0x1b — skipping
10:40:25.169 [SerialProcessor ] INFO     serial_controller.serial_handler SerialProcessor: unknown type 0x1b — skipping
10:40:25.194 [SerialProcessor ] INFO     serial_controller.serial_handler SerialProcessor: unknown type 0x1b — skipping
10:40:25.194 [SerialProcessor ] INFO     serial_controller.serial_handler SerialProcessor: unknown type 0x1b — skipping
10:40:25.220 [SerialProcessor ] INFO     serial_controller.serial_handler SerialProcessor: unknown type 0x1b — skipping
10:40:25.233 [SerialProcessor ] INFO     serial_controller.serial_handler SerialProcessor: unknown type 0x1b — skipping
10:40:25.233 [SerialProcessor ] INFO     serial_controller.serial_handler SerialProcessor: unknown type 0x1b — skipping
10:40:25.258 [SerialProcessor ] INFO     serial_controller.serial_handler SerialProcessor: unknown type 0x1b — skipping
10:40:25.259 [SerialProcessor ] INFO     serial_controller.serial_handler SerialProcessor: unknown type 0x1b — skipping
10:40:25.284 [SerialProcessor ] INFO     serial_controller.serial_handler SerialProcessor: unknown type 0x1b — skipping
10:40:25.285 [SerialProcessor ] INFO     serial_controller.serial_handler SerialProcessor: unknown type 0x1b — skipping
10:40:25.310 [SerialProcessor ] INFO     serial_controller.serial_handler SerialProcessor: unknown type 0x1b — skipping
10:40:25.310 [SerialProcessor ] INFO     serial_controller.serial_handler SerialProcessor: unknown type 0x1b — skipping
10:40:25.335 [SerialProcessor ] INFO     serial_controller.serial_handler SerialProcessor: unknown type 0x1b — skipping
10:40:25.348 [SerialProcessor ] INFO     serial_controller.serial_handler SerialProcessor: unknown type 0x1b — skipping
10:40:25.349 [SerialProcessor ] INFO     serial_controller.serial_handler SerialProcessor: unknown type 0x1b — skipping
10:40:25.374 [SerialProcessor ] INFO     serial_controller.serial_handler SerialProcessor: unknown type 0x1b — skipping
10:40:25.375 [SerialProcessor ] INFO     serial_controller.serial_handler SerialProcessor: unknown type 0x1b — skipping
10:40:25.401 [SerialProcessor ] INFO     serial_controller.serial_handler SerialProcessor: unknown type 0x1b — skipping
10:40:25.401 [SerialProcessor ] INFO     serial_controller.serial_handler SerialProcessor: unknown type 0x1b — skipping
10:40:25.426 [SerialProcessor ] INFO     serial_controller.serial_handler SerialProcessor: unknown type 0x1b — skipping
10:40:25.439 [SerialProcessor ] INFO     serial_controller.serial_handler SerialProcessor: unknown type 0x1b — skipping
10:40:25.439 [SerialProcessor ] INFO     serial_controller.serial_handler SerialProcessor: unknown type 0x1b — skipping
10:40:25.465 [SerialProcessor ] INFO     serial_controller.serial_handler SerialProcessor: unknown type 0x1b — skipping
10:40:25.465 [SerialProcessor ] INFO     serial_controller.serial_handler SerialProcessor: unknown type 0x1b — skipping
10:40:25.490 [SerialProcessor ] INFO     serial_controller.serial_handler SerialProcessor: unknown type 0x1b — skipping
10:40:25.491 [SerialProcessor ] INFO     serial_controller.serial_handler SerialProcessor: unknown type 0x1b — skipping
10:40:25.516 [SerialProcessor ] INFO     serial_controller.serial_handler SerialProcessor: unknown type 0x1b — skipping
10:40:25.517 [SerialProcessor ] INFO     serial_controller.serial_handler SerialProcessor: unknown type 0x1b — skipping
10:40:25.542 [SerialProcessor ] INFO     serial_controller.serial_handler SerialProcessor: unknown type 0x1b — skipping
10:40:25.554 [SerialProcessor ] INFO     serial_controller.serial_handler SerialProcessor: unknown type 0x1b — skipping
10:40:25.556 [SerialProcessor ] INFO     serial_controller.serial_handler SerialProcessor: unknown type 0x1b — skipping
10:40:25.581 [SerialProcessor ] INFO     serial_controller.serial_handler SerialProcessor: unknown type 0x1b — skipping
10:40:25.582 [SerialProcessor ] INFO     serial_controller.serial_handler SerialProcessor: unknown type 0x1b — skipping
10:40:25.606 [SerialProcessor ] INFO     serial_controller.serial_handler SerialProcessor: unknown type 0x1b — skipping
10:40:25.607 [SerialProcessor ] INFO     serial_controller.serial_handler SerialProcessor: unknown type 0x1b — skipping
10:40:25.632 [SerialProcessor ] INFO     serial_controller.serial_handler SerialProcessor: unknown type 0x1b — skipping
10:40:25.644 [SerialProcessor ] INFO     serial_controller.serial_handler SerialProcessor: unknown type 0x1b — skipping
10:40:25.645 [SerialProcessor ] INFO     serial_controller.serial_handler SerialProcessor: unknown type 0x1b — skipping
10:40:25.670 [SerialProcessor ] INFO     serial_controller.serial_handler SerialProcessor: unknown type 0x1b — skipping
10:40:25.672 [SerialProcessor ] INFO     serial_controller.serial_handler SerialProcessor: unknown type 0x1b — skipping
10:40:25.696 [SerialProcessor ] INFO     serial_controller.serial_handler SerialProcessor: unknown type 0x1b — skipping
10:40:25.696 [SerialProcessor ] INFO     serial_controller.serial_handler SerialProcessor: unknown type 0x1b — skipping
10:40:25.722 [SerialProcessor ] INFO     serial_controller.serial_handler SerialProcessor: unknown type 0x1b — skipping
10:40:25.722 [SerialProcessor ] INFO     serial_controller.serial_handler SerialProcessor: unknown type 0x1b — skipping
10:40:25.747 [SerialProcessor ] INFO     serial_controller.serial_handler SerialProcessor: unknown type 0x1b — skipping
10:40:25.760 [SerialProcessor ] INFO     serial_controller.serial_handler SerialProcessor: unknown type 0x1b — skipping
10:40:25.761 [SerialProcessor ] INFO     serial_controller.serial_handler SerialProcessor: unknown type 0x1b — skipping
10:40:25.786 [SerialProcessor ] INFO     serial_controller.serial_handler SerialProcessor: unknown type 0x1b — skipping
10:40:25.786 [SerialProcessor ] INFO     serial_controller.serial_handler SerialProcessor: unknown type 0x1b — skipping
10:40:25.812 [SerialProcessor ] INFO     serial_controller.serial_handler SerialProcessor: unknown type 0x1b — skipping
10:40:25.812 [SerialProcessor ] INFO     serial_controller.serial_handler SerialProcessor: unknown type 0x1b — skipping
10:40:25.839 [SerialProcessor ] INFO     serial_controller.serial_handler SerialProcessor: unknown type 0x1b — skipping
10:40:25.851 [SerialProcessor ] INFO     serial_controller.serial_handler SerialProcessor: unknown type 0x1b — skipping
10:40:25.853 [SerialProcessor ] INFO     serial_controller.serial_handler SerialProcessor: unknown type 0x1b — skipping
10:40:25.877 [SerialProcessor ] INFO     serial_controller.serial_handler SerialProcessor: unknown type 0x1b — skipping
10:40:25.878 [SerialProcessor ] INFO     serial_controller.serial_handler SerialProcessor: unknown type 0x1b — skipping
10:40:25.903 [SerialProcessor ] INFO     serial_controller.serial_handler SerialProcessor: unknown type 0x1b — skipping
10:40:25.904 [SerialProcessor ] INFO     serial_controller.serial_handler SerialProcessor: unknown type 0x1b — skipping
10:40:25.928 [SerialProcessor ] INFO     serial_controller.serial_handler SerialProcessor: unknown type 0x1b — skipping
10:40:25.928 [SerialProcessor ] INFO     serial_controller.serial_handler SerialProcessor: unknown type 0x1b — skipping
10:40:25.953 [SerialProcessor ] INFO     serial_controller.serial_handler SerialProcessor: unknown type 0x1b — skipping
10:40:25.966 [SerialProcessor ] INFO     serial_controller.serial_handler SerialProcessor: unknown type 0x1b — skipping
10:40:25.966 [SerialProcessor ] INFO     serial_controller.serial_handler SerialProcessor: unknown type 0x1b — skipping
10:40:25.992 [SerialProcessor ] INFO     serial_controller.serial_handler SerialProcessor: unknown type 0x1b — skipping
10:40:25.992 [SerialProcessor ] INFO     serial_controller.serial_handler SerialProcessor: unknown type 0x1b — skipping
10:40:26.018 [SerialProcessor ] INFO     serial_controller.serial_handler SerialProcessor: unknown type 0x1b — skipping
10:40:26.018 [SerialProcessor ] INFO     serial_controller.serial_handler SerialProcessor: unknown type 0x1b — skipping
10:40:26.043 [SerialProcessor ] INFO     serial_controller.serial_handler SerialProcessor: unknown type 0x1b — skipping
10:40:26.056 [SerialProcessor ] INFO     serial_controller.serial_handler SerialProcessor: unknown type 0x1b — skipping
10:40:26.056 [SerialProcessor ] INFO     serial_controller.serial_handler SerialProcessor: unknown type 0x1b — skipping
10:40:26.082 [SerialProcessor ] INFO     serial_controller.serial_handler SerialProcessor: unknown type 0x1b — skipping
10:40:26.082 [SerialProcessor ] INFO     serial_controller.serial_handler SerialProcessor: unknown type 0x1b — skipping
10:40:26.108 [SerialProcessor ] INFO     serial_controller.serial_handler SerialProcessor: unknown type 0x1b — skipping
10:40:26.108 [SerialProcessor ] INFO     serial_controller.serial_handler SerialProcessor: unknown type 0x1b — skipping
10:40:26.133 [SerialProcessor ] INFO     serial_controller.serial_handler SerialProcessor: unknown type 0x1b — skipping
10:40:26.134 [SerialProcessor ] INFO     serial_controller.serial_handler SerialProcessor: unknown type 0x1b — skipping
10:40:26.160 [SerialProcessor ] INFO     serial_controller.serial_handler SerialProcessor: unknown type 0x1b — skipping
10:40:26.172 [SerialProcessor ] INFO     serial_controller.serial_handler SerialProcessor: unknown type 0x1b — skipping
10:40:26.173 [SerialProcessor ] INFO     serial_controller.serial_handler SerialProcessor: unknown type 0x1b — skipping
10:40:26.198 [SerialProcessor ] INFO     serial_controller.serial_handler SerialProcessor: unknown type 0x1b — skipping
10:40:26.199 [SerialProcessor ] INFO     serial_controller.serial_handler SerialProcessor: unknown type 0x1b — skipping
10:40:26.224 [SerialProcessor ] INFO     serial_controller.serial_handler SerialProcessor: unknown type 0x1b — skipping
10:40:26.224 [SerialProcessor ] INFO     serial_controller.serial_handler SerialProcessor: unknown type 0x1b — skipping
10:40:26.249 [SerialProcessor ] INFO     serial_controller.serial_handler SerialProcessor: unknown type 0x1b — skipping
10:40:26.262 [SerialProcessor ] INFO     serial_controller.serial_handler SerialProcessor: unknown type 0x1b — skipping
10:40:26.262 [SerialProcessor ] INFO     serial_controller.serial_handler SerialProcessor: unknown type 0x1b — skipping
10:40:26.288 [SerialProcessor ] INFO     serial_controller.serial_handler SerialProcessor: unknown type 0x1b — skipping
10:40:26.288 [SerialProcessor ] INFO     serial_controller.serial_handler SerialProcessor: unknown type 0x1b — skipping
10:40:26.314 [SerialProcessor ] INFO     serial_controller.serial_handler SerialProcessor: unknown type 0x1b — skipping
10:40:26.314 [SerialProcessor ] INFO     serial_controller.serial_handler SerialProcessor: unknown type 0x1b — skipping
10:40:26.342 [SerialProcessor ] INFO     serial_controller.serial_handler SerialProcessor: unknown type 0x1b — skipping
10:40:26.343 [SerialProcessor ] INFO     serial_controller.serial_handler SerialProcessor: unknown type 0x1b — skipping
10:40:26.365 [SerialProcessor ] INFO     serial_controller.serial_handler SerialProcessor: unknown type 0x1b — skipping
10:40:26.378 [SerialProcessor ] INFO     serial_controller.serial_handler SerialProcessor: unknown type 0x1b — skipping
10:40:26.378 [SerialProcessor ] INFO     serial_controller.serial_handler SerialProcessor: unknown type 0x1b — skipping
10:40:26.404 [SerialProcessor ] INFO     serial_controller.serial_handler SerialProcessor: unknown type 0x1b — skipping
10:40:26.404 [SerialProcessor ] INFO     serial_controller.serial_handler SerialProcessor: unknown type 0x1b — skipping
10:40:26.429 [SerialProcessor ] INFO     serial_controller.serial_handler SerialProcessor: unknown type 0x1b — skipping
10:40:26.430 [SerialProcessor ] INFO     serial_controller.serial_handler SerialProcessor: unknown type 0x1b — skipping
10:40:26.455 [SerialProcessor ] INFO     serial_controller.serial_handler SerialProcessor: unknown type 0x1b — skipping
10:40:26.468 [SerialProcessor ] INFO     serial_controller.serial_handler SerialProcessor: unknown type 0x1b — skipping
10:40:26.468 [SerialProcessor ] INFO     serial_controller.serial_handler SerialProcessor: unknown type 0x1b — skipping
10:40:26.494 [SerialProcessor ] INFO     serial_controller.serial_handler SerialProcessor: unknown type 0x1b — skipping
10:40:26.494 [SerialProcessor ] INFO     serial_controller.serial_handler SerialProcessor: unknown type 0x1b — skipping
10:40:26.519 [SerialProcessor ] INFO     serial_controller.serial_handler SerialProcessor: unknown type 0x1b — skipping
10:40:26.520 [SerialProcessor ] INFO     serial_controller.serial_handler SerialProcessor: unknown type 0x1b — skipping
10:40:26.545 [SerialProcessor ] INFO     serial_controller.serial_handler SerialProcessor: unknown type 0x1b — skipping
10:40:26.545 [SerialProcessor ] INFO     serial_controller.serial_handler SerialProcessor: unknown type 0x1b — skipping
10:40:26.571 [SerialProcessor ] INFO     serial_controller.serial_handler SerialProcessor: unknown type 0x1b — skipping
10:40:26.584 [SerialProcessor ] INFO     serial_controller.serial_handler SerialProcessor: unknown type 0x1b — skipping
10:40:26.585 [SerialProcessor ] INFO     serial_controller.serial_handler SerialProcessor: unknown type 0x1b — skipping
10:40:26.609 [SerialProcessor ] INFO     serial_controller.serial_handler SerialProcessor: unknown type 0x1b — skipping
10:40:26.610 [SerialProcessor ] INFO     serial_controller.serial_handler SerialProcessor: unknown type 0x1b — skipping
10:40:26.635 [SerialProcessor ] INFO     serial_controller.serial_handler SerialProcessor: unknown type 0x1b — skipping
10:40:26.636 [SerialProcessor ] INFO     serial_controller.serial_handler SerialProcessor: unknown type 0x1b — skipping
10:40:26.661 [SerialProcessor ] INFO     serial_controller.serial_handler SerialProcessor: unknown type 0x1b — skipping
10:40:26.674 [SerialProcessor ] INFO     serial_controller.serial_handler SerialProcessor: unknown type 0x1b — skipping
10:40:26.675 [SerialProcessor ] INFO     serial_controller.serial_handler SerialProcessor: unknown type 0x1b — skipping
10:40:26.700 [SerialProcessor ] INFO     serial_controller.serial_handler SerialProcessor: unknown type 0x1b — skipping
10:40:26.700 [SerialProcessor ] INFO     serial_controller.serial_handler SerialProcessor: unknown type 0x1b — skipping
10:40:26.725 [SerialProcessor ] INFO     serial_controller.serial_handler SerialProcessor: unknown type 0x1b — skipping
10:40:26.726 [SerialProcessor ] INFO     serial_controller.serial_handler SerialProcessor: unknown type 0x1b — skipping
10:40:26.751 [SerialProcessor ] INFO     serial_controller.serial_handler SerialProcessor: unknown type 0x1b — skipping
10:40:26.751 [SerialProcessor ] INFO     serial_controller.serial_handler SerialProcessor: unknown type 0x1b — skipping
10:40:26.777 [SerialProcessor ] INFO     serial_controller.serial_handler SerialProcessor: unknown type 0x1b — skipping
10:40:26.789 [SerialProcessor ] INFO     serial_controller.serial_handler SerialProcessor: unknown type 0x1b — skipping
10:40:26.790 [SerialProcessor ] INFO     serial_controller.serial_handler SerialProcessor: unknown type 0x1b — skipping
10:40:26.815 [SerialProcessor ] INFO     serial_controller.serial_handler SerialProcessor: unknown type 0x1b — skipping
10:40:26.816 [SerialProcessor ] INFO     serial_controller.serial_handler SerialProcessor: unknown type 0x1b — skipping
10:40:26.842 [SerialProcessor ] INFO     serial_controller.serial_handler SerialProcessor: unknown type 0x1b — skipping
10:40:26.842 [SerialProcessor ] INFO     serial_controller.serial_handler SerialProcessor: unknown type 0x1b — skipping
10:40:26.867 [SerialProcessor ] INFO     serial_controller.serial_handler SerialProcessor: unknown type 0x1b — skipping
10:40:26.880 [SerialProcessor ] INFO     serial_controller.serial_handler SerialProcessor: unknown type 0x1b — skipping
10:40:26.880 [SerialProcessor ] INFO     serial_controller.serial_handler SerialProcessor: unknown type 0x1b — skipping
10:40:26.905 [SerialProcessor ] INFO     serial_controller.serial_handler SerialProcessor: unknown type 0x1b — skipping
10:40:26.906 [SerialProcessor ] INFO     serial_controller.serial_handler SerialProcessor: unknown type 0x1b — skipping
10:40:26.931 [SerialProcessor ] INFO     serial_controller.serial_handler SerialProcessor: unknown type 0x1b — skipping
10:40:26.932 [SerialProcessor ] INFO     serial_controller.serial_handler SerialProcessor: unknown type 0x1b — skipping
10:40:26.957 [SerialProcessor ] INFO     serial_controller.serial_handler SerialProcessor: unknown type 0x1b — skipping
10:40:26.958 [SerialProcessor ] INFO     serial_controller.serial_handler SerialProcessor: unknown type 0x1b — skipping
10:40:26.983 [SerialProcessor ] INFO     serial_controller.serial_handler SerialProcessor: unknown type 0x1b — skipping
10:40:26.996 [SerialProcessor ] INFO     serial_controller.serial_handler SerialProcessor: unknown type 0x1b — skipping
10:40:26.996 [SerialProcessor ] INFO     serial_controller.serial_handler SerialProcessor: unknown type 0x1b — skipping
10:40:27.021 [SerialProcessor ] INFO     serial_controller.serial_handler SerialProcessor: unknown type 0x1b — skipping
10:40:27.022 [SerialProcessor ] INFO     serial_controller.serial_handler SerialProcessor: unknown type 0x1b — skipping
10:40:27.047 [SerialProcessor ] INFO     serial_controller.serial_handler SerialProcessor: unknown type 0x1b — skipping
10:40:27.047 [SerialProcessor ] INFO     serial_controller.serial_handler SerialProcessor: unknown type 0x1b — skipping
10:40:27.073 [SerialProcessor ] INFO     serial_controller.serial_handler SerialProcessor: unknown type 0x1b — skipping
10:40:27.085 [SerialProcessor ] INFO     serial_controller.serial_handler SerialProcessor: unknown type 0x1b — skipping
10:40:27.086 [SerialProcessor ] INFO     serial_controller.serial_handler SerialProcessor: unknown type 0x1b — skipping
10:40:27.111 [SerialProcessor ] INFO     serial_controller.serial_handler SerialProcessor: unknown type 0x1b — skipping
10:40:27.112 [SerialProcessor ] INFO     serial_controller.serial_handler SerialProcessor: unknown type 0x1b — skipping
10:40:27.137 [SerialProcessor ] INFO     serial_controller.serial_handler SerialProcessor: unknown type 0x1b — skipping
10:40:27.137 [SerialProcessor ] INFO     serial_controller.serial_handler SerialProcessor: unknown type 0x1b — skipping
10:40:27.163 [SerialProcessor ] INFO     serial_controller.serial_handler SerialProcessor: unknown type 0x1b — skipping
10:40:27.163 [SerialProcessor ] INFO     serial_controller.serial_handler SerialProcessor: unknown type 0x1b — skipping
10:40:27.188 [SerialProcessor ] INFO     serial_controller.serial_handler SerialProcessor: unknown type 0x1b — skipping
10:40:27.201 [SerialProcessor ] INFO     serial_controller.serial_handler SerialProcessor: unknown type 0x1b — skipping
10:40:27.202 [SerialProcessor ] INFO     serial_controller.serial_handler SerialProcessor: unknown type 0x1b — skipping
10:40:27.227 [SerialProcessor ] INFO     serial_controller.serial_handler SerialProcessor: unknown type 0x1b — skipping
10:40:27.227 [SerialProcessor ] INFO     serial_controller.serial_handler SerialProcessor: unknown type 0x1b — skipping
10:40:27.253 [SerialProcessor ] INFO     serial_controller.serial_handler SerialProcessor: unknown type 0x1b — skipping
10:40:27.253 [SerialProcessor ] INFO     serial_controller.serial_handler SerialProcessor: unknown type 0x1b — skipping
10:40:27.280 [SerialProcessor ] INFO     serial_controller.serial_handler SerialProcessor: unknown type 0x1b — skipping
10:40:27.291 [SerialProcessor ] INFO     serial_controller.serial_handler SerialProcessor: unknown type 0x1b — skipping
10:40:27.292 [SerialProcessor ] INFO     serial_controller.serial_handler SerialProcessor: unknown type 0x1b — skipping
10:40:27.317 [SerialProcessor ] INFO     serial_controller.serial_handler SerialProcessor: unknown type 0x1b — skipping
10:40:27.317 [SerialProcessor ] INFO     serial_controller.serial_handler SerialProcessor: unknown type 0x1b — skipping
10:40:27.343 [SerialProcessor ] INFO     serial_controller.serial_handler SerialProcessor: unknown type 0x1b — skipping
10:40:27.343 [SerialProcessor ] INFO     serial_controller.serial_handler SerialProcessor: unknown type 0x1b — skipping
10:40:27.368 [SerialProcessor ] INFO     serial_controller.serial_handler SerialProcessor: unknown type 0x1b — skipping
10:40:27.369 [SerialProcessor ] INFO     serial_controller.serial_handler SerialProcessor: unknown type 0x1b — skipping
10:40:27.394 [SerialProcessor ] INFO     serial_controller.serial_handler SerialProcessor: unknown type 0x1b — skipping
10:40:27.407 [SerialProcessor ] INFO     serial_controller.serial_handler SerialProcessor: unknown type 0x1b — skipping
10:40:27.408 [SerialProcessor ] INFO     serial_controller.serial_handler SerialProcessor: unknown type 0x1b — skipping
10:40:27.433 [SerialProcessor ] INFO     serial_controller.serial_handler SerialProcessor: unknown type 0x1b — skipping
10:40:27.433 [SerialProcessor ] INFO     serial_controller.serial_handler SerialProcessor: unknown type 0x1b — skipping
10:40:27.459 [SerialProcessor ] INFO     serial_controller.serial_handler SerialProcessor: unknown type 0x1b — skipping
10:40:27.459 [SerialProcessor ] INFO     serial_controller.serial_handler SerialProcessor: unknown type 0x1b — skipping
10:40:27.484 [SerialProcessor ] INFO     serial_controller.serial_handler SerialProcessor: unknown type 0x1b — skipping
10:40:27.497 [SerialProcessor ] INFO     serial_controller.serial_handler SerialProcessor: unknown type 0x1b — skipping
10:40:27.498 [SerialProcessor ] INFO     serial_controller.serial_handler SerialProcessor: unknown type 0x1b — skipping
10:40:27.523 [SerialProcessor ] INFO     serial_controller.serial_handler SerialProcessor: unknown type 0x1b — skipping
10:40:27.523 [SerialProcessor ] INFO     serial_controller.serial_handler SerialProcessor: unknown type 0x1b — skipping
10:40:27.549 [SerialProcessor ] INFO     serial_controller.serial_handler SerialProcessor: unknown type 0x1b — skipping
10:40:27.550 [SerialProcessor ] INFO     serial_controller.serial_handler SerialProcessor: unknown type 0x1b — skipping
10:40:27.574 [SerialProcessor ] INFO     serial_controller.serial_handler SerialProcessor: unknown type 0x1b — skipping
10:40:27.575 [SerialProcessor ] INFO     serial_controller.serial_handler SerialProcessor: unknown type 0x1b — skipping
10:40:27.600 [SerialProcessor ] INFO     serial_controller.serial_handler SerialProcessor: unknown type 0x1b — skipping
10:40:27.613 [SerialProcessor ] INFO     serial_controller.serial_handler SerialProcessor: unknown type 0x1b — skipping
10:40:27.613 [SerialProcessor ] INFO     serial_controller.serial_handler SerialProcessor: unknown type 0x1b — skipping
10:40:27.639 [SerialProcessor ] INFO     serial_controller.serial_handler SerialProcessor: unknown type 0x1b — skipping
10:40:27.639 [SerialProcessor ] INFO     serial_controller.serial_handler SerialProcessor: unknown type 0x1b — skipping
10:40:27.664 [SerialProcessor ] INFO     serial_controller.serial_handler SerialProcessor: unknown type 0x1b — skipping
10:40:27.664 [SerialProcessor ] INFO     serial_controller.serial_handler SerialProcessor: unknown type 0x1b — skipping
10:40:27.690 [SerialProcessor ] INFO     serial_controller.serial_handler SerialProcessor: unknown type 0x1b — skipping
10:40:27.703 [SerialProcessor ] INFO     serial_controller.serial_handler SerialProcessor: unknown type 0x1b — skipping
10:40:27.703 [SerialProcessor ] INFO     serial_controller.serial_handler SerialProcessor: unknown type 0x1b — skipping
10:40:27.729 [SerialProcessor ] INFO     serial_controller.serial_handler SerialProcessor: unknown type 0x1b — skipping
10:40:27.729 [SerialProcessor ] INFO     serial_controller.serial_handler SerialProcessor: unknown type 0x1b — skipping
10:40:27.754 [SerialProcessor ] INFO     serial_controller.serial_handler SerialProcessor: unknown type 0x1b — skipping
10:40:27.755 [SerialProcessor ] INFO     serial_controller.serial_handler SerialProcessor: unknown type 0x1b — skipping
10:40:27.780 [SerialProcessor ] INFO     serial_controller.serial_handler SerialProcessor: unknown type 0x1b — skipping
10:40:27.781 [SerialProcessor ] INFO     serial_controller.serial_handler SerialProcessor: unknown type 0x1b — skipping
10:40:27.806 [SerialProcessor ] INFO     serial_controller.serial_handler SerialProcessor: unknown type 0x1b — skipping
10:40:27.819 [SerialProcessor ] INFO     serial_controller.serial_handler SerialProcessor: unknown type 0x1b — skipping
10:40:27.819 [SerialProcessor ] INFO     serial_controller.serial_handler SerialProcessor: unknown type 0x1b — skipping
10:40:27.844 [SerialProcessor ] INFO     serial_controller.serial_handler SerialProcessor: unknown type 0x1b — skipping
10:40:27.846 [SerialProcessor ] INFO     serial_controller.serial_handler SerialProcessor: unknown type 0x1b — skipping
10:40:27.870 [SerialProcessor ] INFO     serial_controller.serial_handler SerialProcessor: unknown type 0x1b — skipping
10:40:27.870 [SerialProcessor ] INFO     serial_controller.serial_handler SerialProcessor: unknown type 0x1b — skipping
10:40:27.896 [SerialProcessor ] INFO     serial_controller.serial_handler SerialProcessor: unknown type 0x1b — skipping
10:40:27.909 [SerialProcessor ] INFO     serial_controller.serial_handler SerialProcessor: unknown type 0x1b — skipping
10:40:27.910 [SerialProcessor ] INFO     serial_controller.serial_handler SerialProcessor: unknown type 0x1b — skipping
10:40:27.934 [SerialProcessor ] INFO     serial_controller.serial_handler SerialProcessor: unknown type 0x1b — skipping
10:40:27.935 [SerialProcessor ] INFO     serial_controller.serial_handler SerialProcessor: unknown type 0x1b — skipping
10:40:27.960 [SerialProcessor ] INFO     serial_controller.serial_handler SerialProcessor: unknown type 0x1b — skipping
10:40:27.961 [SerialProcessor ] INFO     serial_controller.serial_handler SerialProcessor: unknown type 0x1b — skipping
10:40:27.986 [SerialProcessor ] INFO     serial_controller.serial_handler SerialProcessor: unknown type 0x1b — skipping
10:40:27.986 [SerialProcessor ] INFO     serial_controller.serial_handler SerialProcessor: unknown type 0x1b — skipping
10:40:28.012 [SerialProcessor ] INFO     serial_controller.serial_handler SerialProcessor: unknown type 0x1b — skipping
10:40:28.024 [SerialProcessor ] INFO     serial_controller.serial_handler SerialProcessor: unknown type 0x1b — skipping
10:40:28.025 [SerialProcessor ] INFO     serial_controller.serial_handler SerialProcessor: unknown type 0x1b — skipping
10:40:28.050 [SerialProcessor ] INFO     serial_controller.serial_handler SerialProcessor: unknown type 0x1b — skipping
10:40:28.050 [SerialProcessor ] INFO     serial_controller.serial_handler SerialProcessor: unknown type 0x1b — skipping
10:40:28.076 [SerialProcessor ] INFO     serial_controller.serial_handler SerialProcessor: unknown type 0x1b — skipping
10:40:28.076 [SerialProcessor ] INFO     serial_controller.serial_handler SerialProcessor: unknown type 0x1b — skipping
10:40:28.102 [SerialProcessor ] INFO     serial_controller.serial_handler SerialProcessor: unknown type 0x1b — skipping
10:40:28.114 [SerialProcessor ] INFO     serial_controller.serial_handler SerialProcessor: unknown type 0x1b — skipping
10:40:28.115 [SerialProcessor ] INFO     serial_controller.serial_handler SerialProcessor: unknown type 0x1b — skipping
10:40:28.140 [SerialProcessor ] INFO     serial_controller.serial_handler SerialProcessor: unknown type 0x1b — skipping
10:40:28.141 [SerialProcessor ] INFO     serial_controller.serial_handler SerialProcessor: unknown type 0x1b — skipping
10:40:28.166 [SerialProcessor ] INFO     serial_controller.serial_handler SerialProcessor: unknown type 0x1b — skipping
10:40:28.195 [SerialProcessor ] INFO     serial_controller.serial_handler SerialProcessor: unknown type 0x1b — skipping
10:40:28.199 [SerialProcessor ] INFO     serial_controller.serial_handler SerialProcessor: unknown type 0x1b — skipping
10:40:28.242 [SerialProcessor ] INFO     serial_controller.serial_handler SerialProcessor: unknown type 0x1b — skipping
10:40:28.250 [SerialProcessor ] INFO     serial_controller.serial_handler SerialProcessor: unknown type 0x1b — skipping
10:40:28.251 [SerialProcessor ] INFO     serial_controller.serial_handler SerialProcessor: unknown type 0x1b — skipping
10:40:28.253 [SerialProcessor ] INFO     serial_controller.serial_handler SerialProcessor: unknown type 0x1b — skipping
10:40:28.256 [SerialProcessor ] INFO     serial_controller.serial_handler SerialProcessor: unknown type 0x1b — skipping
10:40:28.256 [SerialProcessor ] INFO     serial_controller.serial_handler SerialProcessor: unknown type 0x1b — skipping
10:40:28.282 [SerialProcessor ] INFO     serial_controller.serial_handler SerialProcessor: unknown type 0x1b — skipping
10:40:28.282 [SerialProcessor ] INFO     serial_controller.serial_handler SerialProcessor: unknown type 0x1b — skipping
10:40:28.307 [SerialProcessor ] INFO     serial_controller.serial_handler SerialProcessor: unknown type 0x1b — skipping
10:40:28.320 [SerialProcessor ] INFO     serial_controller.serial_handler SerialProcessor: unknown type 0x1b — skipping
10:40:28.320 [SerialProcessor ] INFO     serial_controller.serial_handler SerialProcessor: unknown type 0x1b — skipping
10:40:28.346 [SerialProcessor ] INFO     serial_controller.serial_handler SerialProcessor: unknown type 0x1b — skipping
10:40:28.346 [SerialProcessor ] INFO     serial_controller.serial_handler SerialProcessor: unknown type 0x1b — skipping
10:40:28.372 [SerialProcessor ] INFO     serial_controller.serial_handler SerialProcessor: unknown type 0x1b — skipping
10:40:28.372 [SerialProcessor ] INFO     serial_controller.serial_handler SerialProcessor: unknown type 0x1b — skipping
10:40:28.397 [SerialProcessor ] INFO     serial_controller.serial_handler SerialProcessor: unknown type 0x1b — skipping
10:40:28.398 [SerialProcessor ] INFO     serial_controller.serial_handler SerialProcessor: unknown type 0x1b — skipping
10:40:28.423 [SerialProcessor ] INFO     serial_controller.serial_handler SerialProcessor: unknown type 0x1b — skipping
10:40:28.436 [SerialProcessor ] INFO     serial_controller.serial_handler SerialProcessor: unknown type 0x1b — skipping
10:40:28.436 [SerialProcessor ] INFO     serial_controller.serial_handler SerialProcessor: unknown type 0x1b — skipping
10:40:28.462 [SerialProcessor ] INFO     serial_controller.serial_handler SerialProcessor: unknown type 0x1b — skipping
10:40:28.462 [SerialProcessor ] INFO     serial_controller.serial_handler SerialProcessor: unknown type 0x1b — skipping
10:40:28.487 [SerialProcessor ] INFO     serial_controller.serial_handler SerialProcessor: unknown type 0x1b — skipping
10:40:28.488 [SerialProcessor ] INFO     serial_controller.serial_handler SerialProcessor: unknown type 0x1b — skipping
10:40:28.513 [SerialProcessor ] INFO     serial_controller.serial_handler SerialProcessor: unknown type 0x1b — skipping
10:40:28.526 [SerialProcessor ] INFO     serial_controller.serial_handler SerialProcessor: unknown type 0x1b — skipping
10:40:28.526 [SerialProcessor ] INFO     serial_controller.serial_handler SerialProcessor: unknown type 0x1b — skipping
10:40:28.552 [SerialProcessor ] INFO     serial_controller.serial_handler SerialProcessor: unknown type 0x1b — skipping
10:40:28.552 [SerialProcessor ] INFO     serial_controller.serial_handler SerialProcessor: unknown type 0x1b — skipping
10:40:28.578 [SerialProcessor ] INFO     serial_controller.serial_handler SerialProcessor: unknown type 0x1b — skipping
10:40:28.578 [SerialProcessor ] INFO     serial_controller.serial_handler SerialProcessor: unknown type 0x1b — skipping
10:40:28.603 [SerialProcessor ] INFO     serial_controller.serial_handler SerialProcessor: unknown type 0x1b — skipping
10:40:28.604 [SerialProcessor ] INFO     serial_controller.serial_handler SerialProcessor: unknown type 0x1b — skipping
10:40:28.629 [SerialProcessor ] INFO     serial_controller.serial_handler SerialProcessor: unknown type 0x1b — skipping
10:40:28.642 [SerialProcessor ] INFO     serial_controller.serial_handler SerialProcessor: unknown type 0x1b — skipping
10:40:28.642 [SerialProcessor ] INFO     serial_controller.serial_handler SerialProcessor: unknown type 0x1b — skipping
10:40:28.667 [SerialProcessor ] INFO     serial_controller.serial_handler SerialProcessor: unknown type 0x1b — skipping
10:40:28.668 [SerialProcessor ] INFO     serial_controller.serial_handler SerialProcessor: unknown type 0x1b — skipping
10:40:28.693 [SerialProcessor ] INFO     serial_controller.serial_handler SerialProcessor: unknown type 0x1b — skipping
10:40:28.694 [SerialProcessor ] INFO     serial_controller.serial_handler SerialProcessor: unknown type 0x1b — skipping
10:40:28.719 [SerialProcessor ] INFO     serial_controller.serial_handler SerialProcessor: unknown type 0x1b — skipping
10:40:28.732 [SerialProcessor ] INFO     serial_controller.serial_handler SerialProcessor: unknown type 0x1b — skipping
10:40:28.732 [SerialProcessor ] INFO     serial_controller.serial_handler SerialProcessor: unknown type 0x1b — skipping
10:40:28.758 [SerialProcessor ] INFO     serial_controller.serial_handler SerialProcessor: unknown type 0x1b — skipping
10:40:28.758 [SerialProcessor ] INFO     serial_controller.serial_handler SerialProcessor: unknown type 0x1b — skipping
10:40:28.783 [SerialProcessor ] INFO     serial_controller.serial_handler SerialProcessor: unknown type 0x1b — skipping
10:40:28.785 [SerialProcessor ] INFO     serial_controller.serial_handler SerialProcessor: unknown type 0x1b — skipping
10:40:28.809 [SerialProcessor ] INFO     serial_controller.serial_handler SerialProcessor: unknown type 0x1b — skipping
10:40:28.809 [SerialProcessor ] INFO     serial_controller.serial_handler SerialProcessor: unknown type 0x1b — skipping
10:40:28.835 [SerialProcessor ] INFO     serial_controller.serial_handler SerialProcessor: unknown type 0x1b — skipping
10:40:28.848 [SerialProcessor ] INFO     serial_controller.serial_handler SerialProcessor: unknown type 0x1b — skipping
10:40:28.848 [SerialProcessor ] INFO     serial_controller.serial_handler SerialProcessor: unknown type 0x1b — skipping
10:40:28.874 [SerialProcessor ] INFO     serial_controller.serial_handler SerialProcessor: unknown type 0x1b — skipping
10:40:28.874 [SerialProcessor ] INFO     serial_controller.serial_handler SerialProcessor: unknown type 0x1b — skipping
10:40:28.899 [SerialProcessor ] INFO     serial_controller.serial_handler SerialProcessor: unknown type 0x1b — skipping
10:40:28.899 [SerialProcessor ] INFO     serial_controller.serial_handler SerialProcessor: unknown type 0x1b — skipping
10:40:28.925 [SerialProcessor ] INFO     serial_controller.serial_handler SerialProcessor: unknown type 0x1b — skipping
10:40:28.938 [SerialProcessor ] INFO     serial_controller.serial_handler SerialProcessor: unknown type 0x1b — skipping
10:40:28.938 [SerialProcessor ] INFO     serial_controller.serial_handler SerialProcessor: unknown type 0x1b — skipping
10:40:28.964 [SerialProcessor ] INFO     serial_controller.serial_handler SerialProcessor: unknown type 0x1b — skipping
10:40:28.964 [SerialProcessor ] INFO     serial_controller.serial_handler SerialProcessor: unknown type 0x1b — skipping
10:40:28.990 [SerialProcessor ] INFO     serial_controller.serial_handler SerialProcessor: unknown type 0x1b — skipping
10:40:28.990 [SerialProcessor ] INFO     serial_controller.serial_handler SerialProcessor: unknown type 0x1b — skipping
10:40:29.015 [SerialProcessor ] INFO     serial_controller.serial_handler SerialProcessor: unknown type 0x1b — skipping
10:40:29.016 [SerialProcessor ] INFO     serial_controller.serial_handler SerialProcessor: unknown type 0x1b — skipping
10:40:29.042 [SerialProcessor ] INFO     serial_controller.serial_handler SerialProcessor: unknown type 0x1b — skipping
10:40:29.054 [SerialProcessor ] INFO     serial_controller.serial_handler SerialProcessor: unknown type 0x1b — skipping
10:40:29.055 [SerialProcessor ] INFO     serial_controller.serial_handler SerialProcessor: unknown type 0x1b — skipping
10:40:29.079 [SerialProcessor ] INFO     serial_controller.serial_handler SerialProcessor: unknown type 0x1b — skipping
10:40:29.080 [SerialProcessor ] INFO     serial_controller.serial_handler SerialProcessor: unknown type 0x1b — skipping
10:40:29.105 [SerialProcessor ] INFO     serial_controller.serial_handler SerialProcessor: unknown type 0x1b — skipping
10:40:29.106 [SerialProcessor ] INFO     serial_controller.serial_handler SerialProcessor: unknown type 0x1b — skipping
10:40:29.131 [SerialProcessor ] INFO     serial_controller.serial_handler SerialProcessor: unknown type 0x1b — skipping
10:40:29.144 [SerialProcessor ] INFO     serial_controller.serial_handler SerialProcessor: unknown type 0x1b — skipping
10:40:29.144 [SerialProcessor ] INFO     serial_controller.serial_handler SerialProcessor: unknown type 0x1b — skipping
10:40:29.170 [SerialProcessor ] INFO     serial_controller.serial_handler SerialProcessor: unknown type 0x1b — skipping
10:40:29.172 [SerialProcessor ] INFO     serial_controller.serial_handler SerialProcessor: unknown type 0x1b — skipping
10:40:29.196 [SerialProcessor ] INFO     serial_controller.serial_handler SerialProcessor: unknown type 0x1b — skipping
10:40:29.197 [SerialProcessor ] INFO     serial_controller.serial_handler SerialProcessor: unknown type 0x1b — skipping
10:40:29.221 [SerialProcessor ] INFO     serial_controller.serial_handler SerialProcessor: unknown type 0x1b — skipping
10:40:29.222 [SerialProcessor ] INFO     serial_controller.serial_handler SerialProcessor: unknown type 0x1b — skipping
10:40:29.247 [SerialProcessor ] INFO     serial_controller.serial_handler SerialProcessor: unknown type 0x1b — skipping
10:40:29.259 [SerialProcessor ] INFO     serial_controller.serial_handler SerialProcessor: unknown type 0x1b — skipping
10:40:29.260 [SerialProcessor ] INFO     serial_controller.serial_handler SerialProcessor: unknown type 0x1b — skipping
10:40:29.286 [SerialProcessor ] INFO     serial_controller.serial_handler SerialProcessor: unknown type 0x1b — skipping
10:40:29.286 [SerialProcessor ] INFO     serial_controller.serial_handler SerialProcessor: unknown type 0x1b — skipping
10:40:29.311 [SerialProcessor ] INFO     serial_controller.serial_handler SerialProcessor: unknown type 0x1b — skipping
10:40:29.311 [SerialProcessor ] INFO     serial_controller.serial_handler SerialProcessor: unknown type 0x1b — skipping
10:40:29.337 [SerialProcessor ] INFO     serial_controller.serial_handler SerialProcessor: unknown type 0x1b — skipping
10:40:29.350 [SerialProcessor ] INFO     serial_controller.serial_handler SerialProcessor: unknown type 0x1b — skipping
10:40:29.358 [SerialProcessor ] INFO     serial_controller.serial_handler SerialProcessor: unknown type 0x1b — skipping
10:40:29.375 [SerialProcessor ] INFO     serial_controller.serial_handler SerialProcessor: unknown type 0x1b — skipping
10:40:29.376 [SerialProcessor ] INFO     serial_controller.serial_handler SerialProcessor: unknown type 0x1b — skipping
10:40:29.401 [SerialProcessor ] INFO     serial_controller.serial_handler SerialProcessor: unknown type 0x1b — skipping
10:40:29.401 [SerialProcessor ] INFO     serial_controller.serial_handler SerialProcessor: unknown type 0x1b — skipping
10:40:29.427 [SerialProcessor ] INFO     serial_controller.serial_handler SerialProcessor: unknown type 0x1b — skipping
10:40:29.427 [SerialProcessor ] INFO     serial_controller.serial_handler SerialProcessor: unknown type 0x1b — skipping
10:40:29.453 [SerialProcessor ] INFO     serial_controller.serial_handler SerialProcessor: unknown type 0x1b — skipping
10:40:29.466 [SerialProcessor ] INFO     serial_controller.serial_handler SerialProcessor: unknown type 0x1b — skipping
10:40:29.467 [SerialProcessor ] INFO     serial_controller.serial_handler SerialProcessor: unknown type 0x1b — skipping
10:40:29.492 [SerialProcessor ] INFO     serial_controller.serial_handler SerialProcessor: unknown type 0x1b — skipping
10:40:29.493 [SerialProcessor ] INFO     serial_controller.serial_handler SerialProcessor: unknown type 0x1b — skipping
10:40:29.517 [SerialProcessor ] INFO     serial_controller.serial_handler SerialProcessor: unknown type 0x1b — skipping
10:40:29.518 [SerialProcessor ] INFO     serial_controller.serial_handler SerialProcessor: unknown type 0x1b — skipping
10:40:29.543 [SerialProcessor ] INFO     serial_controller.serial_handler SerialProcessor: unknown type 0x1b — skipping
10:40:29.555 [SerialProcessor ] INFO     serial_controller.serial_handler SerialProcessor: unknown type 0x1b — skipping
10:40:29.556 [SerialProcessor ] INFO     serial_controller.serial_handler SerialProcessor: unknown type 0x1b — skipping
10:40:29.581 [SerialProcessor ] INFO     serial_controller.serial_handler SerialProcessor: unknown type 0x1b — skipping
10:40:29.582 [SerialProcessor ] INFO     serial_controller.serial_handler SerialProcessor: unknown type 0x1b — skipping
10:40:29.607 [SerialProcessor ] INFO     serial_controller.serial_handler SerialProcessor: unknown type 0x1b — skipping
10:40:29.607 [SerialProcessor ] INFO     serial_controller.serial_handler SerialProcessor: unknown type 0x1b — skipping
10:40:29.633 [SerialProcessor ] INFO     serial_controller.serial_handler SerialProcessor: unknown type 0x1b — skipping
10:40:29.633 [SerialProcessor ] INFO     serial_controller.serial_handler SerialProcessor: unknown type 0x1b — skipping
10:40:29.658 [SerialProcessor ] INFO     serial_controller.serial_handler SerialProcessor: unknown type 0x1b — skipping
10:40:29.671 [SerialProcessor ] INFO     serial_controller.serial_handler SerialProcessor: unknown type 0x1b — skipping
10:40:29.672 [SerialProcessor ] INFO     serial_controller.serial_handler SerialProcessor: unknown type 0x1b — skipping
10:40:29.697 [SerialProcessor ] INFO     serial_controller.serial_handler SerialProcessor: unknown type 0x1b — skipping
10:40:29.697 [SerialProcessor ] INFO     serial_controller.serial_handler SerialProcessor: unknown type 0x1b — skipping
10:40:29.723 [SerialProcessor ] INFO     serial_controller.serial_handler SerialProcessor: unknown type 0x1b — skipping
10:40:29.725 [SerialProcessor ] INFO     serial_controller.serial_handler SerialProcessor: unknown type 0x1b — skipping
10:40:29.749 [SerialProcessor ] INFO     serial_controller.serial_handler SerialProcessor: unknown type 0x1b — skipping
10:40:29.761 [SerialProcessor ] INFO     serial_controller.serial_handler SerialProcessor: unknown type 0x1b — skipping
10:40:29.762 [SerialProcessor ] INFO     serial_controller.serial_handler SerialProcessor: unknown type 0x1b — skipping
10:40:29.788 [SerialProcessor ] INFO     serial_controller.serial_handler SerialProcessor: unknown type 0x1b — skipping
10:40:29.788 [SerialProcessor ] INFO     serial_controller.serial_handler SerialProcessor: unknown type 0x1b — skipping
10:40:29.813 [SerialProcessor ] INFO     serial_controller.serial_handler SerialProcessor: unknown type 0x1b — skipping
10:40:29.813 [SerialProcessor ] INFO     serial_controller.serial_handler SerialProcessor: unknown type 0x1b — skipping
10:40:29.839 [SerialProcessor ] INFO     serial_controller.serial_handler SerialProcessor: unknown type 0x1b — skipping
10:40:29.839 [SerialProcessor ] INFO     serial_controller.serial_handler SerialProcessor: unknown type 0x1b — skipping
10:40:29.864 [SerialProcessor ] INFO     serial_controller.serial_handler SerialProcessor: unknown type 0x1b — skipping
10:40:29.877 [SerialProcessor ] INFO     serial_controller.serial_handler SerialProcessor: unknown type 0x1b — skipping
10:40:29.878 [SerialProcessor ] INFO     serial_controller.serial_handler SerialProcessor: unknown type 0x1b — skipping
10:40:29.903 [SerialProcessor ] INFO     serial_controller.serial_handler SerialProcessor: unknown type 0x1b — skipping
10:40:29.903 [SerialProcessor ] INFO     serial_controller.serial_handler SerialProcessor: unknown type 0x1b — skipping
10:40:29.929 [SerialProcessor ] INFO     serial_controller.serial_handler SerialProcessor: unknown type 0x1b — skipping
10:40:29.929 [SerialProcessor ] INFO     serial_controller.serial_handler SerialProcessor: unknown type 0x1b — skipping
10:40:29.954 [SerialProcessor ] INFO     serial_controller.serial_handler SerialProcessor: unknown type 0x1b — skipping
10:40:29.967 [SerialProcessor ] INFO     serial_controller.serial_handler SerialProcessor: unknown type 0x1b — skipping
10:40:29.968 [SerialProcessor ] INFO     serial_controller.serial_handler SerialProcessor: unknown type 0x1b — skipping
10:40:29.993 [SerialProcessor ] INFO     serial_controller.serial_handler SerialProcessor: unknown type 0x1b — skipping
10:40:29.993 [SerialProcessor ] INFO     serial_controller.serial_handler SerialProcessor: unknown type 0x1b — skipping
10:40:30.019 [SerialProcessor ] INFO     serial_controller.serial_handler SerialProcessor: unknown type 0x1b — skipping
10:40:30.019 [SerialProcessor ] INFO     serial_controller.serial_handler SerialProcessor: unknown type 0x1b — skipping
10:40:30.044 [SerialProcessor ] INFO     serial_controller.serial_handler SerialProcessor: unknown type 0x1b — skipping
10:40:30.045 [SerialProcessor ] INFO     serial_controller.serial_handler SerialProcessor: unknown type 0x1b — skipping
10:40:30.070 [SerialProcessor ] INFO     serial_controller.serial_handler SerialProcessor: unknown type 0x1b — skipping
10:40:30.083 [SerialProcessor ] INFO     serial_controller.serial_handler SerialProcessor: unknown type 0x1b — skipping
10:40:30.083 [SerialProcessor ] INFO     serial_controller.serial_handler SerialProcessor: unknown type 0x1b — skipping
10:40:30.109 [SerialProcessor ] INFO     serial_controller.serial_handler SerialProcessor: unknown type 0x1b — skipping
10:40:30.111 [SerialProcessor ] INFO     serial_controller.serial_handler SerialProcessor: unknown type 0x1b — skipping
10:40:30.135 [SerialProcessor ] INFO     serial_controller.serial_handler SerialProcessor: unknown type 0x1b — skipping
10:40:30.136 [SerialProcessor ] INFO     serial_controller.serial_handler SerialProcessor: unknown type 0x1b — skipping
10:40:30.163 [SerialProcessor ] INFO     serial_controller.serial_handler SerialProcessor: unknown type 0x1b — skipping
10:40:30.173 [SerialProcessor ] INFO     serial_controller.serial_handler SerialProcessor: unknown type 0x1b — skipping
10:40:30.174 [SerialProcessor ] INFO     serial_controller.serial_handler SerialProcessor: unknown type 0x1b — skipping
10:40:30.199 [SerialProcessor ] INFO     serial_controller.serial_handler SerialProcessor: unknown type 0x1b — skipping
10:40:30.200 [SerialProcessor ] INFO     serial_controller.serial_handler SerialProcessor: unknown type 0x1b — skipping
10:40:30.225 [SerialProcessor ] INFO     serial_controller.serial_handler SerialProcessor: unknown type 0x1b — skipping
10:40:30.228 [SerialProcessor ] INFO     serial_controller.serial_handler SerialProcessor: unknown type 0x1b — skipping
10:40:30.250 [SerialProcessor ] INFO     serial_controller.serial_handler SerialProcessor: unknown type 0x1b — skipping
10:40:30.251 [SerialProcessor ] INFO     serial_controller.serial_handler SerialProcessor: unknown type 0x1b — skipping
10:40:30.276 [SerialProcessor ] INFO     serial_controller.serial_handler SerialProcessor: unknown type 0x1b — skipping
10:40:30.289 [SerialProcessor ] INFO     serial_controller.serial_handler SerialProcessor: unknown type 0x1b — skipping
10:40:30.290 [SerialProcessor ] INFO     serial_controller.serial_handler SerialProcessor: unknown type 0x1b — skipping
10:40:30.315 [SerialProcessor ] INFO     serial_controller.serial_handler SerialProcessor: unknown type 0x1b — skipping
10:40:30.316 [SerialProcessor ] INFO     serial_controller.serial_handler SerialProcessor: unknown type 0x1b — skipping
10:40:30.341 [SerialProcessor ] INFO     serial_controller.serial_handler SerialProcessor: unknown type 0x1b — skipping
10:40:30.341 [SerialProcessor ] INFO     serial_controller.serial_handler SerialProcessor: unknown type 0x1b — skipping
10:40:30.366 [SerialProcessor ] INFO     serial_controller.serial_handler SerialProcessor: unknown type 0x1b — skipping
10:40:30.379 [SerialProcessor ] INFO     serial_controller.serial_handler SerialProcessor: unknown type 0x1b — skipping
10:40:30.380 [SerialProcessor ] INFO     serial_controller.serial_handler SerialProcessor: unknown type 0x1b — skipping
10:40:30.405 [SerialProcessor ] INFO     serial_controller.serial_handler SerialProcessor: unknown type 0x1b — skipping
10:40:30.406 [SerialProcessor ] INFO     serial_controller.serial_handler SerialProcessor: unknown type 0x1b — skipping
10:40:30.431 [SerialProcessor ] INFO     serial_controller.serial_handler SerialProcessor: unknown type 0x1b — skipping
10:40:30.432 [SerialProcessor ] INFO     serial_controller.serial_handler SerialProcessor: unknown type 0x1b — skipping
10:40:30.456 [SerialProcessor ] INFO     serial_controller.serial_handler SerialProcessor: unknown type 0x1b — skipping
10:40:30.457 [SerialProcessor ] INFO     serial_controller.serial_handler SerialProcessor: unknown type 0x1b — skipping
10:40:30.482 [SerialProcessor ] INFO     serial_controller.serial_handler SerialProcessor: unknown type 0x1b — skipping
10:40:30.495 [SerialProcessor ] INFO     serial_controller.serial_handler SerialProcessor: unknown type 0x1b — skipping
10:40:30.495 [SerialProcessor ] INFO     serial_controller.serial_handler SerialProcessor: unknown type 0x1b — skipping
10:40:30.521 [SerialProcessor ] INFO     serial_controller.serial_handler SerialProcessor: unknown type 0x1b — skipping
10:40:30.521 [SerialProcessor ] INFO     serial_controller.serial_handler SerialProcessor: unknown type 0x1b — skipping
10:40:30.546 [SerialProcessor ] INFO     serial_controller.serial_handler SerialProcessor: unknown type 0x1b — skipping
10:40:30.547 [SerialProcessor ] INFO     serial_controller.serial_handler SerialProcessor: unknown type 0x1b — skipping
10:40:30.572 [SerialProcessor ] INFO     serial_controller.serial_handler SerialProcessor: unknown type 0x1b — skipping
10:40:30.585 [SerialProcessor ] INFO     serial_controller.serial_handler SerialProcessor: unknown type 0x1b — skipping
10:40:30.585 [SerialProcessor ] INFO     serial_controller.serial_handler SerialProcessor: unknown type 0x1b — skipping
10:40:30.611 [SerialProcessor ] INFO     serial_controller.serial_handler SerialProcessor: unknown type 0x1b — skipping
10:40:30.611 [SerialProcessor ] INFO     serial_controller.serial_handler SerialProcessor: unknown type 0x1b — skipping
10:40:30.636 [SerialProcessor ] INFO     serial_controller.serial_handler SerialProcessor: unknown type 0x1b — skipping
10:40:30.637 [SerialProcessor ] INFO     serial_controller.serial_handler SerialProcessor: unknown type 0x1b — skipping
10:40:30.665 [SerialProcessor ] INFO     serial_controller.serial_handler SerialProcessor: unknown type 0x1b — skipping
10:40:30.667 [SerialProcessor ] INFO     serial_controller.serial_handler SerialProcessor: unknown type 0x1b — skipping
10:40:30.688 [SerialProcessor ] INFO     serial_controller.serial_handler SerialProcessor: unknown type 0x1b — skipping
10:40:30.701 [SerialProcessor ] INFO     serial_controller.serial_handler SerialProcessor: unknown type 0x1b — skipping
10:40:30.701 [SerialProcessor ] INFO     serial_controller.serial_handler SerialProcessor: unknown type 0x1b — skipping
10:40:30.727 [SerialProcessor ] INFO     serial_controller.serial_handler SerialProcessor: unknown type 0x1b — skipping
10:40:30.728 [SerialProcessor ] INFO     serial_controller.serial_handler SerialProcessor: unknown type 0x1b — skipping
10:40:30.752 [SerialProcessor ] INFO     serial_controller.serial_handler SerialProcessor: unknown type 0x1b — skipping
10:40:30.753 [SerialProcessor ] INFO     serial_controller.serial_handler SerialProcessor: unknown type 0x1b — skipping
10:40:30.778 [SerialProcessor ] INFO     serial_controller.serial_handler SerialProcessor: unknown type 0x1b — skipping
10:40:30.791 [SerialProcessor ] INFO     serial_controller.serial_handler SerialProcessor: unknown type 0x1b — skipping
10:40:30.791 [SerialProcessor ] INFO     serial_controller.serial_handler SerialProcessor: unknown type 0x1b — skipping
10:40:30.817 [SerialProcessor ] INFO     serial_controller.serial_handler SerialProcessor: unknown type 0x1b — skipping
10:40:30.817 [SerialProcessor ] INFO     serial_controller.serial_handler SerialProcessor: unknown type 0x1b — skipping
10:40:30.842 [SerialProcessor ] INFO     serial_controller.serial_handler SerialProcessor: unknown type 0x1b — skipping
10:40:30.843 [SerialProcessor ] INFO     serial_controller.serial_handler SerialProcessor: unknown type 0x1b — skipping
10:40:30.868 [SerialProcessor ] INFO     serial_controller.serial_handler SerialProcessor: unknown type 0x1b — skipping
10:40:30.868 [SerialProcessor ] INFO     serial_controller.serial_handler SerialProcessor: unknown type 0x1b — skipping
10:40:30.894 [SerialProcessor ] INFO     serial_controller.serial_handler SerialProcessor: unknown type 0x1b — skipping
10:40:30.907 [SerialProcessor ] INFO     serial_controller.serial_handler SerialProcessor: unknown type 0x1b — skipping
10:40:30.907 [SerialProcessor ] INFO     serial_controller.serial_handler SerialProcessor: unknown type 0x1b — skipping
10:40:30.932 [SerialProcessor ] INFO     serial_controller.serial_handler SerialProcessor: unknown type 0x1b — skipping
10:40:30.933 [SerialProcessor ] INFO     serial_controller.serial_handler SerialProcessor: unknown type 0x1b — skipping
10:40:30.958 [SerialProcessor ] INFO     serial_controller.serial_handler SerialProcessor: unknown type 0x1b — skipping
10:40:30.958 [SerialProcessor ] INFO     serial_controller.serial_handler SerialProcessor: unknown type 0x1b — skipping
10:40:30.984 [SerialProcessor ] INFO     serial_controller.serial_handler SerialProcessor: unknown type 0x1b — skipping
10:40:30.996 [SerialProcessor ] INFO     serial_controller.serial_handler SerialProcessor: unknown type 0x1b — skipping
10:40:30.997 [SerialProcessor ] INFO     serial_controller.serial_handler SerialProcessor: unknown type 0x1b — skipping
10:40:31.022 [SerialProcessor ] INFO     serial_controller.serial_handler SerialProcessor: unknown type 0x1b — skipping
10:40:31.023 [SerialProcessor ] INFO     serial_controller.serial_handler SerialProcessor: unknown type 0x1b — skipping
10:40:31.048 [SerialProcessor ] INFO     serial_controller.serial_handler SerialProcessor: unknown type 0x1b — skipping
10:40:31.049 [SerialProcessor ] INFO     serial_controller.serial_handler SerialProcessor: unknown type 0x1b — skipping
10:40:31.074 [SerialProcessor ] INFO     serial_controller.serial_handler SerialProcessor: unknown type 0x1b — skipping
10:40:31.075 [SerialProcessor ] INFO     serial_controller.serial_handler SerialProcessor: unknown type 0x1b — skipping
10:40:31.102 [SerialProcessor ] INFO     serial_controller.serial_handler SerialProcessor: unknown type 0x1b — skipping
10:40:31.112 [SerialProcessor ] INFO     serial_controller.serial_handler SerialProcessor: unknown type 0x1b — skipping
10:40:31.113 [SerialProcessor ] INFO     serial_controller.serial_handler SerialProcessor: unknown type 0x1b — skipping
10:40:31.138 [SerialProcessor ] INFO     serial_controller.serial_handler SerialProcessor: unknown type 0x1b — skipping
10:40:31.139 [SerialProcessor ] INFO     serial_controller.serial_handler SerialProcessor: unknown type 0x1b — skipping
10:40:31.164 [SerialProcessor ] INFO     serial_controller.serial_handler SerialProcessor: unknown type 0x1b — skipping
10:40:31.165 [SerialProcessor ] INFO     serial_controller.serial_handler SerialProcessor: unknown type 0x1b — skipping
10:40:31.189 [SerialProcessor ] INFO     serial_controller.serial_handler SerialProcessor: unknown type 0x1b — skipping
10:40:31.202 [SerialProcessor ] INFO     serial_controller.serial_handler SerialProcessor: unknown type 0x1b — skipping
10:40:31.203 [SerialProcessor ] INFO     serial_controller.serial_handler SerialProcessor: unknown type 0x1b — skipping
10:40:31.230 [SerialProcessor ] INFO     serial_controller.serial_handler SerialProcessor: unknown type 0x1b — skipping
10:40:31.231 [SerialProcessor ] INFO     serial_controller.serial_handler SerialProcessor: unknown type 0x1b — skipping
10:40:31.254 [SerialProcessor ] INFO     serial_controller.serial_handler SerialProcessor: unknown type 0x1b — skipping
10:40:31.255 [SerialProcessor ] INFO     serial_controller.serial_handler SerialProcessor: unknown type 0x1b — skipping
10:40:31.280 [SerialProcessor ] INFO     serial_controller.serial_handler SerialProcessor: unknown type 0x1b — skipping
10:40:31.280 [SerialProcessor ] INFO     serial_controller.serial_handler SerialProcessor: unknown type 0x1b — skipping
10:40:31.305 [SerialProcessor ] INFO     serial_controller.serial_handler SerialProcessor: unknown type 0x1b — skipping
10:40:31.318 [SerialProcessor ] INFO     serial_controller.serial_handler SerialProcessor: unknown type 0x1b — skipping
10:40:31.319 [SerialProcessor ] INFO     serial_controller.serial_handler SerialProcessor: unknown type 0x1b — skipping
10:40:31.344 [SerialProcessor ] INFO     serial_controller.serial_handler SerialProcessor: unknown type 0x1b — skipping
10:40:31.344 [SerialProcessor ] INFO     serial_controller.serial_handler SerialProcessor: unknown type 0x1b — skipping
10:40:31.369 [SerialProcessor ] INFO     serial_controller.serial_handler SerialProcessor: unknown type 0x1b — skipping
10:40:31.370 [SerialProcessor ] INFO     serial_controller.serial_handler SerialProcessor: unknown type 0x1b — skipping
10:40:31.395 [SerialProcessor ] INFO     serial_controller.serial_handler SerialProcessor: unknown type 0x1b — skipping
10:40:31.408 [SerialProcessor ] INFO     serial_controller.serial_handler SerialProcessor: unknown type 0x1b — skipping
10:40:31.408 [SerialProcessor ] INFO     serial_controller.serial_handler SerialProcessor: unknown type 0x1b — skipping
10:40:31.434 [SerialProcessor ] INFO     serial_controller.serial_handler SerialProcessor: unknown type 0x1b — skipping
10:40:31.434 [SerialProcessor ] INFO     serial_controller.serial_handler SerialProcessor: unknown type 0x1b — skipping
10:40:31.460 [SerialProcessor ] INFO     serial_controller.serial_handler SerialProcessor: unknown type 0x1b — skipping
10:40:31.460 [SerialProcessor ] INFO     serial_controller.serial_handler SerialProcessor: unknown type 0x1b — skipping
10:40:31.485 [SerialProcessor ] INFO     serial_controller.serial_handler SerialProcessor: unknown type 0x1b — skipping
10:40:31.486 [SerialProcessor ] INFO     serial_controller.serial_handler SerialProcessor: unknown type 0x1b — skipping
10:40:31.511 [SerialProcessor ] INFO     serial_controller.serial_handler SerialProcessor: unknown type 0x1b — skipping
10:40:31.524 [SerialProcessor ] INFO     serial_controller.serial_handler SerialProcessor: unknown type 0x1b — skipping
10:40:31.524 [SerialProcessor ] INFO     serial_controller.serial_handler SerialProcessor: unknown type 0x1b — skipping
10:40:31.550 [SerialProcessor ] INFO     serial_controller.serial_handler SerialProcessor: unknown type 0x1b — skipping
10:40:31.550 [SerialProcessor ] INFO     serial_controller.serial_handler SerialProcessor: unknown type 0x1b — skipping
10:40:31.575 [SerialProcessor ] INFO     serial_controller.serial_handler SerialProcessor: unknown type 0x1b — skipping
10:40:31.576 [SerialProcessor ] INFO     serial_controller.serial_handler SerialProcessor: unknown type 0x1b — skipping
10:40:31.601 [SerialProcessor ] INFO     serial_controller.serial_handler SerialProcessor: unknown type 0x1b — skipping
10:40:31.614 [SerialProcessor ] INFO     serial_controller.serial_handler SerialProcessor: unknown type 0x1b — skipping
10:40:31.615 [SerialProcessor ] INFO     serial_controller.serial_handler SerialProcessor: unknown type 0x1b — skipping
10:40:31.640 [SerialProcessor ] INFO     serial_controller.serial_handler SerialProcessor: unknown type 0x1b — skipping
10:40:31.640 [SerialProcessor ] INFO     serial_controller.serial_handler SerialProcessor: unknown type 0x1b — skipping
10:40:31.665 [SerialProcessor ] INFO     serial_controller.serial_handler SerialProcessor: unknown type 0x1b — skipping
10:40:31.666 [SerialProcessor ] INFO     serial_controller.serial_handler SerialProcessor: unknown type 0x1b — skipping
10:40:31.691 [SerialProcessor ] INFO     serial_controller.serial_handler SerialProcessor: unknown type 0x1b — skipping
10:40:31.692 [SerialProcessor ] INFO     serial_controller.serial_handler SerialProcessor: unknown type 0x1b — skipping
10:40:31.717 [SerialProcessor ] INFO     serial_controller.serial_handler SerialProcessor: unknown type 0x1b — skipping
10:40:31.730 [SerialProcessor ] INFO     serial_controller.serial_handler SerialProcessor: unknown type 0x1b — skipping
10:40:31.730 [SerialProcessor ] INFO     serial_controller.serial_handler SerialProcessor: unknown type 0x1b — skipping
10:40:31.755 [SerialProcessor ] INFO     serial_controller.serial_handler SerialProcessor: unknown type 0x1b — skipping
10:40:31.756 [SerialProcessor ] INFO     serial_controller.serial_handler SerialProcessor: unknown type 0x1b — skipping
10:40:31.782 [SerialProcessor ] INFO     serial_controller.serial_handler SerialProcessor: unknown type 0x1b — skipping
10:40:31.783 [SerialProcessor ] INFO     serial_controller.serial_handler SerialProcessor: unknown type 0x1b — skipping
10:40:31.807 [SerialProcessor ] INFO     serial_controller.serial_handler SerialProcessor: unknown type 0x1b — skipping
10:40:31.820 [SerialProcessor ] INFO     serial_controller.serial_handler SerialProcessor: unknown type 0x1b — skipping
10:40:31.821 [SerialProcessor ] INFO     serial_controller.serial_handler SerialProcessor: unknown type 0x1b — skipping
10:40:31.845 [SerialProcessor ] INFO     serial_controller.serial_handler SerialProcessor: unknown type 0x1b — skipping
10:40:31.846 [SerialProcessor ] INFO     serial_controller.serial_handler SerialProcessor: unknown type 0x1b — skipping
10:40:31.871 [SerialProcessor ] INFO     serial_controller.serial_handler SerialProcessor: unknown type 0x1b — skipping
10:40:31.872 [SerialProcessor ] INFO     serial_controller.serial_handler SerialProcessor: unknown type 0x1b — skipping
10:40:31.897 [SerialProcessor ] INFO     serial_controller.serial_handler SerialProcessor: unknown type 0x1b — skipping
10:40:31.897 [SerialProcessor ] INFO     serial_controller.serial_handler SerialProcessor: unknown type 0x1b — skipping
10:40:31.923 [SerialProcessor ] INFO     serial_controller.serial_handler SerialProcessor: unknown type 0x1b — skipping
10:40:31.935 [SerialProcessor ] INFO     serial_controller.serial_handler SerialProcessor: unknown type 0x1b — skipping
10:40:31.936 [SerialProcessor ] INFO     serial_controller.serial_handler SerialProcessor: unknown type 0x1b — skipping
10:40:31.961 [SerialProcessor ] INFO     serial_controller.serial_handler SerialProcessor: unknown type 0x1b — skipping
10:40:31.962 [SerialProcessor ] INFO     serial_controller.serial_handler SerialProcessor: unknown type 0x1b — skipping
10:40:31.987 [SerialProcessor ] INFO     serial_controller.serial_handler SerialProcessor: unknown type 0x1b — skipping
10:40:31.987 [SerialProcessor ] INFO     serial_controller.serial_handler SerialProcessor: unknown type 0x1b — skipping
10:40:32.013 [SerialProcessor ] INFO     serial_controller.serial_handler SerialProcessor: unknown type 0x1b — skipping
10:40:32.025 [SerialProcessor ] INFO     serial_controller.serial_handler SerialProcessor: unknown type 0x1b — skipping
10:40:32.026 [SerialProcessor ] INFO     serial_controller.serial_handler SerialProcessor: unknown type 0x1b — skipping
10:40:32.051 [SerialProcessor ] INFO     serial_controller.serial_handler SerialProcessor: unknown type 0x1b — skipping
10:40:32.052 [SerialProcessor ] INFO     serial_controller.serial_handler SerialProcessor: unknown type 0x1b — skipping
10:40:32.077 [SerialProcessor ] INFO     serial_controller.serial_handler SerialProcessor: unknown type 0x1b — skipping
10:40:32.077 [SerialProcessor ] INFO     serial_controller.serial_handler SerialProcessor: unknown type 0x1b — skipping
10:40:32.103 [SerialProcessor ] INFO     serial_controller.serial_handler SerialProcessor: unknown type 0x1b — skipping
10:40:32.103 [SerialProcessor ] INFO     serial_controller.serial_handler SerialProcessor: unknown type 0x1b — skipping
10:40:32.129 [SerialProcessor ] INFO     serial_controller.serial_handler SerialProcessor: unknown type 0x1b — skipping
10:40:32.141 [SerialProcessor ] INFO     serial_controller.serial_handler SerialProcessor: unknown type 0x1b — skipping
10:40:32.142 [SerialProcessor ] INFO     serial_controller.serial_handler SerialProcessor: unknown type 0x1b — skipping
10:40:32.167 [SerialProcessor ] INFO     serial_controller.serial_handler SerialProcessor: unknown type 0x1b — skipping
10:40:32.167 [SerialProcessor ] INFO     serial_controller.serial_handler SerialProcessor: unknown type 0x1b — skipping
10:40:32.193 [SerialProcessor ] INFO     serial_controller.serial_handler SerialProcessor: unknown type 0x1b — skipping
10:40:32.193 [SerialProcessor ] INFO     serial_controller.serial_handler SerialProcessor: unknown type 0x1b — skipping
10:40:32.219 [SerialProcessor ] INFO     serial_controller.serial_handler SerialProcessor: unknown type 0x1b — skipping
10:40:32.231 [SerialProcessor ] INFO     serial_controller.serial_handler SerialProcessor: unknown type 0x1b — skipping
10:40:32.232 [SerialProcessor ] INFO     serial_controller.serial_handler SerialProcessor: unknown type 0x1b — skipping
10:40:32.257 [SerialProcessor ] INFO     serial_controller.serial_handler SerialProcessor: unknown type 0x1b — skipping
10:40:32.257 [SerialProcessor ] INFO     serial_controller.serial_handler SerialProcessor: unknown type 0x1b — skipping
10:40:32.283 [SerialProcessor ] INFO     serial_controller.serial_handler SerialProcessor: unknown type 0x1b — skipping
10:40:32.284 [SerialProcessor ] INFO     serial_controller.serial_handler SerialProcessor: unknown type 0x1b — skipping
10:40:32.309 [SerialProcessor ] INFO     serial_controller.serial_handler SerialProcessor: unknown type 0x1b — skipping
10:40:32.309 [SerialProcessor ] INFO     serial_controller.serial_handler SerialProcessor: unknown type 0x1b — skipping
10:40:32.334 [SerialProcessor ] INFO     serial_controller.serial_handler SerialProcessor: unknown type 0x1b — skipping
10:40:32.347 [SerialProcessor ] INFO     serial_controller.serial_handler SerialProcessor: unknown type 0x1b — skipping
10:40:32.348 [SerialProcessor ] INFO     serial_controller.serial_handler SerialProcessor: unknown type 0x1b — skipping
10:40:32.373 [SerialProcessor ] INFO     serial_controller.serial_handler SerialProcessor: unknown type 0x1b — skipping
10:40:32.373 [SerialProcessor ] INFO     serial_controller.serial_handler SerialProcessor: unknown type 0x1b — skipping
10:40:32.399 [SerialProcessor ] INFO     serial_controller.serial_handler SerialProcessor: unknown type 0x1b — skipping
10:40:32.399 [SerialProcessor ] INFO     serial_controller.serial_handler SerialProcessor: unknown type 0x1b — skipping
10:40:32.424 [SerialProcessor ] INFO     serial_controller.serial_handler SerialProcessor: unknown type 0x1b — skipping
10:40:32.437 [SerialProcessor ] INFO     serial_controller.serial_handler SerialProcessor: unknown type 0x1b — skipping
10:40:32.438 [SerialProcessor ] INFO     serial_controller.serial_handler SerialProcessor: unknown type 0x1b — skipping
10:40:32.463 [SerialProcessor ] INFO     serial_controller.serial_handler SerialProcessor: unknown type 0x1b — skipping
10:40:32.464 [SerialProcessor ] INFO     serial_controller.serial_handler SerialProcessor: unknown type 0x1b — skipping
10:40:32.489 [SerialProcessor ] INFO     serial_controller.serial_handler SerialProcessor: unknown type 0x1b — skipping
10:40:32.489 [SerialProcessor ] INFO     serial_controller.serial_handler SerialProcessor: unknown type 0x1b — skipping
10:40:32.514 [SerialProcessor ] INFO     serial_controller.serial_handler SerialProcessor: unknown type 0x1b — skipping
10:40:32.515 [SerialProcessor ] INFO     serial_controller.serial_handler SerialProcessor: unknown type 0x1b — skipping
10:40:32.540 [SerialProcessor ] INFO     serial_controller.serial_handler SerialProcessor: unknown type 0x1b — skipping
10:40:32.553 [SerialProcessor ] INFO     serial_controller.serial_handler SerialProcessor: unknown type 0x1b — skipping
10:40:32.553 [SerialProcessor ] INFO     serial_controller.serial_handler SerialProcessor: unknown type 0x1b — skipping
10:40:32.579 [SerialProcessor ] INFO     serial_controller.serial_handler SerialProcessor: unknown type 0x1b — skipping
10:40:32.579 [SerialProcessor ] INFO     serial_controller.serial_handler SerialProcessor: unknown type 0x1b — skipping
10:40:32.604 [SerialProcessor ] INFO     serial_controller.serial_handler SerialProcessor: unknown type 0x1b — skipping
10:40:32.605 [SerialProcessor ] INFO     serial_controller.serial_handler SerialProcessor: unknown type 0x1b — skipping
10:40:32.630 [SerialProcessor ] INFO     serial_controller.serial_handler SerialProcessor: unknown type 0x1b — skipping
10:40:32.643 [SerialProcessor ] INFO     serial_controller.serial_handler SerialProcessor: unknown type 0x1b — skipping
10:40:32.643 [SerialProcessor ] INFO     serial_controller.serial_handler SerialProcessor: unknown type 0x1b — skipping
10:40:32.669 [SerialProcessor ] INFO     serial_controller.serial_handler SerialProcessor: unknown type 0x1b — skipping
10:40:32.670 [SerialProcessor ] INFO     serial_controller.serial_handler SerialProcessor: unknown type 0x1b — skipping
10:40:32.695 [SerialProcessor ] INFO     serial_controller.serial_handler SerialProcessor: unknown type 0x1b — skipping
10:40:32.696 [SerialProcessor ] INFO     serial_controller.serial_handler SerialProcessor: unknown type 0x1b — skipping
10:40:32.720 [SerialProcessor ] INFO     serial_controller.serial_handler SerialProcessor: unknown type 0x1b — skipping
10:40:32.721 [SerialProcessor ] INFO     serial_controller.serial_handler SerialProcessor: unknown type 0x1b — skipping
10:40:32.746 [SerialProcessor ] INFO     serial_controller.serial_handler SerialProcessor: unknown type 0x1b — skipping
10:40:32.759 [SerialProcessor ] INFO     serial_controller.serial_handler SerialProcessor: unknown type 0x1b — skipping
10:40:32.759 [SerialProcessor ] INFO     serial_controller.serial_handler SerialProcessor: unknown type 0x1b — skipping
10:40:32.785 [SerialProcessor ] INFO     serial_controller.serial_handler SerialProcessor: unknown type 0x1b — skipping
10:40:32.785 [SerialProcessor ] INFO     serial_controller.serial_handler SerialProcessor: unknown type 0x1b — skipping
10:40:32.810 [SerialProcessor ] INFO     serial_controller.serial_handler SerialProcessor: unknown type 0x1b — skipping
10:40:32.811 [SerialProcessor ] INFO     serial_controller.serial_handler SerialProcessor: unknown type 0x1b — skipping
10:40:32.836 [SerialProcessor ] INFO     serial_controller.serial_handler SerialProcessor: unknown type 0x1b — skipping
10:40:32.849 [SerialProcessor ] INFO     serial_controller.serial_handler SerialProcessor: unknown type 0x1b — skipping
10:40:32.849 [SerialProcessor ] INFO     serial_controller.serial_handler SerialProcessor: unknown type 0x1b — skipping
10:40:32.874 [SerialProcessor ] INFO     serial_controller.serial_handler SerialProcessor: unknown type 0x1b — skipping
10:40:32.875 [SerialProcessor ] INFO     serial_controller.serial_handler SerialProcessor: unknown type 0x1b — skipping
10:40:32.900 [SerialProcessor ] INFO     serial_controller.serial_handler SerialProcessor: unknown type 0x1b — skipping
10:40:32.901 [SerialProcessor ] INFO     serial_controller.serial_handler SerialProcessor: unknown type 0x1b — skipping
10:40:32.926 [SerialProcessor ] INFO     serial_controller.serial_handler SerialProcessor: unknown type 0x1b — skipping
10:40:32.927 [SerialProcessor ] INFO     serial_controller.serial_handler SerialProcessor: unknown type 0x1b — skipping
10:40:32.952 [SerialProcessor ] INFO     serial_controller.serial_handler SerialProcessor: unknown type 0x1b — skipping
10:40:32.965 [SerialProcessor ] INFO     serial_controller.serial_handler SerialProcessor: unknown type 0x1b — skipping
10:40:32.965 [SerialProcessor ] INFO     serial_controller.serial_handler SerialProcessor: unknown type 0x1b — skipping
10:40:32.991 [SerialProcessor ] INFO     serial_controller.serial_handler SerialProcessor: unknown type 0x1b — skipping
10:40:32.992 [SerialProcessor ] INFO     serial_controller.serial_handler SerialProcessor: unknown type 0x1b — skipping
10:40:33.017 [SerialProcessor ] INFO     serial_controller.serial_handler SerialProcessor: unknown type 0x1b — skipping
10:40:33.019 [SerialProcessor ] INFO     serial_controller.serial_handler SerialProcessor: unknown type 0x1b — skipping
10:40:33.042 [SerialProcessor ] INFO     serial_controller.serial_handler SerialProcessor: unknown type 0x1b — skipping
10:40:33.055 [SerialProcessor ] INFO     serial_controller.serial_handler SerialProcessor: unknown type 0x1b — skipping
10:40:33.055 [SerialProcessor ] INFO     serial_controller.serial_handler SerialProcessor: unknown type 0x1b — skipping
10:40:33.080 [SerialProcessor ] INFO     serial_controller.serial_handler SerialProcessor: unknown type 0x1b — skipping
10:40:33.081 [SerialProcessor ] INFO     serial_controller.serial_handler SerialProcessor: unknown type 0x1b — skipping
10:40:33.106 [SerialProcessor ] INFO     serial_controller.serial_handler SerialProcessor: unknown type 0x1b — skipping
10:40:33.107 [SerialProcessor ] INFO     serial_controller.serial_handler SerialProcessor: unknown type 0x1b — skipping
10:40:33.132 [SerialProcessor ] INFO     serial_controller.serial_handler SerialProcessor: unknown type 0x1b — skipping
10:40:33.133 [SerialProcessor ] INFO     serial_controller.serial_handler SerialProcessor: unknown type 0x1b — skipping
10:40:33.158 [SerialProcessor ] INFO     serial_controller.serial_handler SerialProcessor: unknown type 0x1b — skipping
10:40:33.172 [SerialProcessor ] INFO     serial_controller.serial_handler SerialProcessor: unknown type 0x1b — skipping
10:40:33.173 [SerialProcessor ] INFO     serial_controller.serial_handler SerialProcessor: unknown type 0x1b — skipping
10:40:33.196 [SerialProcessor ] INFO     serial_controller.serial_handler SerialProcessor: unknown type 0x1b — skipping
10:40:33.197 [SerialProcessor ] INFO     serial_controller.serial_handler SerialProcessor: unknown type 0x1b — skipping
10:40:33.222 [SerialProcessor ] INFO     serial_controller.serial_handler SerialProcessor: unknown type 0x1b — skipping
10:40:33.222 [SerialProcessor ] INFO     serial_controller.serial_handler SerialProcessor: unknown type 0x1b — skipping
10:40:33.247 [SerialProcessor ] INFO     serial_controller.serial_handler SerialProcessor: unknown type 0x1b — skipping
10:40:33.260 [SerialProcessor ] INFO     serial_controller.serial_handler SerialProcessor: unknown type 0x1b — skipping
10:40:33.261 [SerialProcessor ] INFO     serial_controller.serial_handler SerialProcessor: unknown type 0x1b — skipping
10:40:33.286 [SerialProcessor ] INFO     serial_controller.serial_handler SerialProcessor: unknown type 0x1b — skipping
10:40:33.287 [SerialProcessor ] INFO     serial_controller.serial_handler SerialProcessor: unknown type 0x1b — skipping
10:40:33.312 [SerialProcessor ] INFO     serial_controller.serial_handler SerialProcessor: unknown type 0x1b — skipping
10:40:33.313 [SerialProcessor ] INFO     serial_controller.serial_handler SerialProcessor: unknown type 0x1b — skipping
10:40:33.338 [SerialProcessor ] INFO     serial_controller.serial_handler SerialProcessor: unknown type 0x1b — skipping
10:40:33.338 [SerialProcessor ] INFO     serial_controller.serial_handler SerialProcessor: unknown type 0x1b — skipping
10:40:33.364 [SerialProcessor ] INFO     serial_controller.serial_handler SerialProcessor: unknown type 0x1b — skipping
10:40:33.376 [SerialProcessor ] INFO     serial_controller.serial_handler SerialProcessor: unknown type 0x1b — skipping
10:40:33.377 [SerialProcessor ] INFO     serial_controller.serial_handler SerialProcessor: unknown type 0x1b — skipping
10:40:33.402 [SerialProcessor ] INFO     serial_controller.serial_handler SerialProcessor: unknown type 0x1b — skipping
10:40:33.403 [SerialProcessor ] INFO     serial_controller.serial_handler SerialProcessor: unknown type 0x1b — skipping
10:40:33.428 [SerialProcessor ] INFO     serial_controller.serial_handler SerialProcessor: unknown type 0x1b — skipping
10:40:33.428 [SerialProcessor ] INFO     serial_controller.serial_handler SerialProcessor: unknown type 0x1b — skipping
10:40:33.453 [SerialProcessor ] INFO     serial_controller.serial_handler SerialProcessor: unknown type 0x1b — skipping
10:40:33.466 [SerialProcessor ] INFO     serial_controller.serial_handler SerialProcessor: unknown type 0x1b — skipping
10:40:33.467 [SerialProcessor ] INFO     serial_controller.serial_handler SerialProcessor: unknown type 0x1b — skipping
10:40:33.492 [SerialProcessor ] INFO     serial_controller.serial_handler SerialProcessor: unknown type 0x1b — skipping
10:40:33.492 [SerialProcessor ] INFO     serial_controller.serial_handler SerialProcessor: unknown type 0x1b — skipping
10:40:33.518 [SerialProcessor ] INFO     serial_controller.serial_handler SerialProcessor: unknown type 0x1b — skipping
10:40:33.518 [SerialProcessor ] INFO     serial_controller.serial_handler SerialProcessor: unknown type 0x1b — skipping
10:40:33.543 [SerialProcessor ] INFO     serial_controller.serial_handler SerialProcessor: unknown type 0x1b — skipping
10:40:33.544 [SerialProcessor ] INFO     serial_controller.serial_handler SerialProcessor: unknown type 0x1b — skipping
10:40:33.569 [SerialProcessor ] INFO     serial_controller.serial_handler SerialProcessor: unknown type 0x1b — skipping
10:40:33.582 [SerialProcessor ] INFO     serial_controller.serial_handler SerialProcessor: unknown type 0x1b — skipping
10:40:33.583 [SerialProcessor ] INFO     serial_controller.serial_handler SerialProcessor: unknown type 0x1b — skipping
10:40:33.608 [SerialProcessor ] INFO     serial_controller.serial_handler SerialProcessor: unknown type 0x1b — skipping
10:40:33.608 [SerialProcessor ] INFO     serial_controller.serial_handler SerialProcessor: unknown type 0x1b — skipping
10:40:33.634 [SerialProcessor ] INFO     serial_controller.serial_handler SerialProcessor: unknown type 0x1b — skipping
10:40:33.635 [SerialProcessor ] INFO     serial_controller.serial_handler SerialProcessor: unknown type 0x1b — skipping
10:40:33.659 [SerialProcessor ] INFO     serial_controller.serial_handler SerialProcessor: unknown type 0x1b — skipping
10:40:33.672 [SerialProcessor ] INFO     serial_controller.serial_handler SerialProcessor: unknown type 0x1b — skipping
10:40:33.672 [SerialProcessor ] INFO     serial_controller.serial_handler SerialProcessor: unknown type 0x1b — skipping
10:40:33.698 [SerialProcessor ] INFO     serial_controller.serial_handler SerialProcessor: unknown type 0x1b — skipping
10:40:33.698 [SerialProcessor ] INFO     serial_controller.serial_handler SerialProcessor: unknown type 0x1b — skipping
10:40:33.723 [SerialProcessor ] INFO     serial_controller.serial_handler SerialProcessor: unknown type 0x1b — skipping
10:40:33.724 [SerialProcessor ] INFO     serial_controller.serial_handler SerialProcessor: unknown type 0x1b — skipping
10:40:33.749 [SerialProcessor ] INFO     serial_controller.serial_handler SerialProcessor: unknown type 0x1b — skipping
10:40:33.750 [SerialProcessor ] INFO     serial_controller.serial_handler SerialProcessor: unknown type 0x1b — skipping
10:40:33.775 [SerialProcessor ] INFO     serial_controller.serial_handler SerialProcessor: unknown type 0x1b — skipping
10:40:33.788 [SerialProcessor ] INFO     serial_controller.serial_handler SerialProcessor: unknown type 0x1b — skipping
10:40:33.788 [SerialProcessor ] INFO     serial_controller.serial_handler SerialProcessor: unknown type 0x1b — skipping
10:40:33.814 [SerialProcessor ] INFO     serial_controller.serial_handler SerialProcessor: unknown type 0x1b — skipping
10:40:33.814 [SerialProcessor ] INFO     serial_controller.serial_handler SerialProcessor: unknown type 0x1b — skipping
10:40:33.839 [SerialProcessor ] INFO     serial_controller.serial_handler SerialProcessor: unknown type 0x1b — skipping
10:40:33.839 [SerialProcessor ] INFO     serial_controller.serial_handler SerialProcessor: unknown type 0x1b — skipping
10:40:33.865 [SerialProcessor ] INFO     serial_controller.serial_handler SerialProcessor: unknown type 0x1b — skipping
10:40:33.877 [SerialProcessor ] INFO     serial_controller.serial_handler SerialProcessor: unknown type 0x1b — skipping
10:40:33.878 [SerialProcessor ] INFO     serial_controller.serial_handler SerialProcessor: unknown type 0x1b — skipping
10:40:33.903 [SerialProcessor ] INFO     serial_controller.serial_handler SerialProcessor: unknown type 0x1b — skipping
10:40:33.904 [SerialProcessor ] INFO     serial_controller.serial_handler SerialProcessor: unknown type 0x1b — skipping
10:40:33.929 [SerialProcessor ] INFO     serial_controller.serial_handler SerialProcessor: unknown type 0x1b — skipping
10:40:33.930 [SerialProcessor ] INFO     serial_controller.serial_handler SerialProcessor: unknown type 0x1b — skipping
10:40:33.955 [SerialProcessor ] INFO     serial_controller.serial_handler SerialProcessor: unknown type 0x1b — skipping
10:40:33.955 [SerialProcessor ] INFO     serial_controller.serial_handler SerialProcessor: unknown type 0x1b — skipping
10:40:33.981 [SerialProcessor ] INFO     serial_controller.serial_handler SerialProcessor: unknown type 0x1b — skipping
10:40:33.994 [SerialProcessor ] INFO     serial_controller.serial_handler SerialProcessor: unknown type 0x1b — skipping
10:40:33.994 [SerialProcessor ] INFO     serial_controller.serial_handler SerialProcessor: unknown type 0x1b — skipping
10:40:34.020 [SerialProcessor ] INFO     serial_controller.serial_handler SerialProcessor: unknown type 0x1b — skipping
10:40:34.020 [SerialProcessor ] INFO     serial_controller.serial_handler SerialProcessor: unknown type 0x1b — skipping
10:40:34.045 [SerialProcessor ] INFO     serial_controller.serial_handler SerialProcessor: unknown type 0x1b — skipping
10:40:34.045 [SerialProcessor ] INFO     serial_controller.serial_handler SerialProcessor: unknown type 0x1b — skipping
10:40:34.071 [SerialProcessor ] INFO     serial_controller.serial_handler SerialProcessor: unknown type 0x1b — skipping
10:40:34.083 [SerialProcessor ] INFO     serial_controller.serial_handler SerialProcessor: unknown type 0x1b — skipping
10:40:34.084 [SerialProcessor ] INFO     serial_controller.serial_handler SerialProcessor: unknown type 0x1b — skipping
10:40:34.109 [SerialProcessor ] INFO     serial_controller.serial_handler SerialProcessor: unknown type 0x1b — skipping
10:40:34.110 [SerialProcessor ] INFO     serial_controller.serial_handler SerialProcessor: unknown type 0x1b — skipping
10:40:34.135 [SerialProcessor ] INFO     serial_controller.serial_handler SerialProcessor: unknown type 0x1b — skipping
10:40:34.135 [SerialProcessor ] INFO     serial_controller.serial_handler SerialProcessor: unknown type 0x1b — skipping
10:40:34.161 [SerialProcessor ] INFO     serial_controller.serial_handler SerialProcessor: unknown type 0x1b — skipping
10:40:34.161 [SerialProcessor ] INFO     serial_controller.serial_handler SerialProcessor: unknown type 0x1b — skipping
10:40:34.186 [SerialProcessor ] INFO     serial_controller.serial_handler SerialProcessor: unknown type 0x1b — skipping
10:40:34.200 [SerialProcessor ] INFO     serial_controller.serial_handler SerialProcessor: unknown type 0x1b — skipping
10:40:34.203 [SerialProcessor ] INFO     serial_controller.serial_handler SerialProcessor: unknown type 0x1b — skipping
10:40:34.226 [SerialProcessor ] INFO     serial_controller.serial_handler SerialProcessor: unknown type 0x1b — skipping
10:40:34.229 [SerialProcessor ] INFO     serial_controller.serial_handler SerialProcessor: unknown type 0x1b — skipping
10:40:34.252 [SerialProcessor ] INFO     serial_controller.serial_handler SerialProcessor: unknown type 0x1b — skipping
10:40:34.252 [SerialProcessor ] INFO     serial_controller.serial_handler SerialProcessor: unknown type 0x1b — skipping
10:40:34.276 [SerialProcessor ] INFO     serial_controller.serial_handler SerialProcessor: unknown type 0x1b — skipping
10:40:34.290 [SerialProcessor ] INFO     serial_controller.serial_handler SerialProcessor: unknown type 0x1b — skipping
10:40:34.298 [SerialProcessor ] INFO     serial_controller.serial_handler SerialProcessor: unknown type 0x1b — skipping
10:40:34.315 [SerialProcessor ] INFO     serial_controller.serial_handler SerialProcessor: unknown type 0x1b — skipping
10:40:34.315 [SerialProcessor ] INFO     serial_controller.serial_handler SerialProcessor: unknown type 0x1b — skipping
10:40:34.341 [SerialProcessor ] INFO     serial_controller.serial_handler SerialProcessor: unknown type 0x1b — skipping
10:40:34.341 [SerialProcessor ] INFO     serial_controller.serial_handler SerialProcessor: unknown type 0x1b — skipping
10:40:34.366 [SerialProcessor ] INFO     serial_controller.serial_handler SerialProcessor: unknown type 0x1b — skipping
10:40:34.367 [SerialProcessor ] INFO     serial_controller.serial_handler SerialProcessor: unknown type 0x1b — skipping
10:40:34.392 [SerialProcessor ] INFO     serial_controller.serial_handler SerialProcessor: unknown type 0x1b — skipping
10:40:34.405 [SerialProcessor ] INFO     serial_controller.serial_handler SerialProcessor: unknown type 0x1b — skipping
10:40:34.405 [SerialProcessor ] INFO     serial_controller.serial_handler SerialProcessor: unknown type 0x1b — skipping
10:40:34.431 [SerialProcessor ] INFO     serial_controller.serial_handler SerialProcessor: unknown type 0x1b — skipping
10:40:34.431 [SerialProcessor ] INFO     serial_controller.serial_handler SerialProcessor: unknown type 0x1b — skipping
10:40:34.457 [SerialProcessor ] INFO     serial_controller.serial_handler SerialProcessor: unknown type 0x1b — skipping
10:40:34.457 [SerialProcessor ] INFO     serial_controller.serial_handler SerialProcessor: unknown type 0x1b — skipping
10:40:34.482 [SerialProcessor ] INFO     serial_controller.serial_handler SerialProcessor: unknown type 0x1b — skipping
10:40:34.495 [SerialProcessor ] INFO     serial_controller.serial_handler SerialProcessor: unknown type 0x1b — skipping
10:40:34.495 [SerialProcessor ] INFO     serial_controller.serial_handler SerialProcessor: unknown type 0x1b — skipping
10:40:34.521 [SerialProcessor ] INFO     serial_controller.serial_handler SerialProcessor: unknown type 0x1b — skipping
10:40:34.521 [SerialProcessor ] INFO     serial_controller.serial_handler SerialProcessor: unknown type 0x1b — skipping
10:40:34.546 [SerialProcessor ] INFO     serial_controller.serial_handler SerialProcessor: unknown type 0x1b — skipping
10:40:34.547 [SerialProcessor ] INFO     serial_controller.serial_handler SerialProcessor: unknown type 0x1b — skipping
10:40:34.572 [SerialProcessor ] INFO     serial_controller.serial_handler SerialProcessor: unknown type 0x1b — skipping
10:40:34.573 [SerialProcessor ] INFO     serial_controller.serial_handler SerialProcessor: unknown type 0x1b — skipping
10:40:34.598 [SerialProcessor ] INFO     serial_controller.serial_handler SerialProcessor: unknown type 0x1b — skipping
10:40:34.611 [SerialProcessor ] INFO     serial_controller.serial_handler SerialProcessor: unknown type 0x1b — skipping
10:40:34.612 [SerialProcessor ] INFO     serial_controller.serial_handler SerialProcessor: unknown type 0x1b — skipping
10:40:34.637 [SerialProcessor ] INFO     serial_controller.serial_handler SerialProcessor: unknown type 0x1b — skipping
10:40:34.638 [SerialProcessor ] INFO     serial_controller.serial_handler SerialProcessor: unknown type 0x1b — skipping
10:40:34.663 [SerialProcessor ] INFO     serial_controller.serial_handler SerialProcessor: unknown type 0x1b — skipping
10:40:34.663 [SerialProcessor ] INFO     serial_controller.serial_handler SerialProcessor: unknown type 0x1b — skipping
10:40:34.688 [SerialProcessor ] INFO     serial_controller.serial_handler SerialProcessor: unknown type 0x1b — skipping
10:40:34.701 [SerialProcessor ] INFO     serial_controller.serial_handler SerialProcessor: unknown type 0x1b — skipping
10:40:34.701 [SerialProcessor ] INFO     serial_controller.serial_handler SerialProcessor: unknown type 0x1b — skipping
10:40:34.727 [SerialProcessor ] INFO     serial_controller.serial_handler SerialProcessor: unknown type 0x1b — skipping
10:40:34.727 [SerialProcessor ] INFO     serial_controller.serial_handler SerialProcessor: unknown type 0x1b — skipping
10:40:34.752 [SerialProcessor ] INFO     serial_controller.serial_handler SerialProcessor: unknown type 0x1b — skipping
10:40:34.753 [SerialProcessor ] INFO     serial_controller.serial_handler SerialProcessor: unknown type 0x1b — skipping
10:40:34.778 [SerialProcessor ] INFO     serial_controller.serial_handler SerialProcessor: unknown type 0x1b — skipping
10:40:34.778 [SerialProcessor ] INFO     serial_controller.serial_handler SerialProcessor: unknown type 0x1b — skipping
10:40:34.804 [SerialProcessor ] INFO     serial_controller.serial_handler SerialProcessor: unknown type 0x1b — skipping
10:40:34.817 [SerialProcessor ] INFO     serial_controller.serial_handler SerialProcessor: unknown type 0x1b — skipping
10:40:34.818 [SerialProcessor ] INFO     serial_controller.serial_handler SerialProcessor: unknown type 0x1b — skipping
10:40:34.842 [SerialProcessor ] INFO     serial_controller.serial_handler SerialProcessor: unknown type 0x1b — skipping
10:40:34.843 [SerialProcessor ] INFO     serial_controller.serial_handler SerialProcessor: unknown type 0x1b — skipping
10:40:34.868 [SerialProcessor ] INFO     serial_controller.serial_handler SerialProcessor: unknown type 0x1b — skipping
10:40:34.868 [SerialProcessor ] INFO     serial_controller.serial_handler SerialProcessor: unknown type 0x1b — skipping
10:40:34.894 [SerialProcessor ] INFO     serial_controller.serial_handler SerialProcessor: unknown type 0x1b — skipping
10:40:34.906 [SerialProcessor ] INFO     serial_controller.serial_handler SerialProcessor: unknown type 0x1b — skipping
10:40:34.907 [SerialProcessor ] INFO     serial_controller.serial_handler SerialProcessor: unknown type 0x1b — skipping
10:40:34.932 [SerialProcessor ] INFO     serial_controller.serial_handler SerialProcessor: unknown type 0x1b — skipping
10:40:34.932 [SerialProcessor ] INFO     serial_controller.serial_handler SerialProcessor: unknown type 0x1b — skipping
10:40:34.958 [SerialProcessor ] INFO     serial_controller.serial_handler SerialProcessor: unknown type 0x1b — skipping
10:40:34.958 [SerialProcessor ] INFO     serial_controller.serial_handler SerialProcessor: unknown type 0x1b — skipping
10:40:34.984 [SerialProcessor ] INFO     serial_controller.serial_handler SerialProcessor: unknown type 0x1b — skipping
10:40:34.984 [SerialProcessor ] INFO     serial_controller.serial_handler SerialProcessor: unknown type 0x1b — skipping
10:40:35.010 [SerialProcessor ] INFO     serial_controller.serial_handler SerialProcessor: unknown type 0x1b — skipping
10:40:35.022 [SerialProcessor ] INFO     serial_controller.serial_handler SerialProcessor: unknown type 0x1b — skipping
10:40:35.023 [SerialProcessor ] INFO     serial_controller.serial_handler SerialProcessor: unknown type 0x1b — skipping
10:40:35.048 [SerialProcessor ] INFO     serial_controller.serial_handler SerialProcessor: unknown type 0x1b — skipping
10:40:35.050 [SerialProcessor ] INFO     serial_controller.serial_handler SerialProcessor: unknown type 0x1b — skipping
10:40:35.074 [SerialProcessor ] INFO     serial_controller.serial_handler SerialProcessor: unknown type 0x1b — skipping
10:40:35.074 [SerialProcessor ] INFO     serial_controller.serial_handler SerialProcessor: unknown type 0x1b — skipping
10:40:35.100 [SerialProcessor ] INFO     serial_controller.serial_handler SerialProcessor: unknown type 0x1b — skipping
10:40:35.113 [SerialProcessor ] INFO     serial_controller.serial_handler SerialProcessor: unknown type 0x1b — skipping
10:40:35.115 [SerialProcessor ] INFO     serial_controller.serial_handler SerialProcessor: unknown type 0x1b — skipping
10:40:35.138 [SerialProcessor ] INFO     serial_controller.serial_handler SerialProcessor: unknown type 0x1b — skipping
10:40:35.139 [SerialProcessor ] INFO     serial_controller.serial_handler SerialProcessor: unknown type 0x1b — skipping
10:40:35.164 [SerialProcessor ] INFO     serial_controller.serial_handler SerialProcessor: unknown type 0x1b — skipping
10:40:35.164 [SerialProcessor ] INFO     serial_controller.serial_handler SerialProcessor: unknown type 0x1b — skipping
10:40:35.189 [SerialProcessor ] INFO     serial_controller.serial_handler SerialProcessor: unknown type 0x1b — skipping
10:40:35.190 [SerialProcessor ] INFO     serial_controller.serial_handler SerialProcessor: unknown type 0x1b — skipping
10:40:35.215 [SerialProcessor ] INFO     serial_controller.serial_handler SerialProcessor: unknown type 0x1b — skipping
10:40:35.228 [SerialProcessor ] INFO     serial_controller.serial_handler SerialProcessor: unknown type 0x1b — skipping
10:40:35.229 [SerialProcessor ] INFO     serial_controller.serial_handler SerialProcessor: unknown type 0x1b — skipping
10:40:35.254 [SerialProcessor ] INFO     serial_controller.serial_handler SerialProcessor: unknown type 0x1b — skipping
10:40:35.254 [SerialProcessor ] INFO     serial_controller.serial_handler SerialProcessor: unknown type 0x1b — skipping
10:40:35.280 [SerialProcessor ] INFO     serial_controller.serial_handler SerialProcessor: unknown type 0x1b — skipping
10:40:35.280 [SerialProcessor ] INFO     serial_controller.serial_handler SerialProcessor: unknown type 0x1b — skipping
10:40:35.306 [SerialProcessor ] INFO     serial_controller.serial_handler SerialProcessor: unknown type 0x1b — skipping
10:40:35.318 [SerialProcessor ] INFO     serial_controller.serial_handler SerialProcessor: unknown type 0x1b — skipping
10:40:35.319 [SerialProcessor ] INFO     serial_controller.serial_handler SerialProcessor: unknown type 0x1b — skipping
10:40:35.344 [SerialProcessor ] INFO     serial_controller.serial_handler SerialProcessor: unknown type 0x1b — skipping
10:40:35.345 [SerialProcessor ] INFO     serial_controller.serial_handler SerialProcessor: unknown type 0x1b — skipping
10:40:35.374 [SerialProcessor ] INFO     serial_controller.serial_handler SerialProcessor: unknown type 0x1b — skipping
10:40:35.375 [SerialProcessor ] INFO     serial_controller.serial_handler SerialProcessor: unknown type 0x1b — skipping
10:40:35.396 [SerialProcessor ] INFO     serial_controller.serial_handler SerialProcessor: unknown type 0x1b — skipping
10:40:35.397 [SerialProcessor ] INFO     serial_controller.serial_handler SerialProcessor: unknown type 0x1b — skipping
10:40:35.421 [SerialProcessor ] INFO     serial_controller.serial_handler SerialProcessor: unknown type 0x1b — skipping
10:40:35.434 [SerialProcessor ] INFO     serial_controller.serial_handler SerialProcessor: unknown type 0x1b — skipping
10:40:35.435 [SerialProcessor ] INFO     serial_controller.serial_handler SerialProcessor: unknown type 0x1b — skipping
10:40:35.459 [SerialProcessor ] INFO     serial_controller.serial_handler SerialProcessor: unknown type 0x1b — skipping
10:40:35.460 [SerialProcessor ] INFO     serial_controller.serial_handler SerialProcessor: unknown type 0x1b — skipping
10:40:35.485 [SerialProcessor ] INFO     serial_controller.serial_handler SerialProcessor: unknown type 0x1b — skipping
10:40:35.486 [SerialProcessor ] INFO     serial_controller.serial_handler SerialProcessor: unknown type 0x1b — skipping
10:40:35.530 [SerialProcessor ] INFO     serial_controller.serial_handler SerialProcessor: unknown type 0x1b — skipping
10:40:35.538 [SerialProcessor ] INFO     serial_controller.serial_handler SerialProcessor: unknown type 0x1b — skipping
10:40:35.539 [SerialProcessor ] INFO     serial_controller.serial_handler SerialProcessor: unknown type 0x1b — skipping
10:40:35.549 [SerialProcessor ] INFO     serial_controller.serial_handler SerialProcessor: unknown type 0x1b — skipping
10:40:35.576 [SerialProcessor ] INFO     serial_controller.serial_handler SerialProcessor: unknown type 0x1b — skipping
10:40:35.578 [SerialProcessor ] INFO     serial_controller.serial_handler SerialProcessor: unknown type 0x1b — skipping
10:40:35.578 [SerialProcessor ] INFO     serial_controller.serial_handler SerialProcessor: unknown type 0x1b — skipping
10:40:35.601 [SerialProcessor ] INFO     serial_controller.serial_handler SerialProcessor: unknown type 0x1b — skipping
10:40:35.603 [SerialProcessor ] INFO     serial_controller.serial_handler SerialProcessor: unknown type 0x1b — skipping
10:40:35.627 [SerialProcessor ] INFO     serial_controller.serial_handler SerialProcessor: unknown type 0x1b — skipping
10:40:35.639 [SerialProcessor ] INFO     serial_controller.serial_handler SerialProcessor: unknown type 0x1b — skipping
10:40:35.640 [SerialProcessor ] INFO     serial_controller.serial_handler SerialProcessor: unknown type 0x1b — skipping
10:40:35.665 [SerialProcessor ] INFO     serial_controller.serial_handler SerialProcessor: unknown type 0x1b — skipping
10:40:35.665 [SerialProcessor ] INFO     serial_controller.serial_handler SerialProcessor: unknown type 0x1b — skipping
10:40:35.691 [SerialProcessor ] INFO     serial_controller.serial_handler SerialProcessor: unknown type 0x1b — skipping
10:40:35.691 [SerialProcessor ] INFO     serial_controller.serial_handler SerialProcessor: unknown type 0x1b — skipping
10:40:35.717 [SerialProcessor ] INFO     serial_controller.serial_handler SerialProcessor: unknown type 0x1b — skipping
10:40:35.729 [SerialProcessor ] INFO     serial_controller.serial_handler SerialProcessor: unknown type 0x1b — skipping
10:40:35.730 [SerialProcessor ] INFO     serial_controller.serial_handler SerialProcessor: unknown type 0x1b — skipping
10:40:35.755 [SerialProcessor ] INFO     serial_controller.serial_handler SerialProcessor: unknown type 0x1b — skipping
10:40:35.756 [SerialProcessor ] INFO     serial_controller.serial_handler SerialProcessor: unknown type 0x1b — skipping
10:40:35.781 [SerialProcessor ] INFO     serial_controller.serial_handler SerialProcessor: unknown type 0x1b — skipping
10:40:35.782 [SerialProcessor ] INFO     serial_controller.serial_handler SerialProcessor: unknown type 0x1b — skipping
10:40:35.807 [SerialProcessor ] INFO     serial_controller.serial_handler SerialProcessor: unknown type 0x1b — skipping
10:40:35.807 [SerialProcessor ] INFO     serial_controller.serial_handler SerialProcessor: unknown type 0x1b — skipping
10:40:35.833 [SerialProcessor ] INFO     serial_controller.serial_handler SerialProcessor: unknown type 0x1b — skipping
10:40:35.845 [SerialProcessor ] INFO     serial_controller.serial_handler SerialProcessor: unknown type 0x1b — skipping
10:40:35.846 [SerialProcessor ] INFO     serial_controller.serial_handler SerialProcessor: unknown type 0x1b — skipping
10:40:35.871 [SerialProcessor ] INFO     serial_controller.serial_handler SerialProcessor: unknown type 0x1b — skipping
10:40:35.871 [SerialProcessor ] INFO     serial_controller.serial_handler SerialProcessor: unknown type 0x1b — skipping
10:40:35.897 [SerialProcessor ] INFO     serial_controller.serial_handler SerialProcessor: unknown type 0x1b — skipping
10:40:35.897 [SerialProcessor ] INFO     serial_controller.serial_handler SerialProcessor: unknown type 0x1b — skipping
10:40:35.923 [SerialProcessor ] INFO     serial_controller.serial_handler SerialProcessor: unknown type 0x1b — skipping
10:40:35.935 [SerialProcessor ] INFO     serial_controller.serial_handler SerialProcessor: unknown type 0x1b — skipping
10:40:35.936 [SerialProcessor ] INFO     serial_controller.serial_handler SerialProcessor: unknown type 0x1b — skipping
10:40:35.961 [SerialProcessor ] INFO     serial_controller.serial_handler SerialProcessor: unknown type 0x1b — skipping
10:40:35.962 [SerialProcessor ] INFO     serial_controller.serial_handler SerialProcessor: unknown type 0x1b — skipping
10:40:35.987 [SerialProcessor ] INFO     serial_controller.serial_handler SerialProcessor: unknown type 0x1b — skipping
10:40:35.987 [SerialProcessor ] INFO     serial_controller.serial_handler SerialProcessor: unknown type 0x1b — skipping
10:40:36.013 [SerialProcessor ] INFO     serial_controller.serial_handler SerialProcessor: unknown type 0x1b — skipping
10:40:36.013 [SerialProcessor ] INFO     serial_controller.serial_handler SerialProcessor: unknown type 0x1b — skipping
10:40:36.038 [SerialProcessor ] INFO     serial_controller.serial_handler SerialProcessor: unknown type 0x1b — skipping
10:40:36.051 [SerialProcessor ] INFO     serial_controller.serial_handler SerialProcessor: unknown type 0x1b — skipping
10:40:36.052 [SerialProcessor ] INFO     serial_controller.serial_handler SerialProcessor: unknown type 0x1b — skipping
10:40:36.077 [SerialProcessor ] INFO     serial_controller.serial_handler SerialProcessor: unknown type 0x1b — skipping
10:40:36.077 [SerialProcessor ] INFO     serial_controller.serial_handler SerialProcessor: unknown type 0x1b — skipping
10:40:36.103 [SerialProcessor ] INFO     serial_controller.serial_handler SerialProcessor: unknown type 0x1b — skipping
10:40:36.103 [SerialProcessor ] INFO     serial_controller.serial_handler SerialProcessor: unknown type 0x1b — skipping
10:40:36.128 [SerialProcessor ] INFO     serial_controller.serial_handler SerialProcessor: unknown type 0x1b — skipping
10:40:36.141 [SerialProcessor ] INFO     serial_controller.serial_handler SerialProcessor: unknown type 0x1b — skipping
10:40:36.141 [SerialProcessor ] INFO     serial_controller.serial_handler SerialProcessor: unknown type 0x1b — skipping
10:40:36.167 [SerialProcessor ] INFO     serial_controller.serial_handler SerialProcessor: unknown type 0x1b — skipping
10:40:36.167 [SerialProcessor ] INFO     serial_controller.serial_handler SerialProcessor: unknown type 0x1b — skipping
10:40:36.193 [SerialProcessor ] INFO     serial_controller.serial_handler SerialProcessor: unknown type 0x1b — skipping
10:40:36.193 [SerialProcessor ] INFO     serial_controller.serial_handler SerialProcessor: unknown type 0x1b — skipping
10:40:36.218 [SerialProcessor ] INFO     serial_controller.serial_handler SerialProcessor: unknown type 0x1b — skipping
10:40:36.219 [SerialProcessor ] INFO     serial_controller.serial_handler SerialProcessor: unknown type 0x1b — skipping
10:40:36.244 [SerialProcessor ] INFO     serial_controller.serial_handler SerialProcessor: unknown type 0x1b — skipping
10:40:36.257 [SerialProcessor ] INFO     serial_controller.serial_handler SerialProcessor: unknown type 0x1b — skipping
10:40:36.257 [SerialProcessor ] INFO     serial_controller.serial_handler SerialProcessor: unknown type 0x1b — skipping
10:40:36.283 [SerialProcessor ] INFO     serial_controller.serial_handler SerialProcessor: unknown type 0x1b — skipping
10:40:36.283 [SerialProcessor ] INFO     serial_controller.serial_handler SerialProcessor: unknown type 0x1b — skipping
10:40:36.308 [SerialProcessor ] INFO     serial_controller.serial_handler SerialProcessor: unknown type 0x1b — skipping
10:40:36.309 [SerialProcessor ] INFO     serial_controller.serial_handler SerialProcessor: unknown type 0x1b — skipping
10:40:36.334 [SerialProcessor ] INFO     serial_controller.serial_handler SerialProcessor: unknown type 0x1b — skipping
10:40:36.347 [SerialProcessor ] INFO     serial_controller.serial_handler SerialProcessor: unknown type 0x1b — skipping
10:40:36.347 [SerialProcessor ] INFO     serial_controller.serial_handler SerialProcessor: unknown type 0x1b — skipping
10:40:36.373 [SerialProcessor ] INFO     serial_controller.serial_handler SerialProcessor: unknown type 0x1b — skipping
10:40:36.373 [SerialProcessor ] INFO     serial_controller.serial_handler SerialProcessor: unknown type 0x1b — skipping
10:40:36.398 [SerialProcessor ] INFO     serial_controller.serial_handler SerialProcessor: unknown type 0x1b — skipping
10:40:36.399 [SerialProcessor ] INFO     serial_controller.serial_handler SerialProcessor: unknown type 0x1b — skipping
10:40:36.424 [SerialProcessor ] INFO     serial_controller.serial_handler SerialProcessor: unknown type 0x1b — skipping
10:40:36.424 [SerialProcessor ] INFO     serial_controller.serial_handler SerialProcessor: unknown type 0x1b — skipping
10:40:36.450 [SerialProcessor ] INFO     serial_controller.serial_handler SerialProcessor: unknown type 0x1b — skipping
10:40:36.463 [SerialProcessor ] INFO     serial_controller.serial_handler SerialProcessor: unknown type 0x1b — skipping
10:40:36.463 [SerialProcessor ] INFO     serial_controller.serial_handler SerialProcessor: unknown type 0x1b — skipping
10:40:36.489 [SerialProcessor ] INFO     serial_controller.serial_handler SerialProcessor: unknown type 0x1b — skipping
10:40:36.489 [SerialProcessor ] INFO     serial_controller.serial_handler SerialProcessor: unknown type 0x1b — skipping
10:40:36.514 [SerialProcessor ] INFO     serial_controller.serial_handler SerialProcessor: unknown type 0x1b — skipping
10:40:36.514 [SerialProcessor ] INFO     serial_controller.serial_handler SerialProcessor: unknown type 0x1b — skipping
10:40:36.540 [SerialProcessor ] INFO     serial_controller.serial_handler SerialProcessor: unknown type 0x1b — skipping
10:40:36.553 [SerialProcessor ] INFO     serial_controller.serial_handler SerialProcessor: unknown type 0x1b — skipping
10:40:36.553 [SerialProcessor ] INFO     serial_controller.serial_handler SerialProcessor: unknown type 0x1b — skipping
10:40:36.578 [SerialProcessor ] INFO     serial_controller.serial_handler SerialProcessor: unknown type 0x1b — skipping
10:40:36.579 [SerialProcessor ] INFO     serial_controller.serial_handler SerialProcessor: unknown type 0x1b — skipping
10:40:36.604 [SerialProcessor ] INFO     serial_controller.serial_handler SerialProcessor: unknown type 0x1b — skipping
10:40:36.605 [SerialProcessor ] INFO     serial_controller.serial_handler SerialProcessor: unknown type 0x1b — skipping
10:40:36.630 [SerialProcessor ] INFO     serial_controller.serial_handler SerialProcessor: unknown type 0x1b — skipping
10:40:36.631 [SerialProcessor ] INFO     serial_controller.serial_handler SerialProcessor: unknown type 0x1b — skipping
10:40:36.655 [SerialProcessor ] INFO     serial_controller.serial_handler SerialProcessor: unknown type 0x1b — skipping
10:40:36.668 [SerialProcessor ] INFO     serial_controller.serial_handler SerialProcessor: unknown type 0x1b — skipping
10:40:36.669 [SerialProcessor ] INFO     serial_controller.serial_handler SerialProcessor: unknown type 0x1b — skipping
10:40:36.694 [SerialProcessor ] INFO     serial_controller.serial_handler SerialProcessor: unknown type 0x1b — skipping
10:40:36.694 [SerialProcessor ] INFO     serial_controller.serial_handler SerialProcessor: unknown type 0x1b — skipping
10:40:36.720 [SerialProcessor ] INFO     serial_controller.serial_handler SerialProcessor: unknown type 0x1b — skipping
10:40:36.745 [SerialProcessor ] INFO     serial_controller.serial_handler SerialProcessor: unknown type 0x1b — skipping
10:40:36.753 [SerialProcessor ] INFO     serial_controller.serial_handler SerialProcessor: unknown type 0x1b — skipping
10:40:36.780 [SerialProcessor ] INFO     serial_controller.serial_handler SerialProcessor: unknown type 0x1b — skipping
10:40:36.780 [SerialProcessor ] INFO     serial_controller.serial_handler SerialProcessor: unknown type 0x1b — skipping
10:40:36.784 [SerialProcessor ] INFO     serial_controller.serial_handler SerialProcessor: unknown type 0x1b — skipping
10:40:36.784 [SerialProcessor ] INFO     serial_controller.serial_handler SerialProcessor: unknown type 0x1b — skipping
10:40:36.810 [SerialProcessor ] INFO     serial_controller.serial_handler SerialProcessor: unknown type 0x1b — skipping
10:40:36.810 [SerialProcessor ] INFO     serial_controller.serial_handler SerialProcessor: unknown type 0x1b — skipping
10:40:36.835 [SerialProcessor ] INFO     serial_controller.serial_handler SerialProcessor: unknown type 0x1b — skipping
10:40:36.836 [SerialProcessor ] INFO     serial_controller.serial_handler SerialProcessor: unknown type 0x1b — skipping
10:40:36.861 [SerialProcessor ] INFO     serial_controller.serial_handler SerialProcessor: unknown type 0x1b — skipping
10:40:36.874 [SerialProcessor ] INFO     serial_controller.serial_handler SerialProcessor: unknown type 0x1b — skipping
10:40:36.875 [SerialProcessor ] INFO     serial_controller.serial_handler SerialProcessor: unknown type 0x1b — skipping
10:40:36.900 [SerialProcessor ] INFO     serial_controller.serial_handler SerialProcessor: unknown type 0x1b — skipping
10:40:36.901 [SerialProcessor ] INFO     serial_controller.serial_handler SerialProcessor: unknown type 0x1b — skipping
10:40:36.928 [SerialProcessor ] INFO     serial_controller.serial_handler SerialProcessor: unknown type 0x1b — skipping
10:40:36.929 [SerialProcessor ] INFO     serial_controller.serial_handler SerialProcessor: unknown type 0x1b — skipping
10:40:36.951 [SerialProcessor ] INFO     serial_controller.serial_handler SerialProcessor: unknown type 0x1b — skipping
10:40:36.964 [SerialProcessor ] INFO     serial_controller.serial_handler SerialProcessor: unknown type 0x1b — skipping
10:40:36.964 [SerialProcessor ] INFO     serial_controller.serial_handler SerialProcessor: unknown type 0x1b — skipping
10:40:36.990 [SerialProcessor ] INFO     serial_controller.serial_handler SerialProcessor: unknown type 0x1b — skipping
10:40:36.991 [SerialProcessor ] INFO     serial_controller.serial_handler SerialProcessor: unknown type 0x1b — skipping
10:40:37.016 [SerialProcessor ] INFO     serial_controller.serial_handler SerialProcessor: unknown type 0x1b — skipping
10:40:37.016 [SerialProcessor ] INFO     serial_controller.serial_handler SerialProcessor: unknown type 0x1b — skipping
10:40:37.041 [SerialProcessor ] INFO     serial_controller.serial_handler SerialProcessor: unknown type 0x1b — skipping
10:40:37.042 [SerialProcessor ] INFO     serial_controller.serial_handler SerialProcessor: unknown type 0x1b — skipping
10:40:37.067 [SerialProcessor ] INFO     serial_controller.serial_handler SerialProcessor: unknown type 0x1b — skipping
10:40:37.080 [SerialProcessor ] INFO     serial_controller.serial_handler SerialProcessor: unknown type 0x1b — skipping
10:40:37.080 [SerialProcessor ] INFO     serial_controller.serial_handler SerialProcessor: unknown type 0x1b — skipping
10:40:37.106 [SerialProcessor ] INFO     serial_controller.serial_handler SerialProcessor: unknown type 0x1b — skipping
10:40:37.106 [SerialProcessor ] INFO     serial_controller.serial_handler SerialProcessor: unknown type 0x1b — skipping
10:40:37.131 [SerialProcessor ] INFO     serial_controller.serial_handler SerialProcessor: unknown type 0x1b — skipping
10:40:37.132 [SerialProcessor ] INFO     serial_controller.serial_handler SerialProcessor: unknown type 0x1b — skipping
10:40:37.158 [SerialProcessor ] INFO     serial_controller.serial_handler SerialProcessor: unknown type 0x1b — skipping
10:40:37.170 [SerialProcessor ] INFO     serial_controller.serial_handler SerialProcessor: unknown type 0x1b — skipping
10:40:37.171 [SerialProcessor ] INFO     serial_controller.serial_handler SerialProcessor: unknown type 0x1b — skipping
10:40:37.196 [SerialProcessor ] INFO     serial_controller.serial_handler SerialProcessor: unknown type 0x1b — skipping
10:40:37.197 [SerialProcessor ] INFO     serial_controller.serial_handler SerialProcessor: unknown type 0x1b — skipping
10:40:37.221 [SerialProcessor ] INFO     serial_controller.serial_handler SerialProcessor: unknown type 0x1b — skipping
10:40:37.222 [SerialProcessor ] INFO     serial_controller.serial_handler SerialProcessor: unknown type 0x1b — skipping
10:40:37.247 [SerialProcessor ] INFO     serial_controller.serial_handler SerialProcessor: unknown type 0x1b — skipping
10:40:37.247 [SerialProcessor ] INFO     serial_controller.serial_handler SerialProcessor: unknown type 0x1b — skipping
10:40:37.272 [SerialProcessor ] INFO     serial_controller.serial_handler SerialProcessor: unknown type 0x1b — skipping
10:40:37.285 [SerialProcessor ] INFO     serial_controller.serial_handler SerialProcessor: unknown type 0x1b — skipping
10:40:37.286 [SerialProcessor ] INFO     serial_controller.serial_handler SerialProcessor: unknown type 0x1b — skipping
10:40:37.311 [SerialProcessor ] INFO     serial_controller.serial_handler SerialProcessor: unknown type 0x1b — skipping
10:40:37.311 [SerialProcessor ] INFO     serial_controller.serial_handler SerialProcessor: unknown type 0x1b — skipping
10:40:37.337 [SerialProcessor ] INFO     serial_controller.serial_handler SerialProcessor: unknown type 0x1b — skipping
10:40:37.337 [SerialProcessor ] INFO     serial_controller.serial_handler SerialProcessor: unknown type 0x1b — skipping
10:40:37.362 [SerialProcessor ] INFO     serial_controller.serial_handler SerialProcessor: unknown type 0x1b — skipping
10:40:37.375 [SerialProcessor ] INFO     serial_controller.serial_handler SerialProcessor: unknown type 0x1b — skipping
10:40:37.376 [SerialProcessor ] INFO     serial_controller.serial_handler SerialProcessor: unknown type 0x1b — skipping
10:40:37.401 [SerialProcessor ] INFO     serial_controller.serial_handler SerialProcessor: unknown type 0x1b — skipping
10:40:37.401 [SerialProcessor ] INFO     serial_controller.serial_handler SerialProcessor: unknown type 0x1b — skipping
10:40:37.427 [SerialProcessor ] INFO     serial_controller.serial_handler SerialProcessor: unknown type 0x1b — skipping
10:40:37.427 [SerialProcessor ] INFO     serial_controller.serial_handler SerialProcessor: unknown type 0x1b — skipping
10:40:37.453 [SerialProcessor ] INFO     serial_controller.serial_handler SerialProcessor: unknown type 0x1b — skipping
10:40:37.453 [SerialProcessor ] INFO     serial_controller.serial_handler SerialProcessor: unknown type 0x1b — skipping
10:40:37.479 [SerialProcessor ] INFO     serial_controller.serial_handler SerialProcessor: unknown type 0x1b — skipping
10:40:37.493 [SerialProcessor ] INFO     serial_controller.serial_handler SerialProcessor: unknown type 0x1b — skipping
10:40:37.494 [SerialProcessor ] INFO     serial_controller.serial_handler SerialProcessor: unknown type 0x1b — skipping
10:40:37.517 [SerialProcessor ] INFO     serial_controller.serial_handler SerialProcessor: unknown type 0x1b — skipping
10:40:37.518 [SerialProcessor ] INFO     serial_controller.serial_handler SerialProcessor: unknown type 0x1b — skipping
10:40:37.543 [SerialProcessor ] INFO     serial_controller.serial_handler SerialProcessor: unknown type 0x1b — skipping
10:40:37.544 [SerialProcessor ] INFO     serial_controller.serial_handler SerialProcessor: unknown type 0x1b — skipping
10:40:37.568 [SerialProcessor ] INFO     serial_controller.serial_handler SerialProcessor: unknown type 0x1b — skipping
10:40:37.581 [SerialProcessor ] INFO     serial_controller.serial_handler SerialProcessor: unknown type 0x1b — skipping
10:40:37.581 [SerialProcessor ] INFO     serial_controller.serial_handler SerialProcessor: unknown type 0x1b — skipping
10:40:37.607 [SerialProcessor ] INFO     serial_controller.serial_handler SerialProcessor: unknown type 0x1b — skipping
10:40:37.607 [SerialProcessor ] INFO     serial_controller.serial_handler SerialProcessor: unknown type 0x1b — skipping
10:40:37.633 [SerialProcessor ] INFO     serial_controller.serial_handler SerialProcessor: unknown type 0x1b — skipping
10:40:37.633 [SerialProcessor ] INFO     serial_controller.serial_handler SerialProcessor: unknown type 0x1b — skipping
10:40:37.658 [SerialProcessor ] INFO     serial_controller.serial_handler SerialProcessor: unknown type 0x1b — skipping
10:40:37.659 [SerialProcessor ] INFO     serial_controller.serial_handler SerialProcessor: unknown type 0x1b — skipping
10:40:37.684 [SerialProcessor ] INFO     serial_controller.serial_handler SerialProcessor: unknown type 0x1b — skipping
10:40:37.697 [SerialProcessor ] INFO     serial_controller.serial_handler SerialProcessor: unknown type 0x1b — skipping
10:40:37.701 [SerialProcessor ] INFO     serial_controller.serial_handler SerialProcessor: unknown type 0x1b — skipping
10:40:37.723 [SerialProcessor ] INFO     serial_controller.serial_handler SerialProcessor: unknown type 0x1b — skipping
10:40:37.723 [SerialProcessor ] INFO     serial_controller.serial_handler SerialProcessor: unknown type 0x1b — skipping
10:40:37.748 [SerialProcessor ] INFO     serial_controller.serial_handler SerialProcessor: unknown type 0x1b — skipping
10:40:37.749 [SerialProcessor ] INFO     serial_controller.serial_handler SerialProcessor: unknown type 0x1b — skipping
10:40:37.774 [SerialProcessor ] INFO     serial_controller.serial_handler SerialProcessor: unknown type 0x1b — skipping
10:40:37.787 [SerialProcessor ] INFO     serial_controller.serial_handler SerialProcessor: unknown type 0x1b — skipping
10:40:37.787 [SerialProcessor ] INFO     serial_controller.serial_handler SerialProcessor: unknown type 0x1b — skipping
10:40:37.813 [SerialProcessor ] INFO     serial_controller.serial_handler SerialProcessor: unknown type 0x1b — skipping
10:40:37.813 [SerialProcessor ] INFO     serial_controller.serial_handler SerialProcessor: unknown type 0x1b — skipping
10:40:37.838 [SerialProcessor ] INFO     serial_controller.serial_handler SerialProcessor: unknown type 0x1b — skipping
10:40:37.839 [SerialProcessor ] INFO     serial_controller.serial_handler SerialProcessor: unknown type 0x1b — skipping
10:40:37.864 [SerialProcessor ] INFO     serial_controller.serial_handler SerialProcessor: unknown type 0x1b — skipping
10:40:37.864 [SerialProcessor ] INFO     serial_controller.serial_handler SerialProcessor: unknown type 0x1b — skipping
10:40:37.890 [SerialProcessor ] INFO     serial_controller.serial_handler SerialProcessor: unknown type 0x1b — skipping
10:40:37.903 [SerialProcessor ] INFO     serial_controller.serial_handler SerialProcessor: unknown type 0x1b — skipping
10:40:37.903 [SerialProcessor ] INFO     serial_controller.serial_handler SerialProcessor: unknown type 0x1b — skipping
10:40:37.929 [SerialProcessor ] INFO     serial_controller.serial_handler SerialProcessor: unknown type 0x1b — skipping
10:40:37.930 [SerialProcessor ] INFO     serial_controller.serial_handler SerialProcessor: unknown type 0x1b — skipping
10:40:37.954 [SerialProcessor ] INFO     serial_controller.serial_handler SerialProcessor: unknown type 0x1b — skipping
10:40:37.955 [SerialProcessor ] INFO     serial_controller.serial_handler SerialProcessor: unknown type 0x1b — skipping
10:40:37.980 [SerialProcessor ] INFO     serial_controller.serial_handler SerialProcessor: unknown type 0x1b — skipping
10:40:37.993 [SerialProcessor ] INFO     serial_controller.serial_handler SerialProcessor: unknown type 0x1b — skipping
10:40:37.994 [SerialProcessor ] INFO     serial_controller.serial_handler SerialProcessor: unknown type 0x1b — skipping
10:40:38.019 [SerialProcessor ] INFO     serial_controller.serial_handler SerialProcessor: unknown type 0x1b — skipping
10:40:38.020 [SerialProcessor ] INFO     serial_controller.serial_handler SerialProcessor: unknown type 0x1b — skipping
10:40:38.045 [SerialProcessor ] INFO     serial_controller.serial_handler SerialProcessor: unknown type 0x1b — skipping
10:40:38.045 [SerialProcessor ] INFO     serial_controller.serial_handler SerialProcessor: unknown type 0x1b — skipping
10:40:38.070 [SerialProcessor ] INFO     serial_controller.serial_handler SerialProcessor: unknown type 0x1b — skipping
10:40:38.071 [SerialProcessor ] INFO     serial_controller.serial_handler SerialProcessor: unknown type 0x1b — skipping
10:40:38.096 [SerialProcessor ] INFO     serial_controller.serial_handler SerialProcessor: unknown type 0x1b — skipping
10:40:38.108 [SerialProcessor ] INFO     serial_controller.serial_handler SerialProcessor: unknown type 0x1b — skipping
10:40:38.109 [SerialProcessor ] INFO     serial_controller.serial_handler SerialProcessor: unknown type 0x1b — skipping
10:40:38.134 [SerialProcessor ] INFO     serial_controller.serial_handler SerialProcessor: unknown type 0x1b — skipping
10:40:38.135 [SerialProcessor ] INFO     serial_controller.serial_handler SerialProcessor: unknown type 0x1b — skipping
10:40:38.160 [SerialProcessor ] INFO     serial_controller.serial_handler SerialProcessor: unknown type 0x1b — skipping
10:40:38.161 [SerialProcessor ] INFO     serial_controller.serial_handler SerialProcessor: unknown type 0x1b — skipping
10:40:38.186 [SerialProcessor ] INFO     serial_controller.serial_handler SerialProcessor: unknown type 0x1b — skipping
10:40:38.198 [SerialProcessor ] INFO     serial_controller.serial_handler SerialProcessor: unknown type 0x1b — skipping
10:40:38.199 [SerialProcessor ] INFO     serial_controller.serial_handler SerialProcessor: unknown type 0x1b — skipping
10:40:38.224 [SerialProcessor ] INFO     serial_controller.serial_handler SerialProcessor: unknown type 0x1b — skipping
10:40:38.225 [SerialProcessor ] INFO     serial_controller.serial_handler SerialProcessor: unknown type 0x1b — skipping
10:40:38.250 [SerialProcessor ] INFO     serial_controller.serial_handler SerialProcessor: unknown type 0x1b — skipping
10:40:38.250 [SerialProcessor ] INFO     serial_controller.serial_handler SerialProcessor: unknown type 0x1b — skipping
10:40:38.276 [SerialProcessor ] INFO     serial_controller.serial_handler SerialProcessor: unknown type 0x1b — skipping
10:40:38.276 [SerialProcessor ] INFO     serial_controller.serial_handler SerialProcessor: unknown type 0x1b — skipping
10:40:38.301 [SerialProcessor ] INFO     serial_controller.serial_handler SerialProcessor: unknown type 0x1b — skipping
10:40:38.314 [SerialProcessor ] INFO     serial_controller.serial_handler SerialProcessor: unknown type 0x1b — skipping
10:40:38.316 [SerialProcessor ] INFO     serial_controller.serial_handler SerialProcessor: unknown type 0x1b — skipping
10:40:38.340 [SerialProcessor ] INFO     serial_controller.serial_handler SerialProcessor: unknown type 0x1b — skipping
10:40:38.341 [SerialProcessor ] INFO     serial_controller.serial_handler SerialProcessor: unknown type 0x1b — skipping
10:40:38.366 [SerialProcessor ] INFO     serial_controller.serial_handler SerialProcessor: unknown type 0x1b — skipping
10:40:38.367 [SerialProcessor ] INFO     serial_controller.serial_handler SerialProcessor: unknown type 0x1b — skipping
10:40:38.391 [SerialProcessor ] INFO     serial_controller.serial_handler SerialProcessor: unknown type 0x1b — skipping
10:40:38.404 [SerialProcessor ] INFO     serial_controller.serial_handler SerialProcessor: unknown type 0x1b — skipping
10:40:38.405 [SerialProcessor ] INFO     serial_controller.serial_handler SerialProcessor: unknown type 0x1b — skipping
10:40:38.430 [SerialProcessor ] INFO     serial_controller.serial_handler SerialProcessor: unknown type 0x1b — skipping
10:40:38.430 [SerialProcessor ] INFO     serial_controller.serial_handler SerialProcessor: unknown type 0x1b — skipping
10:40:38.456 [SerialProcessor ] INFO     serial_controller.serial_handler SerialProcessor: unknown type 0x1b — skipping
10:40:38.456 [SerialProcessor ] INFO     serial_controller.serial_handler SerialProcessor: unknown type 0x1b — skipping
10:40:38.481 [SerialProcessor ] INFO     serial_controller.serial_handler SerialProcessor: unknown type 0x1b — skipping
10:40:38.482 [SerialProcessor ] INFO     serial_controller.serial_handler SerialProcessor: unknown type 0x1b — skipping
10:40:38.508 [SerialProcessor ] INFO     serial_controller.serial_handler SerialProcessor: unknown type 0x1b — skipping
10:40:38.520 [SerialProcessor ] INFO     serial_controller.serial_handler SerialProcessor: unknown type 0x1b — skipping
10:40:38.520 [SerialProcessor ] INFO     serial_controller.serial_handler SerialProcessor: unknown type 0x1b — skipping
10:40:38.546 [SerialProcessor ] INFO     serial_controller.serial_handler SerialProcessor: unknown type 0x1b — skipping
10:40:38.546 [SerialProcessor ] INFO     serial_controller.serial_handler SerialProcessor: unknown type 0x1b — skipping
10:40:38.571 [SerialProcessor ] INFO     serial_controller.serial_handler SerialProcessor: unknown type 0x1b — skipping
10:40:38.576 [SerialProcessor ] INFO     serial_controller.serial_handler SerialProcessor: unknown type 0x1b — skipping
10:40:38.597 [SerialProcessor ] INFO     serial_controller.serial_handler SerialProcessor: unknown type 0x1b — skipping
10:40:38.611 [SerialProcessor ] INFO     serial_controller.serial_handler SerialProcessor: unknown type 0x1b — skipping
10:40:38.611 [SerialProcessor ] INFO     serial_controller.serial_handler SerialProcessor: unknown type 0x1b — skipping
10:40:38.635 [SerialProcessor ] INFO     serial_controller.serial_handler SerialProcessor: unknown type 0x1b — skipping
10:40:38.636 [SerialProcessor ] INFO     serial_controller.serial_handler SerialProcessor: unknown type 0x1b — skipping
10:40:38.661 [SerialProcessor ] INFO     serial_controller.serial_handler SerialProcessor: unknown type 0x1b — skipping
10:40:38.662 [SerialProcessor ] INFO     serial_controller.serial_handler SerialProcessor: unknown type 0x1b — skipping
10:40:38.687 [SerialProcessor ] INFO     serial_controller.serial_handler SerialProcessor: unknown type 0x1b — skipping
10:40:38.687 [SerialProcessor ] INFO     serial_controller.serial_handler SerialProcessor: unknown type 0x1b — skipping
10:40:38.713 [SerialProcessor ] INFO     serial_controller.serial_handler SerialProcessor: unknown type 0x1b — skipping
10:40:38.725 [SerialProcessor ] INFO     serial_controller.serial_handler SerialProcessor: unknown type 0x1b — skipping
10:40:38.726 [SerialProcessor ] INFO     serial_controller.serial_handler SerialProcessor: unknown type 0x1b — skipping
10:40:38.751 [SerialProcessor ] INFO     serial_controller.serial_handler SerialProcessor: unknown type 0x1b — skipping
10:40:38.752 [SerialProcessor ] INFO     serial_controller.serial_handler SerialProcessor: unknown type 0x1b — skipping
10:40:38.777 [SerialProcessor ] INFO     serial_controller.serial_handler SerialProcessor: unknown type 0x1b — skipping
10:40:38.777 [SerialProcessor ] INFO     serial_controller.serial_handler SerialProcessor: unknown type 0x1b — skipping
10:40:38.803 [SerialProcessor ] INFO     serial_controller.serial_handler SerialProcessor: unknown type 0x1b — skipping
10:40:38.815 [SerialProcessor ] INFO     serial_controller.serial_handler SerialProcessor: unknown type 0x1b — skipping
10:40:38.816 [SerialProcessor ] INFO     serial_controller.serial_handler SerialProcessor: unknown type 0x1b — skipping
10:40:38.841 [SerialProcessor ] INFO     serial_controller.serial_handler SerialProcessor: unknown type 0x1b — skipping
10:40:38.842 [SerialProcessor ] INFO     serial_controller.serial_handler SerialProcessor: unknown type 0x1b — skipping
10:40:38.867 [SerialProcessor ] INFO     serial_controller.serial_handler SerialProcessor: unknown type 0x1b — skipping
10:40:38.868 [SerialProcessor ] INFO     serial_controller.serial_handler SerialProcessor: unknown type 0x1b — skipping
10:40:38.893 [SerialProcessor ] INFO     serial_controller.serial_handler SerialProcessor: unknown type 0x1b — skipping
10:40:38.893 [SerialProcessor ] INFO     serial_controller.serial_handler SerialProcessor: unknown type 0x1b — skipping
10:40:38.918 [SerialProcessor ] INFO     serial_controller.serial_handler SerialProcessor: unknown type 0x1b — skipping
10:40:38.931 [SerialProcessor ] INFO     serial_controller.serial_handler SerialProcessor: unknown type 0x1b — skipping
10:40:38.932 [SerialProcessor ] INFO     serial_controller.serial_handler SerialProcessor: unknown type 0x1b — skipping
10:40:38.957 [SerialProcessor ] INFO     serial_controller.serial_handler SerialProcessor: unknown type 0x1b — skipping
10:40:38.957 [SerialProcessor ] INFO     serial_controller.serial_handler SerialProcessor: unknown type 0x1b — skipping
10:40:38.983 [SerialProcessor ] INFO     serial_controller.serial_handler SerialProcessor: unknown type 0x1b — skipping
10:40:38.984 [SerialProcessor ] INFO     serial_controller.serial_handler SerialProcessor: unknown type 0x1b — skipping
10:40:39.009 [SerialProcessor ] INFO     serial_controller.serial_handler SerialProcessor: unknown type 0x1b — skipping
10:40:39.021 [SerialProcessor ] INFO     serial_controller.serial_handler SerialProcessor: unknown type 0x1b — skipping
10:40:39.022 [SerialProcessor ] INFO     serial_controller.serial_handler SerialProcessor: unknown type 0x1b — skipping
10:40:39.047 [SerialProcessor ] INFO     serial_controller.serial_handler SerialProcessor: unknown type 0x1b — skipping
10:40:39.048 [SerialProcessor ] INFO     serial_controller.serial_handler SerialProcessor: unknown type 0x1b — skipping
10:40:39.073 [SerialProcessor ] INFO     serial_controller.serial_handler SerialProcessor: unknown type 0x1b — skipping
10:40:39.073 [SerialProcessor ] INFO     serial_controller.serial_handler SerialProcessor: unknown type 0x1b — skipping
10:40:39.098 [SerialProcessor ] INFO     serial_controller.serial_handler SerialProcessor: unknown type 0x1b — skipping
10:40:39.099 [SerialProcessor ] INFO     serial_controller.serial_handler SerialProcessor: unknown type 0x1b — skipping
10:40:39.124 [SerialProcessor ] INFO     serial_controller.serial_handler SerialProcessor: unknown type 0x1b — skipping
10:40:39.137 [SerialProcessor ] INFO     serial_controller.serial_handler SerialProcessor: unknown type 0x1b — skipping
10:40:39.138 [SerialProcessor ] INFO     serial_controller.serial_handler SerialProcessor: unknown type 0x1b — skipping
10:40:39.163 [SerialProcessor ] INFO     serial_controller.serial_handler SerialProcessor: unknown type 0x1b — skipping
10:40:39.163 [SerialProcessor ] INFO     serial_controller.serial_handler SerialProcessor: unknown type 0x1b — skipping
10:40:39.188 [SerialProcessor ] INFO     serial_controller.serial_handler SerialProcessor: unknown type 0x1b — skipping
10:40:39.189 [SerialProcessor ] INFO     serial_controller.serial_handler SerialProcessor: unknown type 0x1b — skipping
10:40:39.214 [SerialProcessor ] INFO     serial_controller.serial_handler SerialProcessor: unknown type 0x1b — skipping
10:40:39.227 [SerialProcessor ] INFO     serial_controller.serial_handler SerialProcessor: unknown type 0x1b — skipping
10:40:39.228 [SerialProcessor ] INFO     serial_controller.serial_handler SerialProcessor: unknown type 0x1b — skipping
10:40:39.253 [SerialProcessor ] INFO     serial_controller.serial_handler SerialProcessor: unknown type 0x1b — skipping
10:40:39.253 [SerialProcessor ] INFO     serial_controller.serial_handler SerialProcessor: unknown type 0x1b — skipping
10:40:39.278 [SerialProcessor ] INFO     serial_controller.serial_handler SerialProcessor: unknown type 0x1b — skipping
10:40:39.279 [SerialProcessor ] INFO     serial_controller.serial_handler SerialProcessor: unknown type 0x1b — skipping
10:40:39.304 [SerialProcessor ] INFO     serial_controller.serial_handler SerialProcessor: unknown type 0x1b — skipping
10:40:39.304 [SerialProcessor ] INFO     serial_controller.serial_handler SerialProcessor: unknown type 0x1b — skipping
10:40:39.330 [SerialProcessor ] INFO     serial_controller.serial_handler SerialProcessor: unknown type 0x1b — skipping
10:40:39.342 [SerialProcessor ] INFO     serial_controller.serial_handler SerialProcessor: unknown type 0x1b — skipping
10:40:39.343 [SerialProcessor ] INFO     serial_controller.serial_handler SerialProcessor: unknown type 0x1b — skipping
10:40:39.368 [SerialProcessor ] INFO     serial_controller.serial_handler SerialProcessor: unknown type 0x1b — skipping
10:40:39.369 [SerialProcessor ] INFO     serial_controller.serial_handler SerialProcessor: unknown type 0x1b — skipping
10:40:39.394 [SerialProcessor ] INFO     serial_controller.serial_handler SerialProcessor: unknown type 0x1b — skipping
10:40:39.394 [SerialProcessor ] INFO     serial_controller.serial_handler SerialProcessor: unknown type 0x1b — skipping
10:40:39.420 [SerialProcessor ] INFO     serial_controller.serial_handler SerialProcessor: unknown type 0x1b — skipping
10:40:39.436 [SerialProcessor ] INFO     serial_controller.serial_handler SerialProcessor: unknown type 0x1b — skipping
10:40:39.438 [SerialProcessor ] INFO     serial_controller.serial_handler SerialProcessor: unknown type 0x1b — skipping
10:40:39.459 [SerialProcessor ] INFO     serial_controller.serial_handler SerialProcessor: unknown type 0x1b — skipping
10:40:39.460 [SerialProcessor ] INFO     serial_controller.serial_handler SerialProcessor: unknown type 0x1b — skipping
10:40:39.484 [SerialProcessor ] INFO     serial_controller.serial_handler SerialProcessor: unknown type 0x1b — skipping
10:40:39.485 [SerialProcessor ] INFO     serial_controller.serial_handler SerialProcessor: unknown type 0x1b — skipping
10:40:39.510 [SerialProcessor ] INFO     serial_controller.serial_handler SerialProcessor: unknown type 0x1b — skipping
10:40:39.510 [SerialProcessor ] INFO     serial_controller.serial_handler SerialProcessor: unknown type 0x1b — skipping
10:40:39.535 [SerialProcessor ] INFO     serial_controller.serial_handler SerialProcessor: unknown type 0x1b — skipping
10:40:39.548 [SerialProcessor ] INFO     serial_controller.serial_handler SerialProcessor: unknown type 0x1b — skipping
10:40:39.548 [SerialProcessor ] INFO     serial_controller.serial_handler SerialProcessor: unknown type 0x1b — skipping
10:40:39.574 [SerialProcessor ] INFO     serial_controller.serial_handler SerialProcessor: unknown type 0x1b — skipping
10:40:39.574 [SerialProcessor ] INFO     serial_controller.serial_handler SerialProcessor: unknown type 0x1b — skipping
10:40:39.600 [SerialProcessor ] INFO     serial_controller.serial_handler SerialProcessor: unknown type 0x1b — skipping
10:40:39.600 [SerialProcessor ] INFO     serial_controller.serial_handler SerialProcessor: unknown type 0x1b — skipping
10:40:39.625 [SerialProcessor ] INFO     serial_controller.serial_handler SerialProcessor: unknown type 0x1b — skipping
10:40:39.638 [SerialProcessor ] INFO     serial_controller.serial_handler SerialProcessor: unknown type 0x1b — skipping
10:40:39.639 [SerialProcessor ] INFO     serial_controller.serial_handler SerialProcessor: unknown type 0x1b — skipping
10:40:39.664 [SerialProcessor ] INFO     serial_controller.serial_handler SerialProcessor: unknown type 0x1b — skipping
10:40:39.688 [SerialProcessor ] INFO     serial_controller.serial_handler SerialProcessor: unknown type 0x1b — skipping
10:40:39.693 [SerialProcessor ] INFO     serial_controller.serial_handler SerialProcessor: unknown type 0x1b — skipping
10:40:39.694 [SerialProcessor ] INFO     serial_controller.serial_handler SerialProcessor: unknown type 0x1b — skipping
10:40:39.722 [SerialProcessor ] INFO     serial_controller.serial_handler SerialProcessor: unknown type 0x1b — skipping
10:40:39.729 [SerialProcessor ] INFO     serial_controller.serial_handler SerialProcessor: unknown type 0x1b — skipping
10:40:39.741 [SerialProcessor ] INFO     serial_controller.serial_handler SerialProcessor: unknown type 0x1b — skipping
10:40:39.755 [SerialProcessor ] INFO     serial_controller.serial_handler SerialProcessor: unknown type 0x1b — skipping
10:40:39.763 [SerialProcessor ] INFO     serial_controller.serial_handler SerialProcessor: unknown type 0x1b — skipping
10:40:39.779 [SerialProcessor ] INFO     serial_controller.serial_handler SerialProcessor: unknown type 0x1b — skipping
10:40:39.780 [SerialProcessor ] INFO     serial_controller.serial_handler SerialProcessor: unknown type 0x1b — skipping
10:40:39.805 [SerialProcessor ] INFO     serial_controller.serial_handler SerialProcessor: unknown type 0x1b — skipping
10:40:39.805 [SerialProcessor ] INFO     serial_controller.serial_handler SerialProcessor: unknown type 0x1b — skipping
10:40:39.831 [SerialProcessor ] INFO     serial_controller.serial_handler SerialProcessor: unknown type 0x1b — skipping
10:40:39.844 [SerialProcessor ] INFO     serial_controller.serial_handler SerialProcessor: unknown type 0x1b — skipping
10:40:39.844 [SerialProcessor ] INFO     serial_controller.serial_handler SerialProcessor: unknown type 0x1b — skipping
10:40:39.869 [SerialProcessor ] INFO     serial_controller.serial_handler SerialProcessor: unknown type 0x1b — skipping
10:40:39.870 [SerialProcessor ] INFO     serial_controller.serial_handler SerialProcessor: unknown type 0x1b — skipping
10:40:39.895 [SerialProcessor ] INFO     serial_controller.serial_handler SerialProcessor: unknown type 0x1b — skipping
10:40:39.896 [SerialProcessor ] INFO     serial_controller.serial_handler SerialProcessor: unknown type 0x1b — skipping
10:40:39.921 [SerialProcessor ] INFO     serial_controller.serial_handler SerialProcessor: unknown type 0x1b — skipping
10:40:39.922 [SerialProcessor ] INFO     serial_controller.serial_handler SerialProcessor: unknown type 0x1b — skipping
10:40:39.947 [SerialProcessor ] INFO     serial_controller.serial_handler SerialProcessor: unknown type 0x1b — skipping
10:40:39.959 [SerialProcessor ] INFO     serial_controller.serial_handler SerialProcessor: unknown type 0x1b — skipping
10:40:39.960 [SerialProcessor ] INFO     serial_controller.serial_handler SerialProcessor: unknown type 0x1b — skipping
10:40:39.986 [SerialProcessor ] INFO     serial_controller.serial_handler SerialProcessor: unknown type 0x1b — skipping
10:40:39.987 [SerialProcessor ] INFO     serial_controller.serial_handler SerialProcessor: unknown type 0x1b — skipping
10:40:40.011 [SerialProcessor ] INFO     serial_controller.serial_handler SerialProcessor: unknown type 0x1b — skipping
10:40:40.011 [SerialProcessor ] INFO     serial_controller.serial_handler SerialProcessor: unknown type 0x1b — skipping
10:40:40.037 [SerialProcessor ] INFO     serial_controller.serial_handler SerialProcessor: unknown type 0x1b — skipping
10:40:40.050 [SerialProcessor ] INFO     serial_controller.serial_handler SerialProcessor: unknown type 0x1b — skipping
10:40:40.051 [SerialProcessor ] INFO     serial_controller.serial_handler SerialProcessor: unknown type 0x1b — skipping
10:40:40.076 [SerialProcessor ] INFO     serial_controller.serial_handler SerialProcessor: unknown type 0x1b — skipping
10:40:40.076 [SerialProcessor ] INFO     serial_controller.serial_handler SerialProcessor: unknown type 0x1b — skipping
10:40:40.101 [SerialProcessor ] INFO     serial_controller.serial_handler SerialProcessor: unknown type 0x1b — skipping
10:40:40.102 [SerialProcessor ] INFO     serial_controller.serial_handler SerialProcessor: unknown type 0x1b — skipping
10:40:40.127 [SerialProcessor ] INFO     serial_controller.serial_handler SerialProcessor: unknown type 0x1b — skipping
10:40:40.127 [SerialProcessor ] INFO     serial_controller.serial_handler SerialProcessor: unknown type 0x1b — skipping
10:40:40.153 [SerialProcessor ] INFO     serial_controller.serial_handler SerialProcessor: unknown type 0x1b — skipping
10:40:40.165 [SerialProcessor ] INFO     serial_controller.serial_handler SerialProcessor: unknown type 0x1b — skipping
10:40:40.166 [SerialProcessor ] INFO     serial_controller.serial_handler SerialProcessor: unknown type 0x1b — skipping
10:40:40.192 [SerialProcessor ] INFO     serial_controller.serial_handler SerialProcessor: unknown type 0x1b — skipping
10:40:40.193 [SerialProcessor ] INFO     serial_controller.serial_handler SerialProcessor: unknown type 0x1b — skipping
10:40:40.217 [SerialProcessor ] INFO     serial_controller.serial_handler SerialProcessor: unknown type 0x1b — skipping
10:40:40.217 [SerialProcessor ] INFO     serial_controller.serial_handler SerialProcessor: unknown type 0x1b — skipping
10:40:40.243 [SerialProcessor ] INFO     serial_controller.serial_handler SerialProcessor: unknown type 0x1b — skipping
10:40:40.255 [SerialProcessor ] INFO     serial_controller.serial_handler SerialProcessor: unknown type 0x1b — skipping
10:40:40.256 [SerialProcessor ] INFO     serial_controller.serial_handler SerialProcessor: unknown type 0x1b — skipping
10:40:40.281 [SerialProcessor ] INFO     serial_controller.serial_handler SerialProcessor: unknown type 0x1b — skipping
10:40:40.281 [SerialProcessor ] INFO     serial_controller.serial_handler SerialProcessor: unknown type 0x1b — skipping
10:40:40.307 [SerialProcessor ] INFO     serial_controller.serial_handler SerialProcessor: unknown type 0x1b — skipping
10:40:40.308 [SerialProcessor ] INFO     serial_controller.serial_handler SerialProcessor: unknown type 0x1b — skipping
10:40:40.332 [SerialProcessor ] INFO     serial_controller.serial_handler SerialProcessor: unknown type 0x1b — skipping
10:40:40.333 [SerialProcessor ] INFO     serial_controller.serial_handler SerialProcessor: unknown type 0x1b — skipping
10:40:40.358 [SerialProcessor ] INFO     serial_controller.serial_handler SerialProcessor: unknown type 0x1b — skipping
10:40:40.371 [SerialProcessor ] INFO     serial_controller.serial_handler SerialProcessor: unknown type 0x1b — skipping
10:40:40.372 [SerialProcessor ] INFO     serial_controller.serial_handler SerialProcessor: unknown type 0x1b — skipping
10:40:40.397 [SerialProcessor ] INFO     serial_controller.serial_handler SerialProcessor: unknown type 0x1b — skipping
10:40:40.397 [SerialProcessor ] INFO     serial_controller.serial_handler SerialProcessor: unknown type 0x1b — skipping
10:40:40.423 [SerialProcessor ] INFO     serial_controller.serial_handler SerialProcessor: unknown type 0x1b — skipping
10:40:40.423 [SerialProcessor ] INFO     serial_controller.serial_handler SerialProcessor: unknown type 0x1b — skipping
10:40:40.448 [SerialProcessor ] INFO     serial_controller.serial_handler SerialProcessor: unknown type 0x1b — skipping
10:40:40.461 [SerialProcessor ] INFO     serial_controller.serial_handler SerialProcessor: unknown type 0x1b — skipping
10:40:40.461 [SerialProcessor ] INFO     serial_controller.serial_handler SerialProcessor: unknown type 0x1b — skipping
10:40:40.487 [SerialProcessor ] INFO     serial_controller.serial_handler SerialProcessor: unknown type 0x1b — skipping
10:40:40.487 [SerialProcessor ] INFO     serial_controller.serial_handler SerialProcessor: unknown type 0x1b — skipping
10:40:40.512 [SerialProcessor ] INFO     serial_controller.serial_handler SerialProcessor: unknown type 0x1b — skipping
10:40:40.513 [SerialProcessor ] INFO     serial_controller.serial_handler SerialProcessor: unknown type 0x1b — skipping
10:40:40.538 [SerialProcessor ] INFO     serial_controller.serial_handler SerialProcessor: unknown type 0x1b — skipping
10:40:40.539 [SerialProcessor ] INFO     serial_controller.serial_handler SerialProcessor: unknown type 0x1b — skipping
10:40:40.564 [SerialProcessor ] INFO     serial_controller.serial_handler SerialProcessor: unknown type 0x1b — skipping
10:40:40.577 [SerialProcessor ] INFO     serial_controller.serial_handler SerialProcessor: unknown type 0x1b — skipping
10:40:40.578 [SerialProcessor ] INFO     serial_controller.serial_handler SerialProcessor: unknown type 0x1b — skipping
10:40:40.602 [SerialProcessor ] INFO     serial_controller.serial_handler SerialProcessor: unknown type 0x1b — skipping
10:40:40.603 [SerialProcessor ] INFO     serial_controller.serial_handler SerialProcessor: unknown type 0x1b — skipping
10:40:40.628 [SerialProcessor ] INFO     serial_controller.serial_handler SerialProcessor: unknown type 0x1b — skipping
10:40:40.629 [SerialProcessor ] INFO     serial_controller.serial_handler SerialProcessor: unknown type 0x1b — skipping
10:40:40.654 [SerialProcessor ] INFO     serial_controller.serial_handler SerialProcessor: unknown type 0x1b — skipping
10:40:40.667 [SerialProcessor ] INFO     serial_controller.serial_handler SerialProcessor: unknown type 0x1b — skipping
10:40:40.667 [SerialProcessor ] INFO     serial_controller.serial_handler SerialProcessor: unknown type 0x1b — skipping
10:40:40.693 [SerialProcessor ] INFO     serial_controller.serial_handler SerialProcessor: unknown type 0x1b — skipping
10:40:40.694 [SerialProcessor ] INFO     serial_controller.serial_handler SerialProcessor: unknown type 0x1b — skipping
10:40:40.719 [SerialProcessor ] INFO     serial_controller.serial_handler SerialProcessor: unknown type 0x1b — skipping
10:40:40.721 [SerialProcessor ] INFO     serial_controller.serial_handler SerialProcessor: unknown type 0x1b — skipping
10:40:40.744 [SerialProcessor ] INFO     serial_controller.serial_handler SerialProcessor: unknown type 0x1b — skipping
10:40:40.746 [SerialProcessor ] INFO     serial_controller.serial_handler SerialProcessor: unknown type 0x1b — skipping
10:40:40.781 [SerialProcessor ] INFO     serial_controller.serial_handler SerialProcessor: unknown type 0x1b — skipping
10:40:40.855 [SerialProcessor ] INFO     serial_controller.serial_handler SerialProcessor: unknown type 0x1b — skipping
10:40:40.858 [SerialProcessor ] INFO     serial_controller.serial_handler SerialProcessor: unknown type 0x1b — skipping
10:40:40.859 [SerialProcessor ] INFO     serial_controller.serial_handler SerialProcessor: unknown type 0x1b — skipping
10:40:40.859 [SerialProcessor ] INFO     serial_controller.serial_handler SerialProcessor: unknown type 0x1b — skipping
10:40:40.859 [SerialProcessor ] INFO     serial_controller.serial_handler SerialProcessor: unknown type 0x1b — skipping
10:40:40.859 [SerialProcessor ] INFO     serial_controller.serial_handler SerialProcessor: unknown type 0x1b — skipping
10:40:40.860 [SerialProcessor ] INFO     serial_controller.serial_handler SerialProcessor: unknown type 0x1b — skipping
10:40:40.873 [SerialProcessor ] INFO     serial_controller.serial_handler SerialProcessor: unknown type 0x1b — skipping
10:40:40.892 [SerialProcessor ] INFO     serial_controller.serial_handler SerialProcessor: unknown type 0x1b — skipping
10:40:40.898 [SerialProcessor ] INFO     serial_controller.serial_handler SerialProcessor: unknown type 0x1b — skipping
10:40:40.899 [SerialProcessor ] INFO     serial_controller.serial_handler SerialProcessor: unknown type 0x1b — skipping
10:40:40.924 [SerialProcessor ] INFO     serial_controller.serial_handler SerialProcessor: unknown type 0x1b — skipping
10:40:40.924 [SerialProcessor ] INFO     serial_controller.serial_handler SerialProcessor: unknown type 0x1b — skipping
10:40:40.950 [SerialProcessor ] INFO     serial_controller.serial_handler SerialProcessor: unknown type 0x1b — skipping
10:40:40.950 [SerialProcessor ] INFO     serial_controller.serial_handler SerialProcessor: unknown type 0x1b — skipping
10:40:40.975 [SerialProcessor ] INFO     serial_controller.serial_handler SerialProcessor: unknown type 0x1b — skipping
10:40:40.988 [SerialProcessor ] INFO     serial_controller.serial_handler SerialProcessor: unknown type 0x1b — skipping
10:40:40.988 [SerialProcessor ] INFO     serial_controller.serial_handler SerialProcessor: unknown type 0x1b — skipping
10:40:41.014 [SerialProcessor ] INFO     serial_controller.serial_handler SerialProcessor: unknown type 0x1b — skipping
10:40:41.014 [SerialProcessor ] INFO     serial_controller.serial_handler SerialProcessor: unknown type 0x1b — skipping
10:40:41.040 [SerialProcessor ] INFO     serial_controller.serial_handler SerialProcessor: unknown type 0x1b — skipping
10:40:41.040 [SerialProcessor ] INFO     serial_controller.serial_handler SerialProcessor: unknown type 0x1b — skipping
10:40:41.066 [SerialProcessor ] INFO     serial_controller.serial_handler SerialProcessor: unknown type 0x1b — skipping
10:40:41.078 [SerialProcessor ] INFO     serial_controller.serial_handler SerialProcessor: unknown type 0x1b — skipping
10:40:41.079 [SerialProcessor ] INFO     serial_controller.serial_handler SerialProcessor: unknown type 0x1b — skipping
10:40:41.104 [SerialProcessor ] INFO     serial_controller.serial_handler SerialProcessor: unknown type 0x1b — skipping
10:40:41.104 [SerialProcessor ] INFO     serial_controller.serial_handler SerialProcessor: unknown type 0x1b — skipping
10:40:41.130 [SerialProcessor ] INFO     serial_controller.serial_handler SerialProcessor: unknown type 0x1b — skipping
10:40:41.130 [SerialProcessor ] INFO     serial_controller.serial_handler SerialProcessor: unknown type 0x1b — skipping
10:40:41.155 [SerialProcessor ] INFO     serial_controller.serial_handler SerialProcessor: unknown type 0x1b — skipping
10:40:41.156 [SerialProcessor ] INFO     serial_controller.serial_handler SerialProcessor: unknown type 0x1b — skipping
10:40:41.182 [SerialProcessor ] INFO     serial_controller.serial_handler SerialProcessor: unknown type 0x1b — skipping
10:40:41.194 [SerialProcessor ] INFO     serial_controller.serial_handler SerialProcessor: unknown type 0x1b — skipping
10:40:41.194 [SerialProcessor ] INFO     serial_controller.serial_handler SerialProcessor: unknown type 0x1b — skipping
10:40:41.220 [SerialProcessor ] INFO     serial_controller.serial_handler SerialProcessor: unknown type 0x1b — skipping
10:40:41.220 [SerialProcessor ] INFO     serial_controller.serial_handler SerialProcessor: unknown type 0x1b — skipping
10:40:41.245 [SerialProcessor ] INFO     serial_controller.serial_handler SerialProcessor: unknown type 0x1b — skipping
10:40:41.246 [SerialProcessor ] INFO     serial_controller.serial_handler SerialProcessor: unknown type 0x1b — skipping
10:40:41.271 [SerialProcessor ] INFO     serial_controller.serial_handler SerialProcessor: unknown type 0x1b — skipping
10:40:41.284 [SerialProcessor ] INFO     serial_controller.serial_handler SerialProcessor: unknown type 0x1b — skipping
10:40:41.284 [SerialProcessor ] INFO     serial_controller.serial_handler SerialProcessor: unknown type 0x1b — skipping
10:40:41.310 [SerialProcessor ] INFO     serial_controller.serial_handler SerialProcessor: unknown type 0x1b — skipping
10:40:41.310 [SerialProcessor ] INFO     serial_controller.serial_handler SerialProcessor: unknown type 0x1b — skipping
10:40:41.335 [SerialProcessor ] INFO     serial_controller.serial_handler SerialProcessor: unknown type 0x1b — skipping
10:40:41.336 [SerialProcessor ] INFO     serial_controller.serial_handler SerialProcessor: unknown type 0x1b — skipping
10:40:41.361 [SerialProcessor ] INFO     serial_controller.serial_handler SerialProcessor: unknown type 0x1b — skipping
10:40:41.361 [SerialProcessor ] INFO     serial_controller.serial_handler SerialProcessor: unknown type 0x1b — skipping
10:40:41.387 [SerialProcessor ] INFO     serial_controller.serial_handler SerialProcessor: unknown type 0x1b — skipping
10:40:41.400 [SerialProcessor ] INFO     serial_controller.serial_handler SerialProcessor: unknown type 0x1b — skipping
10:40:41.400 [SerialProcessor ] INFO     serial_controller.serial_handler SerialProcessor: unknown type 0x1b — skipping
10:40:41.426 [SerialProcessor ] INFO     serial_controller.serial_handler SerialProcessor: unknown type 0x1b — skipping
10:40:41.426 [SerialProcessor ] INFO     serial_controller.serial_handler SerialProcessor: unknown type 0x1b — skipping
10:40:41.451 [SerialProcessor ] INFO     serial_controller.serial_handler SerialProcessor: unknown type 0x1b — skipping
10:40:41.451 [SerialProcessor ] INFO     serial_controller.serial_handler SerialProcessor: unknown type 0x1b — skipping
10:40:41.477 [SerialProcessor ] INFO     serial_controller.serial_handler SerialProcessor: unknown type 0x1b — skipping
10:40:41.490 [SerialProcessor ] INFO     serial_controller.serial_handler SerialProcessor: unknown type 0x1b — skipping
10:40:41.490 [SerialProcessor ] INFO     serial_controller.serial_handler SerialProcessor: unknown type 0x1b — skipping
10:40:41.515 [SerialProcessor ] INFO     serial_controller.serial_handler SerialProcessor: unknown type 0x1b — skipping
10:40:41.516 [SerialProcessor ] INFO     serial_controller.serial_handler SerialProcessor: unknown type 0x1b — skipping
10:40:41.541 [SerialProcessor ] INFO     serial_controller.serial_handler SerialProcessor: unknown type 0x1b — skipping
10:40:41.542 [SerialProcessor ] INFO     serial_controller.serial_handler SerialProcessor: unknown type 0x1b — skipping
10:40:41.567 [SerialProcessor ] INFO     serial_controller.serial_handler SerialProcessor: unknown type 0x1b — skipping
10:40:41.567 [SerialProcessor ] INFO     serial_controller.serial_handler SerialProcessor: unknown type 0x1b — skipping
10:40:41.593 [SerialProcessor ] INFO     serial_controller.serial_handler SerialProcessor: unknown type 0x1b — skipping
10:40:41.605 [SerialProcessor ] INFO     serial_controller.serial_handler SerialProcessor: unknown type 0x1b — skipping
10:40:41.606 [SerialProcessor ] INFO     serial_controller.serial_handler SerialProcessor: unknown type 0x1b — skipping
10:40:41.631 [SerialProcessor ] INFO     serial_controller.serial_handler SerialProcessor: unknown type 0x1b — skipping
10:40:41.631 [SerialProcessor ] INFO     serial_controller.serial_handler SerialProcessor: unknown type 0x1b — skipping
10:40:41.657 [SerialProcessor ] INFO     serial_controller.serial_handler SerialProcessor: unknown type 0x1b — skipping
10:40:41.657 [SerialProcessor ] INFO     serial_controller.serial_handler SerialProcessor: unknown type 0x1b — skipping
10:40:41.683 [SerialProcessor ] INFO     serial_controller.serial_handler SerialProcessor: unknown type 0x1b — skipping
10:40:41.695 [SerialProcessor ] INFO     serial_controller.serial_handler SerialProcessor: unknown type 0x1b — skipping
10:40:41.696 [SerialProcessor ] INFO     serial_controller.serial_handler SerialProcessor: unknown type 0x1b — skipping
10:40:41.721 [SerialProcessor ] INFO     serial_controller.serial_handler SerialProcessor: unknown type 0x1b — skipping
10:40:41.721 [SerialProcessor ] INFO     serial_controller.serial_handler SerialProcessor: unknown type 0x1b — skipping
10:40:41.747 [SerialProcessor ] INFO     serial_controller.serial_handler SerialProcessor: unknown type 0x1b — skipping
10:40:41.747 [SerialProcessor ] INFO     serial_controller.serial_handler SerialProcessor: unknown type 0x1b — skipping
10:40:41.773 [SerialProcessor ] INFO     serial_controller.serial_handler SerialProcessor: unknown type 0x1b — skipping
10:40:41.773 [SerialProcessor ] INFO     serial_controller.serial_handler SerialProcessor: unknown type 0x1b — skipping
10:40:41.798 [SerialProcessor ] INFO     serial_controller.serial_handler SerialProcessor: unknown type 0x1b — skipping
10:40:41.811 [SerialProcessor ] INFO     serial_controller.serial_handler SerialProcessor: unknown type 0x1b — skipping
10:40:41.811 [SerialProcessor ] INFO     serial_controller.serial_handler SerialProcessor: unknown type 0x1b — skipping
10:40:41.837 [SerialProcessor ] INFO     serial_controller.serial_handler SerialProcessor: unknown type 0x1b — skipping
10:40:41.837 [SerialProcessor ] INFO     serial_controller.serial_handler SerialProcessor: unknown type 0x1b — skipping
10:40:41.863 [SerialProcessor ] INFO     serial_controller.serial_handler SerialProcessor: unknown type 0x1b — skipping
10:40:41.864 [SerialProcessor ] INFO     serial_controller.serial_handler SerialProcessor: unknown type 0x1b — skipping
10:40:41.888 [SerialProcessor ] INFO     serial_controller.serial_handler SerialProcessor: unknown type 0x1b — skipping
10:40:41.901 [SerialProcessor ] INFO     serial_controller.serial_handler SerialProcessor: unknown type 0x1b — skipping
10:40:41.902 [SerialProcessor ] INFO     serial_controller.serial_handler SerialProcessor: unknown type 0x1b — skipping
10:40:41.927 [SerialProcessor ] INFO     serial_controller.serial_handler SerialProcessor: unknown type 0x1b — skipping
10:40:41.927 [SerialProcessor ] INFO     serial_controller.serial_handler SerialProcessor: unknown type 0x1b — skipping
10:40:41.953 [SerialProcessor ] INFO     serial_controller.serial_handler SerialProcessor: unknown type 0x1b — skipping
10:40:41.953 [SerialProcessor ] INFO     serial_controller.serial_handler SerialProcessor: unknown type 0x1b — skipping
10:40:41.978 [SerialProcessor ] INFO     serial_controller.serial_handler SerialProcessor: unknown type 0x1b — skipping
10:40:41.979 [SerialProcessor ] INFO     serial_controller.serial_handler SerialProcessor: unknown type 0x1b — skipping
10:40:42.005 [SerialProcessor ] INFO     serial_controller.serial_handler SerialProcessor: unknown type 0x1b — skipping
10:40:42.017 [SerialProcessor ] INFO     serial_controller.serial_handler SerialProcessor: unknown type 0x1b — skipping
10:40:42.017 [SerialProcessor ] INFO     serial_controller.serial_handler SerialProcessor: unknown type 0x1b — skipping
10:40:42.043 [SerialProcessor ] INFO     serial_controller.serial_handler SerialProcessor: unknown type 0x1b — skipping
10:40:42.043 [SerialProcessor ] INFO     serial_controller.serial_handler SerialProcessor: unknown type 0x1b — skipping
10:40:42.068 [SerialProcessor ] INFO     serial_controller.serial_handler SerialProcessor: unknown type 0x1b — skipping
10:40:42.069 [SerialProcessor ] INFO     serial_controller.serial_handler SerialProcessor: unknown type 0x1b — skipping
10:40:42.094 [SerialProcessor ] INFO     serial_controller.serial_handler SerialProcessor: unknown type 0x1b — skipping
10:40:42.107 [SerialProcessor ] INFO     serial_controller.serial_handler SerialProcessor: unknown type 0x1b — skipping
10:40:42.107 [SerialProcessor ] INFO     serial_controller.serial_handler SerialProcessor: unknown type 0x1b — skipping
10:40:42.133 [SerialProcessor ] INFO     serial_controller.serial_handler SerialProcessor: unknown type 0x1b — skipping
10:40:42.133 [SerialProcessor ] INFO     serial_controller.serial_handler SerialProcessor: unknown type 0x1b — skipping
10:40:42.159 [SerialProcessor ] INFO     serial_controller.serial_handler SerialProcessor: unknown type 0x1b — skipping
10:40:42.159 [SerialProcessor ] INFO     serial_controller.serial_handler SerialProcessor: unknown type 0x1b — skipping
10:40:42.184 [SerialProcessor ] INFO     serial_controller.serial_handler SerialProcessor: unknown type 0x1b — skipping
10:40:42.185 [SerialProcessor ] INFO     serial_controller.serial_handler SerialProcessor: unknown type 0x1b — skipping
10:40:42.210 [SerialProcessor ] INFO     serial_controller.serial_handler SerialProcessor: unknown type 0x1b — skipping
10:40:42.223 [SerialProcessor ] INFO     serial_controller.serial_handler SerialProcessor: unknown type 0x1b — skipping
10:40:42.223 [SerialProcessor ] INFO     serial_controller.serial_handler SerialProcessor: unknown type 0x1b — skipping
10:40:42.249 [SerialProcessor ] INFO     serial_controller.serial_handler SerialProcessor: unknown type 0x1b — skipping
10:40:42.249 [SerialProcessor ] INFO     serial_controller.serial_handler SerialProcessor: unknown type 0x1b — skipping
10:40:42.274 [SerialProcessor ] INFO     serial_controller.serial_handler SerialProcessor: unknown type 0x1b — skipping
10:40:42.275 [SerialProcessor ] INFO     serial_controller.serial_handler SerialProcessor: unknown type 0x1b — skipping
10:40:42.300 [SerialProcessor ] INFO     serial_controller.serial_handler SerialProcessor: unknown type 0x1b — skipping
10:40:42.313 [SerialProcessor ] INFO     serial_controller.serial_handler SerialProcessor: unknown type 0x1b — skipping
10:40:42.313 [SerialProcessor ] INFO     serial_controller.serial_handler SerialProcessor: unknown type 0x1b — skipping
10:40:42.339 [SerialProcessor ] INFO     serial_controller.serial_handler SerialProcessor: unknown type 0x1b — skipping
10:40:42.339 [SerialProcessor ] INFO     serial_controller.serial_handler SerialProcessor: unknown type 0x1b — skipping
10:40:42.364 [SerialProcessor ] INFO     serial_controller.serial_handler SerialProcessor: unknown type 0x1b — skipping
10:40:42.365 [SerialProcessor ] INFO     serial_controller.serial_handler SerialProcessor: unknown type 0x1b — skipping
10:40:42.390 [SerialProcessor ] INFO     serial_controller.serial_handler SerialProcessor: unknown type 0x1b — skipping
10:40:42.391 [SerialProcessor ] INFO     serial_controller.serial_handler SerialProcessor: unknown type 0x1b — skipping
10:40:42.416 [SerialProcessor ] INFO     serial_controller.serial_handler SerialProcessor: unknown type 0x1b — skipping
10:40:42.429 [SerialProcessor ] INFO     serial_controller.serial_handler SerialProcessor: unknown type 0x1b — skipping
10:40:42.430 [SerialProcessor ] INFO     serial_controller.serial_handler SerialProcessor: unknown type 0x1b — skipping
10:40:42.455 [SerialProcessor ] INFO     serial_controller.serial_handler SerialProcessor: unknown type 0x1b — skipping
10:40:42.455 [SerialProcessor ] INFO     serial_controller.serial_handler SerialProcessor: unknown type 0x1b — skipping
10:40:42.480 [SerialProcessor ] INFO     serial_controller.serial_handler SerialProcessor: unknown type 0x1b — skipping
10:40:42.482 [SerialProcessor ] INFO     serial_controller.serial_handler SerialProcessor: unknown type 0x1b — skipping
10:40:42.506 [SerialProcessor ] INFO     serial_controller.serial_handler SerialProcessor: unknown type 0x1b — skipping
10:40:42.519 [SerialProcessor ] INFO     serial_controller.serial_handler SerialProcessor: unknown type 0x1b — skipping
10:40:42.519 [SerialProcessor ] INFO     serial_controller.serial_handler SerialProcessor: unknown type 0x1b — skipping
10:40:42.544 [SerialProcessor ] INFO     serial_controller.serial_handler SerialProcessor: unknown type 0x1b — skipping
10:40:42.545 [SerialProcessor ] INFO     serial_controller.serial_handler SerialProcessor: unknown type 0x1b — skipping
10:40:42.570 [SerialProcessor ] INFO     serial_controller.serial_handler SerialProcessor: unknown type 0x1b — skipping
10:40:42.571 [SerialProcessor ] INFO     serial_controller.serial_handler SerialProcessor: unknown type 0x1b — skipping
10:40:42.596 [SerialProcessor ] INFO     serial_controller.serial_handler SerialProcessor: unknown type 0x1b — skipping
10:40:42.596 [SerialProcessor ] INFO     serial_controller.serial_handler SerialProcessor: unknown type 0x1b — skipping
10:40:42.622 [SerialProcessor ] INFO     serial_controller.serial_handler SerialProcessor: unknown type 0x1b — skipping
10:40:42.635 [SerialProcessor ] INFO     serial_controller.serial_handler SerialProcessor: unknown type 0x1b — skipping
10:40:42.635 [SerialProcessor ] INFO     serial_controller.serial_handler SerialProcessor: unknown type 0x1b — skipping
10:40:42.660 [SerialProcessor ] INFO     serial_controller.serial_handler SerialProcessor: unknown type 0x1b — skipping
10:40:42.661 [SerialProcessor ] INFO     serial_controller.serial_handler SerialProcessor: unknown type 0x1b — skipping
10:40:42.686 [SerialProcessor ] INFO     serial_controller.serial_handler SerialProcessor: unknown type 0x1b — skipping
10:40:42.687 [SerialProcessor ] INFO     serial_controller.serial_handler SerialProcessor: unknown type 0x1b — skipping
10:40:42.712 [SerialProcessor ] INFO     serial_controller.serial_handler SerialProcessor: unknown type 0x1b — skipping
10:40:42.725 [SerialProcessor ] INFO     serial_controller.serial_handler SerialProcessor: unknown type 0x1b — skipping
10:40:42.725 [SerialProcessor ] INFO     serial_controller.serial_handler SerialProcessor: unknown type 0x1b — skipping
10:40:42.750 [SerialProcessor ] INFO     serial_controller.serial_handler SerialProcessor: unknown type 0x1b — skipping
10:40:42.751 [SerialProcessor ] INFO     serial_controller.serial_handler SerialProcessor: unknown type 0x1b — skipping
10:40:42.776 [SerialProcessor ] INFO     serial_controller.serial_handler SerialProcessor: unknown type 0x1b — skipping
10:40:42.777 [SerialProcessor ] INFO     serial_controller.serial_handler SerialProcessor: unknown type 0x1b — skipping
10:40:42.802 [SerialProcessor ] INFO     serial_controller.serial_handler SerialProcessor: unknown type 0x1b — skipping
10:40:42.802 [SerialProcessor ] INFO     serial_controller.serial_handler SerialProcessor: unknown type 0x1b — skipping
10:40:42.828 [SerialProcessor ] INFO     serial_controller.serial_handler SerialProcessor: unknown type 0x1b — skipping
10:40:42.840 [SerialProcessor ] INFO     serial_controller.serial_handler SerialProcessor: unknown type 0x1b — skipping
10:40:42.841 [SerialProcessor ] INFO     serial_controller.serial_handler SerialProcessor: unknown type 0x1b — skipping
10:40:42.866 [SerialProcessor ] INFO     serial_controller.serial_handler SerialProcessor: unknown type 0x1b — skipping
10:40:42.867 [SerialProcessor ] INFO     serial_controller.serial_handler SerialProcessor: unknown type 0x1b — skipping
10:40:42.892 [SerialProcessor ] INFO     serial_controller.serial_handler SerialProcessor: unknown type 0x1b — skipping
10:40:42.892 [SerialProcessor ] INFO     serial_controller.serial_handler SerialProcessor: unknown type 0x1b — skipping
10:40:42.918 [SerialProcessor ] INFO     serial_controller.serial_handler SerialProcessor: unknown type 0x1b — skipping
10:40:42.932 [SerialProcessor ] INFO     serial_controller.serial_handler SerialProcessor: unknown type 0x1b — skipping
10:40:42.933 [SerialProcessor ] INFO     serial_controller.serial_handler SerialProcessor: unknown type 0x1b — skipping
10:40:42.956 [SerialProcessor ] INFO     serial_controller.serial_handler SerialProcessor: unknown type 0x1b — skipping
10:40:42.957 [SerialProcessor ] INFO     serial_controller.serial_handler SerialProcessor: unknown type 0x1b — skipping
10:40:42.982 [SerialProcessor ] INFO     serial_controller.serial_handler SerialProcessor: unknown type 0x1b — skipping
10:40:42.982 [SerialProcessor ] INFO     serial_controller.serial_handler SerialProcessor: unknown type 0x1b — skipping
10:40:43.008 [SerialProcessor ] INFO     serial_controller.serial_handler SerialProcessor: unknown type 0x1b — skipping
10:40:43.008 [SerialProcessor ] INFO     serial_controller.serial_handler SerialProcessor: unknown type 0x1b — skipping
10:40:43.033 [SerialProcessor ] INFO     serial_controller.serial_handler SerialProcessor: unknown type 0x1b — skipping
10:40:43.046 [SerialProcessor ] INFO     serial_controller.serial_handler SerialProcessor: unknown type 0x1b — skipping
10:40:43.047 [SerialProcessor ] INFO     serial_controller.serial_handler SerialProcessor: unknown type 0x1b — skipping
10:40:43.072 [SerialProcessor ] INFO     serial_controller.serial_handler SerialProcessor: unknown type 0x1b — skipping
10:40:43.073 [SerialProcessor ] INFO     serial_controller.serial_handler SerialProcessor: unknown type 0x1b — skipping
10:40:43.098 [SerialProcessor ] INFO     serial_controller.serial_handler SerialProcessor: unknown type 0x1b — skipping
10:40:43.098 [SerialProcessor ] INFO     serial_controller.serial_handler SerialProcessor: unknown type 0x1b — skipping
10:40:43.123 [SerialProcessor ] INFO     serial_controller.serial_handler SerialProcessor: unknown type 0x1b — skipping
10:40:43.136 [SerialProcessor ] INFO     serial_controller.serial_handler SerialProcessor: unknown type 0x1b — skipping
10:40:43.137 [SerialProcessor ] INFO     serial_controller.serial_handler SerialProcessor: unknown type 0x1b — skipping
10:40:43.162 [SerialProcessor ] INFO     serial_controller.serial_handler SerialProcessor: unknown type 0x1b — skipping
10:40:43.162 [SerialProcessor ] INFO     serial_controller.serial_handler SerialProcessor: unknown type 0x1b — skipping
10:40:43.188 [SerialProcessor ] INFO     serial_controller.serial_handler SerialProcessor: unknown type 0x1b — skipping
10:40:43.190 [SerialProcessor ] INFO     serial_controller.serial_handler SerialProcessor: unknown type 0x1b — skipping
10:40:43.213 [SerialProcessor ] INFO     serial_controller.serial_handler SerialProcessor: unknown type 0x1b — skipping
10:40:43.214 [SerialProcessor ] INFO     serial_controller.serial_handler SerialProcessor: unknown type 0x1b — skipping
10:40:43.239 [SerialProcessor ] INFO     serial_controller.serial_handler SerialProcessor: unknown type 0x1b — skipping
10:40:43.252 [SerialProcessor ] INFO     serial_controller.serial_handler SerialProcessor: unknown type 0x1b — skipping
10:40:43.253 [SerialProcessor ] INFO     serial_controller.serial_handler SerialProcessor: unknown type 0x1b — skipping
10:40:43.278 [SerialProcessor ] INFO     serial_controller.serial_handler SerialProcessor: unknown type 0x1b — skipping
10:40:43.278 [SerialProcessor ] INFO     serial_controller.serial_handler SerialProcessor: unknown type 0x1b — skipping
10:40:43.304 [SerialProcessor ] INFO     serial_controller.serial_handler SerialProcessor: unknown type 0x1b — skipping
10:40:43.304 [SerialProcessor ] INFO     serial_controller.serial_handler SerialProcessor: unknown type 0x1b — skipping
10:40:43.329 [SerialProcessor ] INFO     serial_controller.serial_handler SerialProcessor: unknown type 0x1b — skipping
10:40:43.342 [SerialProcessor ] INFO     serial_controller.serial_handler SerialProcessor: unknown type 0x1b — skipping
10:40:43.342 [SerialProcessor ] INFO     serial_controller.serial_handler SerialProcessor: unknown type 0x1b — skipping
10:40:43.368 [SerialProcessor ] INFO     serial_controller.serial_handler SerialProcessor: unknown type 0x1b — skipping
10:40:43.369 [SerialProcessor ] INFO     serial_controller.serial_handler SerialProcessor: unknown type 0x1b — skipping
10:40:43.394 [SerialProcessor ] INFO     serial_controller.serial_handler SerialProcessor: unknown type 0x1b — skipping
10:40:43.394 [SerialProcessor ] INFO     serial_controller.serial_handler SerialProcessor: unknown type 0x1b — skipping
10:40:43.419 [SerialProcessor ] INFO     serial_controller.serial_handler SerialProcessor: unknown type 0x1b — skipping
10:40:43.420 [SerialProcessor ] INFO     serial_controller.serial_handler SerialProcessor: unknown type 0x1b — skipping
10:40:43.445 [SerialProcessor ] INFO     serial_controller.serial_handler SerialProcessor: unknown type 0x1b — skipping
10:40:43.458 [SerialProcessor ] INFO     serial_controller.serial_handler SerialProcessor: unknown type 0x1b — skipping
10:40:43.458 [SerialProcessor ] INFO     serial_controller.serial_handler SerialProcessor: unknown type 0x1b — skipping
10:40:43.484 [SerialProcessor ] INFO     serial_controller.serial_handler SerialProcessor: unknown type 0x1b — skipping
10:40:43.484 [SerialProcessor ] INFO     serial_controller.serial_handler SerialProcessor: unknown type 0x1b — skipping
10:40:43.509 [SerialProcessor ] INFO     serial_controller.serial_handler SerialProcessor: unknown type 0x1b — skipping
10:40:43.510 [SerialProcessor ] INFO     serial_controller.serial_handler SerialProcessor: unknown type 0x1b — skipping
10:40:43.535 [SerialProcessor ] INFO     serial_controller.serial_handler SerialProcessor: unknown type 0x1b — skipping
10:40:43.548 [SerialProcessor ] INFO     serial_controller.serial_handler SerialProcessor: unknown type 0x1b — skipping
10:40:43.548 [SerialProcessor ] INFO     serial_controller.serial_handler SerialProcessor: unknown type 0x1b — skipping
10:40:43.574 [SerialProcessor ] INFO     serial_controller.serial_handler SerialProcessor: unknown type 0x1b — skipping
10:40:43.574 [SerialProcessor ] INFO     serial_controller.serial_handler SerialProcessor: unknown type 0x1b — skipping
10:40:43.599 [SerialProcessor ] INFO     serial_controller.serial_handler SerialProcessor: unknown type 0x1b — skipping
10:40:43.600 [SerialProcessor ] INFO     serial_controller.serial_handler SerialProcessor: unknown type 0x1b — skipping
10:40:43.625 [SerialProcessor ] INFO     serial_controller.serial_handler SerialProcessor: unknown type 0x1b — skipping
10:40:43.626 [SerialProcessor ] INFO     serial_controller.serial_handler SerialProcessor: unknown type 0x1b — skipping
10:40:43.651 [SerialProcessor ] INFO     serial_controller.serial_handler SerialProcessor: unknown type 0x1b — skipping
10:40:43.664 [SerialProcessor ] INFO     serial_controller.serial_handler SerialProcessor: unknown type 0x1b — skipping
10:40:43.664 [SerialProcessor ] INFO     serial_controller.serial_handler SerialProcessor: unknown type 0x1b — skipping
10:40:43.692 [SerialProcessor ] INFO     serial_controller.serial_handler SerialProcessor: unknown type 0x1b — skipping
10:40:43.693 [SerialProcessor ] INFO     serial_controller.serial_handler SerialProcessor: unknown type 0x1b — skipping
10:40:43.715 [SerialProcessor ] INFO     serial_controller.serial_handler SerialProcessor: unknown type 0x1b — skipping
10:40:43.716 [SerialProcessor ] INFO     serial_controller.serial_handler SerialProcessor: unknown type 0x1b — skipping
10:40:43.741 [SerialProcessor ] INFO     serial_controller.serial_handler SerialProcessor: unknown type 0x1b — skipping
10:40:43.754 [SerialProcessor ] INFO     serial_controller.serial_handler SerialProcessor: unknown type 0x1b — skipping
10:40:43.754 [SerialProcessor ] INFO     serial_controller.serial_handler SerialProcessor: unknown type 0x1b — skipping
10:40:43.780 [SerialProcessor ] INFO     serial_controller.serial_handler SerialProcessor: unknown type 0x1b — skipping
10:40:43.780 [SerialProcessor ] INFO     serial_controller.serial_handler SerialProcessor: unknown type 0x1b — skipping
10:40:43.807 [SerialProcessor ] INFO     serial_controller.serial_handler SerialProcessor: unknown type 0x1b — skipping
10:40:43.808 [SerialProcessor ] INFO     serial_controller.serial_handler SerialProcessor: unknown type 0x1b — skipping
10:40:43.831 [SerialProcessor ] INFO     serial_controller.serial_handler SerialProcessor: unknown type 0x1b — skipping
10:40:43.832 [SerialProcessor ] INFO     serial_controller.serial_handler SerialProcessor: unknown type 0x1b — skipping
10:40:43.857 [SerialProcessor ] INFO     serial_controller.serial_handler SerialProcessor: unknown type 0x1b — skipping
10:40:43.870 [SerialProcessor ] INFO     serial_controller.serial_handler SerialProcessor: unknown type 0x1b — skipping
10:40:43.871 [SerialProcessor ] INFO     serial_controller.serial_handler SerialProcessor: unknown type 0x1b — skipping
10:40:43.896 [SerialProcessor ] INFO     serial_controller.serial_handler SerialProcessor: unknown type 0x1b — skipping
10:40:43.896 [SerialProcessor ] INFO     serial_controller.serial_handler SerialProcessor: unknown type 0x1b — skipping
10:40:43.921 [SerialProcessor ] INFO     serial_controller.serial_handler SerialProcessor: unknown type 0x1b — skipping
10:40:43.922 [SerialProcessor ] INFO     serial_controller.serial_handler SerialProcessor: unknown type 0x1b — skipping
10:40:43.947 [SerialProcessor ] INFO     serial_controller.serial_handler SerialProcessor: unknown type 0x1b — skipping
10:40:43.960 [SerialProcessor ] INFO     serial_controller.serial_handler SerialProcessor: unknown type 0x1b — skipping
10:40:43.960 [SerialProcessor ] INFO     serial_controller.serial_handler SerialProcessor: unknown type 0x1b — skipping
10:40:43.986 [SerialProcessor ] INFO     serial_controller.serial_handler SerialProcessor: unknown type 0x1b — skipping
10:40:43.986 [SerialProcessor ] INFO     serial_controller.serial_handler SerialProcessor: unknown type 0x1b — skipping
10:40:44.011 [SerialProcessor ] INFO     serial_controller.serial_handler SerialProcessor: unknown type 0x1b — skipping
10:40:44.012 [SerialProcessor ] INFO     serial_controller.serial_handler SerialProcessor: unknown type 0x1b — skipping
10:40:44.037 [SerialProcessor ] INFO     serial_controller.serial_handler SerialProcessor: unknown type 0x1b — skipping
10:40:44.038 [SerialProcessor ] INFO     serial_controller.serial_handler SerialProcessor: unknown type 0x1b — skipping
10:40:44.063 [SerialProcessor ] INFO     serial_controller.serial_handler SerialProcessor: unknown type 0x1b — skipping
10:40:44.097 [SerialProcessor ] INFO     serial_controller.serial_handler SerialProcessor: unknown type 0x1b — skipping
10:40:44.098 [SerialProcessor ] INFO     serial_controller.serial_handler SerialProcessor: unknown type 0x1b — skipping
10:40:44.103 [SerialProcessor ] INFO     serial_controller.serial_handler SerialProcessor: unknown type 0x1b — skipping
10:40:44.106 [SerialProcessor ] INFO     serial_controller.serial_handler SerialProcessor: unknown type 0x1b — skipping
10:40:44.127 [SerialProcessor ] INFO     serial_controller.serial_handler SerialProcessor: unknown type 0x1b — skipping
10:40:44.127 [SerialProcessor ] INFO     serial_controller.serial_handler SerialProcessor: unknown type 0x1b — skipping
10:40:44.153 [SerialProcessor ] INFO     serial_controller.serial_handler SerialProcessor: unknown type 0x1b — skipping
10:40:44.166 [SerialProcessor ] INFO     serial_controller.serial_handler SerialProcessor: unknown type 0x1b — skipping
10:40:44.166 [SerialProcessor ] INFO     serial_controller.serial_handler SerialProcessor: unknown type 0x1b — skipping
10:40:44.191 [SerialProcessor ] INFO     serial_controller.serial_handler SerialProcessor: unknown type 0x1b — skipping
10:40:44.192 [SerialProcessor ] INFO     serial_controller.serial_handler SerialProcessor: unknown type 0x1b — skipping
10:40:44.217 [SerialProcessor ] INFO     serial_controller.serial_handler SerialProcessor: unknown type 0x1b — skipping
10:40:44.217 [SerialProcessor ] INFO     serial_controller.serial_handler SerialProcessor: unknown type 0x1b — skipping
10:40:44.244 [SerialProcessor ] INFO     serial_controller.serial_handler SerialProcessor: unknown type 0x1b — skipping
10:40:44.244 [SerialProcessor ] INFO     serial_controller.serial_handler SerialProcessor: unknown type 0x1b — skipping
10:40:44.269 [SerialProcessor ] INFO     serial_controller.serial_handler SerialProcessor: unknown type 0x1b — skipping
10:40:44.281 [SerialProcessor ] INFO     serial_controller.serial_handler SerialProcessor: unknown type 0x1b — skipping
10:40:44.282 [SerialProcessor ] INFO     serial_controller.serial_handler SerialProcessor: unknown type 0x1b — skipping
10:40:44.308 [SerialProcessor ] INFO     serial_controller.serial_handler SerialProcessor: unknown type 0x1b — skipping
10:40:44.309 [SerialProcessor ] INFO     serial_controller.serial_handler SerialProcessor: unknown type 0x1b — skipping
10:40:44.333 [SerialProcessor ] INFO     serial_controller.serial_handler SerialProcessor: unknown type 0x1b — skipping
10:40:44.334 [SerialProcessor ] INFO     serial_controller.serial_handler SerialProcessor: unknown type 0x1b — skipping
10:40:44.359 [SerialProcessor ] INFO     serial_controller.serial_handler SerialProcessor: unknown type 0x1b — skipping
10:40:44.372 [SerialProcessor ] INFO     serial_controller.serial_handler SerialProcessor: unknown type 0x1b — skipping
10:40:44.374 [SerialProcessor ] INFO     serial_controller.serial_handler SerialProcessor: unknown type 0x1b — skipping
10:40:44.397 [SerialProcessor ] INFO     serial_controller.serial_handler SerialProcessor: unknown type 0x1b — skipping
10:40:44.398 [SerialProcessor ] INFO     serial_controller.serial_handler SerialProcessor: unknown type 0x1b — skipping
10:40:44.423 [SerialProcessor ] INFO     serial_controller.serial_handler SerialProcessor: unknown type 0x1b — skipping
10:40:44.423 [SerialProcessor ] INFO     serial_controller.serial_handler SerialProcessor: unknown type 0x1b — skipping
10:40:44.449 [SerialProcessor ] INFO     serial_controller.serial_handler SerialProcessor: unknown type 0x1b — skipping
10:40:44.449 [SerialProcessor ] INFO     serial_controller.serial_handler SerialProcessor: unknown type 0x1b — skipping
10:40:44.474 [SerialProcessor ] INFO     serial_controller.serial_handler SerialProcessor: unknown type 0x1b — skipping
10:40:44.487 [SerialProcessor ] INFO     serial_controller.serial_handler SerialProcessor: unknown type 0x1b — skipping
10:40:44.487 [SerialProcessor ] INFO     serial_controller.serial_handler SerialProcessor: unknown type 0x1b — skipping
10:40:44.513 [SerialProcessor ] INFO     serial_controller.serial_handler SerialProcessor: unknown type 0x1b — skipping
10:40:44.513 [SerialProcessor ] INFO     serial_controller.serial_handler SerialProcessor: unknown type 0x1b — skipping
10:40:44.539 [SerialProcessor ] INFO     serial_controller.serial_handler SerialProcessor: unknown type 0x1b — skipping
10:40:44.539 [SerialProcessor ] INFO     serial_controller.serial_handler SerialProcessor: unknown type 0x1b — skipping
10:40:44.564 [SerialProcessor ] INFO     serial_controller.serial_handler SerialProcessor: unknown type 0x1b — skipping
10:40:44.577 [SerialProcessor ] INFO     serial_controller.serial_handler SerialProcessor: unknown type 0x1b — skipping
10:40:44.577 [SerialProcessor ] INFO     serial_controller.serial_handler SerialProcessor: unknown type 0x1b — skipping
10:40:44.603 [SerialProcessor ] INFO     serial_controller.serial_handler SerialProcessor: unknown type 0x1b — skipping
10:40:44.604 [SerialProcessor ] INFO     serial_controller.serial_handler SerialProcessor: unknown type 0x1b — skipping
10:40:44.629 [SerialProcessor ] INFO     serial_controller.serial_handler SerialProcessor: unknown type 0x1b — skipping
10:40:44.629 [SerialProcessor ] INFO     serial_controller.serial_handler SerialProcessor: unknown type 0x1b — skipping
10:40:44.654 [SerialProcessor ] INFO     serial_controller.serial_handler SerialProcessor: unknown type 0x1b — skipping
10:40:44.655 [SerialProcessor ] INFO     serial_controller.serial_handler SerialProcessor: unknown type 0x1b — skipping
10:40:44.681 [SerialProcessor ] INFO     serial_controller.serial_handler SerialProcessor: unknown type 0x1b — skipping
10:40:44.694 [SerialProcessor ] INFO     serial_controller.serial_handler SerialProcessor: unknown type 0x1b — skipping
10:40:44.695 [SerialProcessor ] INFO     serial_controller.serial_handler SerialProcessor: unknown type 0x1b — skipping
10:40:44.719 [SerialProcessor ] INFO     serial_controller.serial_handler SerialProcessor: unknown type 0x1b — skipping
10:40:44.720 [SerialProcessor ] INFO     serial_controller.serial_handler SerialProcessor: unknown type 0x1b — skipping
10:40:44.745 [SerialProcessor ] INFO     serial_controller.serial_handler SerialProcessor: unknown type 0x1b — skipping
10:40:44.746 [SerialProcessor ] INFO     serial_controller.serial_handler SerialProcessor: unknown type 0x1b — skipping
10:40:44.770 [SerialProcessor ] INFO     serial_controller.serial_handler SerialProcessor: unknown type 0x1b — skipping
10:40:44.783 [SerialProcessor ] INFO     serial_controller.serial_handler SerialProcessor: unknown type 0x1b — skipping
10:40:44.783 [SerialProcessor ] INFO     serial_controller.serial_handler SerialProcessor: unknown type 0x1b — skipping
10:40:44.809 [SerialProcessor ] INFO     serial_controller.serial_handler SerialProcessor: unknown type 0x1b — skipping
10:40:44.809 [SerialProcessor ] INFO     serial_controller.serial_handler SerialProcessor: unknown type 0x1b — skipping
10:40:44.835 [SerialProcessor ] INFO     serial_controller.serial_handler SerialProcessor: unknown type 0x1b — skipping
10:40:44.835 [SerialProcessor ] INFO     serial_controller.serial_handler SerialProcessor: unknown type 0x1b — skipping
10:40:44.860 [SerialProcessor ] INFO     serial_controller.serial_handler SerialProcessor: unknown type 0x1b — skipping
10:40:44.861 [SerialProcessor ] INFO     serial_controller.serial_handler SerialProcessor: unknown type 0x1b — skipping
10:40:44.886 [SerialProcessor ] INFO     serial_controller.serial_handler SerialProcessor: unknown type 0x1b — skipping
10:40:44.899 [SerialProcessor ] INFO     serial_controller.serial_handler SerialProcessor: unknown type 0x1b — skipping
10:40:44.899 [SerialProcessor ] INFO     serial_controller.serial_handler SerialProcessor: unknown type 0x1b — skipping
10:40:44.924 [SerialProcessor ] INFO     serial_controller.serial_handler SerialProcessor: unknown type 0x1b — skipping
10:40:44.925 [SerialProcessor ] INFO     serial_controller.serial_handler SerialProcessor: unknown type 0x1b — skipping
10:40:44.950 [SerialProcessor ] INFO     serial_controller.serial_handler SerialProcessor: unknown type 0x1b — skipping
10:40:44.951 [SerialProcessor ] INFO     serial_controller.serial_handler SerialProcessor: unknown type 0x1b — skipping
10:40:44.976 [SerialProcessor ] INFO     serial_controller.serial_handler SerialProcessor: unknown type 0x1b — skipping
10:40:44.991 [SerialProcessor ] INFO     serial_controller.serial_handler SerialProcessor: unknown type 0x1b — skipping
10:40:44.991 [SerialProcessor ] INFO     serial_controller.serial_handler SerialProcessor: unknown type 0x1b — skipping
10:40:45.015 [SerialProcessor ] INFO     serial_controller.serial_handler SerialProcessor: unknown type 0x1b — skipping
10:40:45.015 [SerialProcessor ] INFO     serial_controller.serial_handler SerialProcessor: unknown type 0x1b — skipping
10:40:45.040 [SerialProcessor ] INFO     serial_controller.serial_handler SerialProcessor: unknown type 0x1b — skipping
10:40:45.041 [SerialProcessor ] INFO     serial_controller.serial_handler SerialProcessor: unknown type 0x1b — skipping
10:40:45.066 [SerialProcessor ] INFO     serial_controller.serial_handler SerialProcessor: unknown type 0x1b — skipping
10:40:45.067 [SerialProcessor ] INFO     serial_controller.serial_handler SerialProcessor: unknown type 0x1b — skipping
10:40:45.092 [SerialProcessor ] INFO     serial_controller.serial_handler SerialProcessor: unknown type 0x1b — skipping
10:40:45.104 [SerialProcessor ] INFO     serial_controller.serial_handler SerialProcessor: unknown type 0x1b — skipping
10:40:45.105 [SerialProcessor ] INFO     serial_controller.serial_handler SerialProcessor: unknown type 0x1b — skipping
10:40:45.130 [SerialProcessor ] INFO     serial_controller.serial_handler SerialProcessor: unknown type 0x1b — skipping
10:40:45.131 [SerialProcessor ] INFO     serial_controller.serial_handler SerialProcessor: unknown type 0x1b — skipping
10:40:45.156 [SerialProcessor ] INFO     serial_controller.serial_handler SerialProcessor: unknown type 0x1b — skipping
10:40:45.156 [SerialProcessor ] INFO     serial_controller.serial_handler SerialProcessor: unknown type 0x1b — skipping
10:40:45.182 [SerialProcessor ] INFO     serial_controller.serial_handler SerialProcessor: unknown type 0x1b — skipping
10:40:45.194 [SerialProcessor ] INFO     serial_controller.serial_handler SerialProcessor: unknown type 0x1b — skipping
10:40:45.195 [SerialProcessor ] INFO     serial_controller.serial_handler SerialProcessor: unknown type 0x1b — skipping
10:40:45.220 [SerialProcessor ] INFO     serial_controller.serial_handler SerialProcessor: unknown type 0x1b — skipping
10:40:45.221 [SerialProcessor ] INFO     serial_controller.serial_handler SerialProcessor: unknown type 0x1b — skipping
10:40:45.246 [SerialProcessor ] INFO     serial_controller.serial_handler SerialProcessor: unknown type 0x1b — skipping
10:40:45.246 [SerialProcessor ] INFO     serial_controller.serial_handler SerialProcessor: unknown type 0x1b — skipping
10:40:45.272 [SerialProcessor ] INFO     serial_controller.serial_handler SerialProcessor: unknown type 0x1b — skipping
10:40:45.272 [SerialProcessor ] INFO     serial_controller.serial_handler SerialProcessor: unknown type 0x1b — skipping
10:40:45.297 [SerialProcessor ] INFO     serial_controller.serial_handler SerialProcessor: unknown type 0x1b — skipping
10:40:45.310 [SerialProcessor ] INFO     serial_controller.serial_handler SerialProcessor: unknown type 0x1b — skipping
10:40:45.311 [SerialProcessor ] INFO     serial_controller.serial_handler SerialProcessor: unknown type 0x1b — skipping
10:40:45.336 [SerialProcessor ] INFO     serial_controller.serial_handler SerialProcessor: unknown type 0x1b — skipping
10:40:45.336 [SerialProcessor ] INFO     serial_controller.serial_handler SerialProcessor: unknown type 0x1b — skipping
10:40:45.362 [SerialProcessor ] INFO     serial_controller.serial_handler SerialProcessor: unknown type 0x1b — skipping
10:40:45.362 [SerialProcessor ] INFO     serial_controller.serial_handler SerialProcessor: unknown type 0x1b — skipping
10:40:45.387 [SerialProcessor ] INFO     serial_controller.serial_handler SerialProcessor: unknown type 0x1b — skipping
10:40:45.400 [SerialProcessor ] INFO     serial_controller.serial_handler SerialProcessor: unknown type 0x1b — skipping
10:40:45.401 [SerialProcessor ] INFO     serial_controller.serial_handler SerialProcessor: unknown type 0x1b — skipping
10:40:45.426 [SerialProcessor ] INFO     serial_controller.serial_handler SerialProcessor: unknown type 0x1b — skipping
10:40:45.427 [SerialProcessor ] INFO     serial_controller.serial_handler SerialProcessor: unknown type 0x1b — skipping
10:40:45.452 [SerialProcessor ] INFO     serial_controller.serial_handler SerialProcessor: unknown type 0x1b — skipping
10:40:45.453 [SerialProcessor ] INFO     serial_controller.serial_handler SerialProcessor: unknown type 0x1b — skipping
10:40:45.478 [SerialProcessor ] INFO     serial_controller.serial_handler SerialProcessor: unknown type 0x1b — skipping
10:40:45.478 [SerialProcessor ] INFO     serial_controller.serial_handler SerialProcessor: unknown type 0x1b — skipping
10:40:45.503 [SerialProcessor ] INFO     serial_controller.serial_handler SerialProcessor: unknown type 0x1b — skipping
10:40:45.516 [SerialProcessor ] INFO     serial_controller.serial_handler SerialProcessor: unknown type 0x1b — skipping
10:40:45.517 [SerialProcessor ] INFO     serial_controller.serial_handler SerialProcessor: unknown type 0x1b — skipping
10:40:45.542 [SerialProcessor ] INFO     serial_controller.serial_handler SerialProcessor: unknown type 0x1b — skipping
10:40:45.542 [SerialProcessor ] INFO     serial_controller.serial_handler SerialProcessor: unknown type 0x1b — skipping
10:40:45.568 [SerialProcessor ] INFO     serial_controller.serial_handler SerialProcessor: unknown type 0x1b — skipping
10:40:45.568 [SerialProcessor ] INFO     serial_controller.serial_handler SerialProcessor: unknown type 0x1b — skipping
10:40:45.593 [SerialProcessor ] INFO     serial_controller.serial_handler SerialProcessor: unknown type 0x1b — skipping
10:40:45.606 [SerialProcessor ] INFO     serial_controller.serial_handler SerialProcessor: unknown type 0x1b — skipping
10:40:45.607 [SerialProcessor ] INFO     serial_controller.serial_handler SerialProcessor: unknown type 0x1b — skipping
10:40:45.632 [SerialProcessor ] INFO     serial_controller.serial_handler SerialProcessor: unknown type 0x1b — skipping
10:40:45.632 [SerialProcessor ] INFO     serial_controller.serial_handler SerialProcessor: unknown type 0x1b — skipping
10:40:45.658 [SerialProcessor ] INFO     serial_controller.serial_handler SerialProcessor: unknown type 0x1b — skipping
10:40:45.658 [SerialProcessor ] INFO     serial_controller.serial_handler SerialProcessor: unknown type 0x1b — skipping
10:40:45.683 [SerialProcessor ] INFO     serial_controller.serial_handler SerialProcessor: unknown type 0x1b — skipping
10:40:45.684 [SerialProcessor ] INFO     serial_controller.serial_handler SerialProcessor: unknown type 0x1b — skipping
10:40:45.709 [SerialProcessor ] INFO     serial_controller.serial_handler SerialProcessor: unknown type 0x1b — skipping
10:40:45.722 [SerialProcessor ] INFO     serial_controller.serial_handler SerialProcessor: unknown type 0x1b — skipping
10:40:45.722 [SerialProcessor ] INFO     serial_controller.serial_handler SerialProcessor: unknown type 0x1b — skipping
10:40:45.748 [SerialProcessor ] INFO     serial_controller.serial_handler SerialProcessor: unknown type 0x1b — skipping
10:40:45.748 [SerialProcessor ] INFO     serial_controller.serial_handler SerialProcessor: unknown type 0x1b — skipping
10:40:45.773 [SerialProcessor ] INFO     serial_controller.serial_handler SerialProcessor: unknown type 0x1b — skipping
10:40:45.774 [SerialProcessor ] INFO     serial_controller.serial_handler SerialProcessor: unknown type 0x1b — skipping
10:40:45.799 [SerialProcessor ] INFO     serial_controller.serial_handler SerialProcessor: unknown type 0x1b — skipping
10:40:45.811 [SerialProcessor ] INFO     serial_controller.serial_handler SerialProcessor: unknown type 0x1b — skipping
10:40:45.812 [SerialProcessor ] INFO     serial_controller.serial_handler SerialProcessor: unknown type 0x1b — skipping
10:40:45.837 [SerialProcessor ] INFO     serial_controller.serial_handler SerialProcessor: unknown type 0x1b — skipping
10:40:45.838 [SerialProcessor ] INFO     serial_controller.serial_handler SerialProcessor: unknown type 0x1b — skipping
10:40:45.865 [SerialProcessor ] INFO     serial_controller.serial_handler SerialProcessor: unknown type 0x1b — skipping
10:40:45.866 [SerialProcessor ] INFO     serial_controller.serial_handler SerialProcessor: unknown type 0x1b — skipping
10:40:45.889 [SerialProcessor ] INFO     serial_controller.serial_handler SerialProcessor: unknown type 0x1b — skipping
10:40:45.889 [SerialProcessor ] INFO     serial_controller.serial_handler SerialProcessor: unknown type 0x1b — skipping
10:40:45.915 [SerialProcessor ] INFO     serial_controller.serial_handler SerialProcessor: unknown type 0x1b — skipping
10:40:45.927 [SerialProcessor ] INFO     serial_controller.serial_handler SerialProcessor: unknown type 0x1b — skipping
10:40:45.928 [SerialProcessor ] INFO     serial_controller.serial_handler SerialProcessor: unknown type 0x1b — skipping
10:40:45.953 [SerialProcessor ] INFO     serial_controller.serial_handler SerialProcessor: unknown type 0x1b — skipping
10:40:45.954 [SerialProcessor ] INFO     serial_controller.serial_handler SerialProcessor: unknown type 0x1b — skipping
10:40:45.979 [SerialProcessor ] INFO     serial_controller.serial_handler SerialProcessor: unknown type 0x1b — skipping
10:40:45.979 [SerialProcessor ] INFO     serial_controller.serial_handler SerialProcessor: unknown type 0x1b — skipping
10:40:46.005 [SerialProcessor ] INFO     serial_controller.serial_handler SerialProcessor: unknown type 0x1b — skipping
10:40:46.017 [SerialProcessor ] INFO     serial_controller.serial_handler SerialProcessor: unknown type 0x1b — skipping
10:40:46.018 [SerialProcessor ] INFO     serial_controller.serial_handler SerialProcessor: unknown type 0x1b — skipping
10:40:46.043 [SerialProcessor ] INFO     serial_controller.serial_handler SerialProcessor: unknown type 0x1b — skipping
10:40:46.044 [SerialProcessor ] INFO     serial_controller.serial_handler SerialProcessor: unknown type 0x1b — skipping
10:40:46.069 [SerialProcessor ] INFO     serial_controller.serial_handler SerialProcessor: unknown type 0x1b — skipping
10:40:46.069 [SerialProcessor ] INFO     serial_controller.serial_handler SerialProcessor: unknown type 0x1b — skipping
10:40:46.095 [SerialProcessor ] INFO     serial_controller.serial_handler SerialProcessor: unknown type 0x1b — skipping
10:40:46.095 [SerialProcessor ] INFO     serial_controller.serial_handler SerialProcessor: unknown type 0x1b — skipping
10:40:46.120 [SerialProcessor ] INFO     serial_controller.serial_handler SerialProcessor: unknown type 0x1b — skipping
10:40:46.133 [SerialProcessor ] INFO     serial_controller.serial_handler SerialProcessor: unknown type 0x1b — skipping
10:40:46.133 [SerialProcessor ] INFO     serial_controller.serial_handler SerialProcessor: unknown type 0x1b — skipping
10:40:46.159 [SerialProcessor ] INFO     serial_controller.serial_handler SerialProcessor: unknown type 0x1b — skipping
10:40:46.159 [SerialProcessor ] INFO     serial_controller.serial_handler SerialProcessor: unknown type 0x1b — skipping
10:40:46.185 [SerialProcessor ] INFO     serial_controller.serial_handler SerialProcessor: unknown type 0x1b — skipping
10:40:46.185 [SerialProcessor ] INFO     serial_controller.serial_handler SerialProcessor: unknown type 0x1b — skipping
10:40:46.210 [SerialProcessor ] INFO     serial_controller.serial_handler SerialProcessor: unknown type 0x1b — skipping
10:40:46.223 [SerialProcessor ] INFO     serial_controller.serial_handler SerialProcessor: unknown type 0x1b — skipping
10:40:46.224 [SerialProcessor ] INFO     serial_controller.serial_handler SerialProcessor: unknown type 0x1b — skipping
10:40:46.249 [SerialProcessor ] INFO     serial_controller.serial_handler SerialProcessor: unknown type 0x1b — skipping
10:40:46.249 [SerialProcessor ] INFO     serial_controller.serial_handler SerialProcessor: unknown type 0x1b — skipping
10:40:46.275 [SerialProcessor ] INFO     serial_controller.serial_handler SerialProcessor: unknown type 0x1b — skipping
10:40:46.275 [SerialProcessor ] INFO     serial_controller.serial_handler SerialProcessor: unknown type 0x1b — skipping
10:40:46.300 [SerialProcessor ] INFO     serial_controller.serial_handler SerialProcessor: unknown type 0x1b — skipping
10:40:46.302 [SerialProcessor ] INFO     serial_controller.serial_handler SerialProcessor: unknown type 0x1b — skipping
10:40:46.326 [SerialProcessor ] INFO     serial_controller.serial_handler SerialProcessor: unknown type 0x1b — skipping
10:40:46.339 [SerialProcessor ] INFO     serial_controller.serial_handler SerialProcessor: unknown type 0x1b — skipping
10:40:46.339 [SerialProcessor ] INFO     serial_controller.serial_handler SerialProcessor: unknown type 0x1b — skipping
10:40:46.365 [SerialProcessor ] INFO     serial_controller.serial_handler SerialProcessor: unknown type 0x1b — skipping
10:40:46.365 [SerialProcessor ] INFO     serial_controller.serial_handler SerialProcessor: unknown type 0x1b — skipping
10:40:46.390 [SerialProcessor ] INFO     serial_controller.serial_handler SerialProcessor: unknown type 0x1b — skipping
10:40:46.391 [SerialProcessor ] INFO     serial_controller.serial_handler SerialProcessor: unknown type 0x1b — skipping
10:40:46.416 [SerialProcessor ] INFO     serial_controller.serial_handler SerialProcessor: unknown type 0x1b — skipping
10:40:46.429 [SerialProcessor ] INFO     serial_controller.serial_handler SerialProcessor: unknown type 0x1b — skipping
10:40:46.430 [SerialProcessor ] INFO     serial_controller.serial_handler SerialProcessor: unknown type 0x1b — skipping
10:40:46.455 [SerialProcessor ] INFO     serial_controller.serial_handler SerialProcessor: unknown type 0x1b — skipping
10:40:46.455 [SerialProcessor ] INFO     serial_controller.serial_handler SerialProcessor: unknown type 0x1b — skipping
10:40:46.481 [SerialProcessor ] INFO     serial_controller.serial_handler SerialProcessor: unknown type 0x1b — skipping
10:40:46.482 [SerialProcessor ] INFO     serial_controller.serial_handler SerialProcessor: unknown type 0x1b — skipping
10:40:46.509 [SerialProcessor ] INFO     serial_controller.serial_handler SerialProcessor: unknown type 0x1b — skipping
10:40:46.538 [SerialProcessor ] INFO     serial_controller.serial_handler SerialProcessor: unknown type 0x1b — skipping
10:40:46.598 [SerialProcessor ] INFO     serial_controller.serial_handler SerialProcessor: unknown type 0x1b — skipping
10:40:46.651 [SerialProcessor ] INFO     serial_controller.serial_handler SerialProcessor: unknown type 0x1b — skipping
10:40:46.653 [SerialProcessor ] INFO     serial_controller.serial_handler SerialProcessor: unknown type 0x1b — skipping
10:40:46.656 [SerialProcessor ] INFO     serial_controller.serial_handler SerialProcessor: unknown type 0x1b — skipping
10:40:46.656 [SerialProcessor ] INFO     serial_controller.serial_handler SerialProcessor: unknown type 0x1b — skipping
10:40:46.657 [SerialProcessor ] INFO     serial_controller.serial_handler SerialProcessor: unknown type 0x1b — skipping
10:40:46.658 [SerialProcessor ] INFO     serial_controller.serial_handler SerialProcessor: unknown type 0x1b — skipping
10:40:46.659 [SerialProcessor ] INFO     serial_controller.serial_handler SerialProcessor: unknown type 0x1b — skipping
10:40:46.659 [SerialProcessor ] INFO     serial_controller.serial_handler SerialProcessor: unknown type 0x1b — skipping
10:40:46.660 [SerialProcessor ] INFO     serial_controller.serial_handler SerialProcessor: unknown type 0x1b — skipping
10:40:46.660 [SerialProcessor ] INFO     serial_controller.serial_handler SerialProcessor: unknown type 0x1b — skipping
10:40:46.660 [SerialProcessor ] INFO     serial_controller.serial_handler SerialProcessor: unknown type 0x1b — skipping
10:40:46.695 [SerialProcessor ] INFO     serial_controller.serial_handler SerialProcessor: unknown type 0x1b — skipping
10:40:46.695 [SerialProcessor ] INFO     serial_controller.serial_handler SerialProcessor: unknown type 0x1b — skipping
10:40:46.712 [SerialProcessor ] INFO     serial_controller.serial_handler SerialProcessor: unknown type 0x1b — skipping
10:40:46.712 [SerialProcessor ] INFO     serial_controller.serial_handler SerialProcessor: unknown type 0x1b — skipping
10:40:46.738 [SerialProcessor ] INFO     serial_controller.serial_handler SerialProcessor: unknown type 0x1b — skipping
10:40:46.750 [SerialProcessor ] INFO     serial_controller.serial_handler SerialProcessor: unknown type 0x1b — skipping
10:40:46.751 [SerialProcessor ] INFO     serial_controller.serial_handler SerialProcessor: unknown type 0x1b — skipping
10:40:46.776 [SerialProcessor ] INFO     serial_controller.serial_handler SerialProcessor: unknown type 0x1b — skipping
10:40:46.776 [SerialProcessor ] INFO     serial_controller.serial_handler SerialProcessor: unknown type 0x1b — skipping
10:40:46.802 [SerialProcessor ] INFO     serial_controller.serial_handler SerialProcessor: unknown type 0x1b — skipping
10:40:46.804 [SerialProcessor ] INFO     serial_controller.serial_handler SerialProcessor: unknown type 0x1b — skipping
10:40:46.827 [SerialProcessor ] INFO     serial_controller.serial_handler SerialProcessor: unknown type 0x1b — skipping
10:40:46.840 [SerialProcessor ] INFO     serial_controller.serial_handler SerialProcessor: unknown type 0x1b — skipping
10:40:46.841 [SerialProcessor ] INFO     serial_controller.serial_handler SerialProcessor: unknown type 0x1b — skipping
10:40:46.867 [SerialProcessor ] INFO     serial_controller.serial_handler SerialProcessor: unknown type 0x1b — skipping
10:40:46.867 [SerialProcessor ] INFO     serial_controller.serial_handler SerialProcessor: unknown type 0x1b — skipping
10:40:46.892 [SerialProcessor ] INFO     serial_controller.serial_handler SerialProcessor: unknown type 0x1b — skipping
10:40:46.892 [SerialProcessor ] INFO     serial_controller.serial_handler SerialProcessor: unknown type 0x1b — skipping
10:40:46.918 [SerialProcessor ] INFO     serial_controller.serial_handler SerialProcessor: unknown type 0x1b — skipping
10:40:46.918 [SerialProcessor ] INFO     serial_controller.serial_handler SerialProcessor: unknown type 0x1b — skipping
10:40:46.947 [SerialProcessor ] INFO     serial_controller.serial_handler SerialProcessor: unknown type 0x1b — skipping
10:40:46.956 [SerialProcessor ] INFO     serial_controller.serial_handler SerialProcessor: unknown type 0x1b — skipping
10:40:46.957 [SerialProcessor ] INFO     serial_controller.serial_handler SerialProcessor: unknown type 0x1b — skipping
10:40:46.982 [SerialProcessor ] INFO     serial_controller.serial_handler SerialProcessor: unknown type 0x1b — skipping
10:40:46.983 [SerialProcessor ] INFO     serial_controller.serial_handler SerialProcessor: unknown type 0x1b — skipping
10:40:47.008 [SerialProcessor ] INFO     serial_controller.serial_handler SerialProcessor: unknown type 0x1b — skipping
10:40:47.009 [SerialProcessor ] INFO     serial_controller.serial_handler SerialProcessor: unknown type 0x1b — skipping
10:40:47.033 [SerialProcessor ] INFO     serial_controller.serial_handler SerialProcessor: unknown type 0x1b — skipping
10:40:47.046 [SerialProcessor ] INFO     serial_controller.serial_handler SerialProcessor: unknown type 0x1b — skipping
10:40:47.046 [SerialProcessor ] INFO     serial_controller.serial_handler SerialProcessor: unknown type 0x1b — skipping
10:40:47.073 [SerialProcessor ] INFO     serial_controller.serial_handler SerialProcessor: unknown type 0x1b — skipping
10:40:47.074 [SerialProcessor ] INFO     serial_controller.serial_handler SerialProcessor: unknown type 0x1b — skipping
10:40:47.098 [SerialProcessor ] INFO     serial_controller.serial_handler SerialProcessor: unknown type 0x1b — skipping
10:40:47.098 [SerialProcessor ] INFO     serial_controller.serial_handler SerialProcessor: unknown type 0x1b — skipping
10:40:47.123 [SerialProcessor ] INFO     serial_controller.serial_handler SerialProcessor: unknown type 0x1b — skipping
10:40:47.124 [SerialProcessor ] INFO     serial_controller.serial_handler SerialProcessor: unknown type 0x1b — skipping
10:40:47.149 [SerialProcessor ] INFO     serial_controller.serial_handler SerialProcessor: unknown type 0x1b — skipping
10:40:47.162 [SerialProcessor ] INFO     serial_controller.serial_handler SerialProcessor: unknown type 0x1b — skipping
10:40:47.162 [SerialProcessor ] INFO     serial_controller.serial_handler SerialProcessor: unknown type 0x1b — skipping
10:40:47.189 [SerialProcessor ] INFO     serial_controller.serial_handler SerialProcessor: unknown type 0x1b — skipping
10:40:47.190 [SerialProcessor ] INFO     serial_controller.serial_handler SerialProcessor: unknown type 0x1b — skipping
10:40:47.213 [SerialProcessor ] INFO     serial_controller.serial_handler SerialProcessor: unknown type 0x1b — skipping
10:40:47.214 [SerialProcessor ] INFO     serial_controller.serial_handler SerialProcessor: unknown type 0x1b — skipping
10:40:47.239 [SerialProcessor ] INFO     serial_controller.serial_handler SerialProcessor: unknown type 0x1b — skipping
10:40:47.252 [SerialProcessor ] INFO     serial_controller.serial_handler SerialProcessor: unknown type 0x1b — skipping
10:40:47.252 [SerialProcessor ] INFO     serial_controller.serial_handler SerialProcessor: unknown type 0x1b — skipping
10:40:47.278 [SerialProcessor ] INFO     serial_controller.serial_handler SerialProcessor: unknown type 0x1b — skipping
10:40:47.278 [SerialProcessor ] INFO     serial_controller.serial_handler SerialProcessor: unknown type 0x1b — skipping
10:40:47.303 [SerialProcessor ] INFO     serial_controller.serial_handler SerialProcessor: unknown type 0x1b — skipping
10:40:47.304 [SerialProcessor ] INFO     serial_controller.serial_handler SerialProcessor: unknown type 0x1b — skipping
10:40:47.329 [SerialProcessor ] INFO     serial_controller.serial_handler SerialProcessor: unknown type 0x1b — skipping
10:40:47.330 [SerialProcessor ] INFO     serial_controller.serial_handler SerialProcessor: unknown type 0x1b — skipping
10:40:47.355 [SerialProcessor ] INFO     serial_controller.serial_handler SerialProcessor: unknown type 0x1b — skipping
10:40:47.368 [SerialProcessor ] INFO     serial_controller.serial_handler SerialProcessor: unknown type 0x1b — skipping
10:40:47.368 [SerialProcessor ] INFO     serial_controller.serial_handler SerialProcessor: unknown type 0x1b — skipping
10:40:47.394 [SerialProcessor ] INFO     serial_controller.serial_handler SerialProcessor: unknown type 0x1b — skipping
10:40:47.394 [SerialProcessor ] INFO     serial_controller.serial_handler SerialProcessor: unknown type 0x1b — skipping
10:40:47.419 [SerialProcessor ] INFO     serial_controller.serial_handler SerialProcessor: unknown type 0x1b — skipping
10:40:47.420 [SerialProcessor ] INFO     serial_controller.serial_handler SerialProcessor: unknown type 0x1b — skipping
10:40:47.445 [SerialProcessor ] INFO     serial_controller.serial_handler SerialProcessor: unknown type 0x1b — skipping
10:40:47.458 [SerialProcessor ] INFO     serial_controller.serial_handler SerialProcessor: unknown type 0x1b — skipping
10:40:47.458 [SerialProcessor ] INFO     serial_controller.serial_handler SerialProcessor: unknown type 0x1b — skipping
10:40:47.483 [SerialProcessor ] INFO     serial_controller.serial_handler SerialProcessor: unknown type 0x1b — skipping
10:40:47.484 [SerialProcessor ] INFO     serial_controller.serial_handler SerialProcessor: unknown type 0x1b — skipping
10:40:47.509 [SerialProcessor ] INFO     serial_controller.serial_handler SerialProcessor: unknown type 0x1b — skipping
10:40:47.510 [SerialProcessor ] INFO     serial_controller.serial_handler SerialProcessor: unknown type 0x1b — skipping
10:40:47.535 [SerialProcessor ] INFO     serial_controller.serial_handler SerialProcessor: unknown type 0x1b — skipping
10:40:47.536 [SerialProcessor ] INFO     serial_controller.serial_handler SerialProcessor: unknown type 0x1b — skipping
10:40:47.561 [SerialProcessor ] INFO     serial_controller.serial_handler SerialProcessor: unknown type 0x1b — skipping
10:40:47.573 [SerialProcessor ] INFO     serial_controller.serial_handler SerialProcessor: unknown type 0x1b — skipping
10:40:47.574 [SerialProcessor ] INFO     serial_controller.serial_handler SerialProcessor: unknown type 0x1b — skipping
10:40:47.599 [SerialProcessor ] INFO     serial_controller.serial_handler SerialProcessor: unknown type 0x1b — skipping
10:40:47.600 [SerialProcessor ] INFO     serial_controller.serial_handler SerialProcessor: unknown type 0x1b — skipping
10:40:47.625 [SerialProcessor ] INFO     serial_controller.serial_handler SerialProcessor: unknown type 0x1b — skipping
10:40:47.626 [SerialProcessor ] INFO     serial_controller.serial_handler SerialProcessor: unknown type 0x1b — skipping
10:40:47.651 [SerialProcessor ] INFO     serial_controller.serial_handler SerialProcessor: unknown type 0x1b — skipping
10:40:47.663 [SerialProcessor ] INFO     serial_controller.serial_handler SerialProcessor: unknown type 0x1b — skipping
10:40:47.664 [SerialProcessor ] INFO     serial_controller.serial_handler SerialProcessor: unknown type 0x1b — skipping
10:40:47.689 [SerialProcessor ] INFO     serial_controller.serial_handler SerialProcessor: unknown type 0x1b — skipping
10:40:47.690 [SerialProcessor ] INFO     serial_controller.serial_handler SerialProcessor: unknown type 0x1b — skipping
10:40:47.715 [SerialProcessor ] INFO     serial_controller.serial_handler SerialProcessor: unknown type 0x1b — skipping
10:40:47.715 [SerialProcessor ] INFO     serial_controller.serial_handler SerialProcessor: unknown type 0x1b — skipping
10:40:47.741 [SerialProcessor ] INFO     serial_controller.serial_handler SerialProcessor: unknown type 0x1b — skipping
10:40:47.741 [SerialProcessor ] INFO     serial_controller.serial_handler SerialProcessor: unknown type 0x1b — skipping
10:40:47.766 [SerialProcessor ] INFO     serial_controller.serial_handler SerialProcessor: unknown type 0x1b — skipping
10:40:47.779 [SerialProcessor ] INFO     serial_controller.serial_handler SerialProcessor: unknown type 0x1b — skipping
10:40:47.781 [SerialProcessor ] INFO     serial_controller.serial_handler SerialProcessor: unknown type 0x1b — skipping
10:40:47.805 [SerialProcessor ] INFO     serial_controller.serial_handler SerialProcessor: unknown type 0x1b — skipping
10:40:47.806 [SerialProcessor ] INFO     serial_controller.serial_handler SerialProcessor: unknown type 0x1b — skipping
10:40:47.831 [SerialProcessor ] INFO     serial_controller.serial_handler SerialProcessor: unknown type 0x1b — skipping
10:40:47.832 [SerialProcessor ] INFO     serial_controller.serial_handler SerialProcessor: unknown type 0x1b — skipping
10:40:47.857 [SerialProcessor ] INFO     serial_controller.serial_handler SerialProcessor: unknown type 0x1b — skipping
10:40:47.869 [SerialProcessor ] INFO     serial_controller.serial_handler SerialProcessor: unknown type 0x1b — skipping
10:40:47.870 [SerialProcessor ] INFO     serial_controller.serial_handler SerialProcessor: unknown type 0x1b — skipping
10:40:47.895 [SerialProcessor ] INFO     serial_controller.serial_handler SerialProcessor: unknown type 0x1b — skipping
10:40:47.896 [SerialProcessor ] INFO     serial_controller.serial_handler SerialProcessor: unknown type 0x1b — skipping
10:40:47.921 [SerialProcessor ] INFO     serial_controller.serial_handler SerialProcessor: unknown type 0x1b — skipping
10:40:47.921 [SerialProcessor ] INFO     serial_controller.serial_handler SerialProcessor: unknown type 0x1b — skipping
10:40:47.947 [SerialProcessor ] INFO     serial_controller.serial_handler SerialProcessor: unknown type 0x1b — skipping
10:40:47.947 [SerialProcessor ] INFO     serial_controller.serial_handler SerialProcessor: unknown type 0x1b — skipping
10:40:47.972 [SerialProcessor ] INFO     serial_controller.serial_handler SerialProcessor: unknown type 0x1b — skipping
10:40:47.985 [SerialProcessor ] INFO     serial_controller.serial_handler SerialProcessor: unknown type 0x1b — skipping
10:40:47.986 [SerialProcessor ] INFO     serial_controller.serial_handler SerialProcessor: unknown type 0x1b — skipping
10:40:48.011 [SerialProcessor ] INFO     serial_controller.serial_handler SerialProcessor: unknown type 0x1b — skipping
10:40:48.011 [SerialProcessor ] INFO     serial_controller.serial_handler SerialProcessor: unknown type 0x1b — skipping
10:40:48.037 [SerialProcessor ] INFO     serial_controller.serial_handler SerialProcessor: unknown type 0x1b — skipping
10:40:48.037 [SerialProcessor ] INFO     serial_controller.serial_handler SerialProcessor: unknown type 0x1b — skipping
10:40:48.063 [SerialProcessor ] INFO     serial_controller.serial_handler SerialProcessor: unknown type 0x1b — skipping
10:40:48.081 [SerialProcessor ] INFO     serial_controller.serial_handler SerialProcessor: unknown type 0x1b — skipping
10:40:48.082 [SerialProcessor ] INFO     serial_controller.serial_handler SerialProcessor: unknown type 0x1b — skipping
10:40:48.101 [SerialProcessor ] INFO     serial_controller.serial_handler SerialProcessor: unknown type 0x1b — skipping
10:40:48.101 [SerialProcessor ] INFO     serial_controller.serial_handler SerialProcessor: unknown type 0x1b — skipping
10:40:48.127 [SerialProcessor ] INFO     serial_controller.serial_handler SerialProcessor: unknown type 0x1b — skipping
10:40:48.127 [SerialProcessor ] INFO     serial_controller.serial_handler SerialProcessor: unknown type 0x1b — skipping
10:40:48.152 [SerialProcessor ] INFO     serial_controller.serial_handler SerialProcessor: unknown type 0x1b — skipping
10:40:48.153 [SerialProcessor ] INFO     serial_controller.serial_handler SerialProcessor: unknown type 0x1b — skipping
10:40:48.178 [SerialProcessor ] INFO     serial_controller.serial_handler SerialProcessor: unknown type 0x1b — skipping
10:40:48.191 [SerialProcessor ] INFO     serial_controller.serial_handler SerialProcessor: unknown type 0x1b — skipping
10:40:48.192 [SerialProcessor ] INFO     serial_controller.serial_handler SerialProcessor: unknown type 0x1b — skipping
10:40:48.217 [SerialProcessor ] INFO     serial_controller.serial_handler SerialProcessor: unknown type 0x1b — skipping
10:40:48.217 [SerialProcessor ] INFO     serial_controller.serial_handler SerialProcessor: unknown type 0x1b — skipping
10:40:48.242 [SerialProcessor ] INFO     serial_controller.serial_handler SerialProcessor: unknown type 0x1b — skipping
10:40:48.243 [SerialProcessor ] INFO     serial_controller.serial_handler SerialProcessor: unknown type 0x1b — skipping
10:40:48.268 [SerialProcessor ] INFO     serial_controller.serial_handler SerialProcessor: unknown type 0x1b — skipping
10:40:48.281 [SerialProcessor ] INFO     serial_controller.serial_handler SerialProcessor: unknown type 0x1b — skipping
10:40:48.284 [SerialProcessor ] INFO     serial_controller.serial_handler SerialProcessor: unknown type 0x1b — skipping
10:40:48.307 [SerialProcessor ] INFO     serial_controller.serial_handler SerialProcessor: unknown type 0x1b — skipping
10:40:48.307 [SerialProcessor ] INFO     serial_controller.serial_handler SerialProcessor: unknown type 0x1b — skipping
10:40:48.332 [SerialProcessor ] INFO     serial_controller.serial_handler SerialProcessor: unknown type 0x1b — skipping
10:40:48.333 [SerialProcessor ] INFO     serial_controller.serial_handler SerialProcessor: unknown type 0x1b — skipping
10:40:48.358 [SerialProcessor ] INFO     serial_controller.serial_handler SerialProcessor: unknown type 0x1b — skipping
10:40:48.358 [SerialProcessor ] INFO     serial_controller.serial_handler SerialProcessor: unknown type 0x1b — skipping
10:40:48.384 [SerialProcessor ] INFO     serial_controller.serial_handler SerialProcessor: unknown type 0x1b — skipping
10:40:48.397 [SerialProcessor ] INFO     serial_controller.serial_handler SerialProcessor: unknown type 0x1b — skipping
10:40:48.397 [SerialProcessor ] INFO     serial_controller.serial_handler SerialProcessor: unknown type 0x1b — skipping
10:40:48.423 [SerialProcessor ] INFO     serial_controller.serial_handler SerialProcessor: unknown type 0x1b — skipping
10:40:48.423 [SerialProcessor ] INFO     serial_controller.serial_handler SerialProcessor: unknown type 0x1b — skipping
10:40:48.448 [SerialProcessor ] INFO     serial_controller.serial_handler SerialProcessor: unknown type 0x1b — skipping
10:40:48.448 [SerialProcessor ] INFO     serial_controller.serial_handler SerialProcessor: unknown type 0x1b — skipping
10:40:48.474 [SerialProcessor ] INFO     serial_controller.serial_handler SerialProcessor: unknown type 0x1b — skipping
10:40:48.487 [SerialProcessor ] INFO     serial_controller.serial_handler SerialProcessor: unknown type 0x1b — skipping
10:40:48.487 [SerialProcessor ] INFO     serial_controller.serial_handler SerialProcessor: unknown type 0x1b — skipping
10:40:48.513 [SerialProcessor ] INFO     serial_controller.serial_handler SerialProcessor: unknown type 0x1b — skipping
10:40:48.514 [SerialProcessor ] INFO     serial_controller.serial_handler SerialProcessor: unknown type 0x1b — skipping
10:40:48.538 [SerialProcessor ] INFO     serial_controller.serial_handler SerialProcessor: unknown type 0x1b — skipping
10:40:48.539 [SerialProcessor ] INFO     serial_controller.serial_handler SerialProcessor: unknown type 0x1b — skipping
10:40:48.564 [SerialProcessor ] INFO     serial_controller.serial_handler SerialProcessor: unknown type 0x1b — skipping
10:40:48.564 [SerialProcessor ] INFO     serial_controller.serial_handler SerialProcessor: unknown type 0x1b — skipping
10:40:48.590 [SerialProcessor ] INFO     serial_controller.serial_handler SerialProcessor: unknown type 0x1b — skipping
10:40:48.602 [SerialProcessor ] INFO     serial_controller.serial_handler SerialProcessor: unknown type 0x1b — skipping
10:40:48.603 [SerialProcessor ] INFO     serial_controller.serial_handler SerialProcessor: unknown type 0x1b — skipping
10:40:48.628 [SerialProcessor ] INFO     serial_controller.serial_handler SerialProcessor: unknown type 0x1b — skipping
10:40:48.628 [SerialProcessor ] INFO     serial_controller.serial_handler SerialProcessor: unknown type 0x1b — skipping
10:40:48.654 [SerialProcessor ] INFO     serial_controller.serial_handler SerialProcessor: unknown type 0x1b — skipping
10:40:48.654 [SerialProcessor ] INFO     serial_controller.serial_handler SerialProcessor: unknown type 0x1b — skipping
10:40:48.679 [SerialProcessor ] INFO     serial_controller.serial_handler SerialProcessor: unknown type 0x1b — skipping
10:40:48.692 [SerialProcessor ] INFO     serial_controller.serial_handler SerialProcessor: unknown type 0x1b — skipping
10:40:48.693 [SerialProcessor ] INFO     serial_controller.serial_handler SerialProcessor: unknown type 0x1b — skipping
10:40:48.718 [SerialProcessor ] INFO     serial_controller.serial_handler SerialProcessor: unknown type 0x1b — skipping
10:40:48.719 [SerialProcessor ] INFO     serial_controller.serial_handler SerialProcessor: unknown type 0x1b — skipping
10:40:48.744 [SerialProcessor ] INFO     serial_controller.serial_handler SerialProcessor: unknown type 0x1b — skipping
10:40:48.744 [SerialProcessor ] INFO     serial_controller.serial_handler SerialProcessor: unknown type 0x1b — skipping
10:40:48.770 [SerialProcessor ] INFO     serial_controller.serial_handler SerialProcessor: unknown type 0x1b — skipping
10:40:48.770 [SerialProcessor ] INFO     serial_controller.serial_handler SerialProcessor: unknown type 0x1b — skipping
10:40:48.795 [SerialProcessor ] INFO     serial_controller.serial_handler SerialProcessor: unknown type 0x1b — skipping
10:40:48.808 [SerialProcessor ] INFO     serial_controller.serial_handler SerialProcessor: unknown type 0x1b — skipping
10:40:48.810 [SerialProcessor ] INFO     serial_controller.serial_handler SerialProcessor: unknown type 0x1b — skipping
10:40:48.834 [SerialProcessor ] INFO     serial_controller.serial_handler SerialProcessor: unknown type 0x1b — skipping
10:40:48.835 [SerialProcessor ] INFO     serial_controller.serial_handler SerialProcessor: unknown type 0x1b — skipping
10:40:48.874 [SerialProcessor ] INFO     serial_controller.serial_handler SerialProcessor: unknown type 0x1b — skipping
10:40:48.887 [SerialProcessor ] INFO     serial_controller.serial_handler SerialProcessor: unknown type 0x1b — skipping
10:40:48.891 [SerialProcessor ] INFO     serial_controller.serial_handler SerialProcessor: unknown type 0x1b — skipping
10:40:48.898 [SerialProcessor ] INFO     serial_controller.serial_handler SerialProcessor: unknown type 0x1b — skipping
10:40:48.899 [SerialProcessor ] INFO     serial_controller.serial_handler SerialProcessor: unknown type 0x1b — skipping
10:40:48.924 [SerialProcessor ] INFO     serial_controller.serial_handler SerialProcessor: unknown type 0x1b — skipping
10:40:48.924 [SerialProcessor ] INFO     serial_controller.serial_handler SerialProcessor: unknown type 0x1b — skipping
10:40:48.950 [SerialProcessor ] INFO     serial_controller.serial_handler SerialProcessor: unknown type 0x1b — skipping
10:40:48.950 [SerialProcessor ] INFO     serial_controller.serial_handler SerialProcessor: unknown type 0x1b — skipping
10:40:48.975 [SerialProcessor ] INFO     serial_controller.serial_handler SerialProcessor: unknown type 0x1b — skipping
10:40:48.976 [SerialProcessor ] INFO     serial_controller.serial_handler SerialProcessor: unknown type 0x1b — skipping
10:40:49.001 [SerialProcessor ] INFO     serial_controller.serial_handler SerialProcessor: unknown type 0x1b — skipping
10:40:49.014 [SerialProcessor ] INFO     serial_controller.serial_handler SerialProcessor: unknown type 0x1b — skipping
10:40:49.014 [SerialProcessor ] INFO     serial_controller.serial_handler SerialProcessor: unknown type 0x1b — skipping
10:40:49.040 [SerialProcessor ] INFO     serial_controller.serial_handler SerialProcessor: unknown type 0x1b — skipping
10:40:49.040 [SerialProcessor ] INFO     serial_controller.serial_handler SerialProcessor: unknown type 0x1b — skipping
10:40:49.066 [SerialProcessor ] INFO     serial_controller.serial_handler SerialProcessor: unknown type 0x1b — skipping
10:40:49.066 [SerialProcessor ] INFO     serial_controller.serial_handler SerialProcessor: unknown type 0x1b — skipping
10:40:49.091 [SerialProcessor ] INFO     serial_controller.serial_handler SerialProcessor: unknown type 0x1b — skipping
10:40:49.104 [SerialProcessor ] INFO     serial_controller.serial_handler SerialProcessor: unknown type 0x1b — skipping
10:40:49.104 [SerialProcessor ] INFO     serial_controller.serial_handler SerialProcessor: unknown type 0x1b — skipping
10:40:49.130 [SerialProcessor ] INFO     serial_controller.serial_handler SerialProcessor: unknown type 0x1b — skipping
10:40:49.132 [SerialProcessor ] INFO     serial_controller.serial_handler SerialProcessor: unknown type 0x1b — skipping
10:40:49.156 [SerialProcessor ] INFO     serial_controller.serial_handler SerialProcessor: unknown type 0x1b — skipping
10:40:49.156 [SerialProcessor ] INFO     serial_controller.serial_handler SerialProcessor: unknown type 0x1b — skipping
10:40:49.181 [SerialProcessor ] INFO     serial_controller.serial_handler SerialProcessor: unknown type 0x1b — skipping
10:40:49.182 [SerialProcessor ] INFO     serial_controller.serial_handler SerialProcessor: unknown type 0x1b — skipping
10:40:49.207 [SerialProcessor ] INFO     serial_controller.serial_handler SerialProcessor: unknown type 0x1b — skipping
10:40:49.220 [SerialProcessor ] INFO     serial_controller.serial_handler SerialProcessor: unknown type 0x1b — skipping
10:40:49.220 [SerialProcessor ] INFO     serial_controller.serial_handler SerialProcessor: unknown type 0x1b — skipping
10:40:49.246 [SerialProcessor ] INFO     serial_controller.serial_handler SerialProcessor: unknown type 0x1b — skipping
10:40:49.246 [SerialProcessor ] INFO     serial_controller.serial_handler SerialProcessor: unknown type 0x1b — skipping
10:40:49.271 [SerialProcessor ] INFO     serial_controller.serial_handler SerialProcessor: unknown type 0x1b — skipping
10:40:49.273 [SerialProcessor ] INFO     serial_controller.serial_handler SerialProcessor: unknown type 0x1b — skipping
10:40:49.297 [SerialProcessor ] INFO     serial_controller.serial_handler SerialProcessor: unknown type 0x1b — skipping
10:40:49.310 [SerialProcessor ] INFO     serial_controller.serial_handler SerialProcessor: unknown type 0x1b — skipping
10:40:49.310 [SerialProcessor ] INFO     serial_controller.serial_handler SerialProcessor: unknown type 0x1b — skipping
10:40:49.335 [SerialProcessor ] INFO     serial_controller.serial_handler SerialProcessor: unknown type 0x1b — skipping
10:40:49.336 [SerialProcessor ] INFO     serial_controller.serial_handler SerialProcessor: unknown type 0x1b — skipping
10:40:49.361 [SerialProcessor ] INFO     serial_controller.serial_handler SerialProcessor: unknown type 0x1b — skipping
10:40:49.362 [SerialProcessor ] INFO     serial_controller.serial_handler SerialProcessor: unknown type 0x1b — skipping
10:40:49.387 [SerialProcessor ] INFO     serial_controller.serial_handler SerialProcessor: unknown type 0x1b — skipping
10:40:49.387 [SerialProcessor ] INFO     serial_controller.serial_handler SerialProcessor: unknown type 0x1b — skipping
10:40:49.413 [SerialProcessor ] INFO     serial_controller.serial_handler SerialProcessor: unknown type 0x1b — skipping
10:40:49.426 [SerialProcessor ] INFO     serial_controller.serial_handler SerialProcessor: unknown type 0x1b — skipping
10:40:49.426 [SerialProcessor ] INFO     serial_controller.serial_handler SerialProcessor: unknown type 0x1b — skipping
10:40:49.451 [SerialProcessor ] INFO     serial_controller.serial_handler SerialProcessor: unknown type 0x1b — skipping
10:40:49.452 [SerialProcessor ] INFO     serial_controller.serial_handler SerialProcessor: unknown type 0x1b — skipping
10:40:49.477 [SerialProcessor ] INFO     serial_controller.serial_handler SerialProcessor: unknown type 0x1b — skipping
10:40:49.477 [SerialProcessor ] INFO     serial_controller.serial_handler SerialProcessor: unknown type 0x1b — skipping
10:40:49.504 [SerialProcessor ] INFO     serial_controller.serial_handler SerialProcessor: unknown type 0x1b — skipping
10:40:49.516 [SerialProcessor ] INFO     serial_controller.serial_handler SerialProcessor: unknown type 0x1b — skipping
10:40:49.516 [SerialProcessor ] INFO     serial_controller.serial_handler SerialProcessor: unknown type 0x1b — skipping
10:40:49.541 [SerialProcessor ] INFO     serial_controller.serial_handler SerialProcessor: unknown type 0x1b — skipping
10:40:49.542 [SerialProcessor ] INFO     serial_controller.serial_handler SerialProcessor: unknown type 0x1b — skipping
10:40:49.567 [SerialProcessor ] INFO     serial_controller.serial_handler SerialProcessor: unknown type 0x1b — skipping
10:40:49.567 [SerialProcessor ] INFO     serial_controller.serial_handler SerialProcessor: unknown type 0x1b — skipping
10:40:49.593 [SerialProcessor ] INFO     serial_controller.serial_handler SerialProcessor: unknown type 0x1b — skipping
10:40:49.593 [SerialProcessor ] INFO     serial_controller.serial_handler SerialProcessor: unknown type 0x1b — skipping
10:40:49.619 [SerialProcessor ] INFO     serial_controller.serial_handler SerialProcessor: unknown type 0x1b — skipping
10:40:49.631 [SerialProcessor ] INFO     serial_controller.serial_handler SerialProcessor: unknown type 0x1b — skipping
10:40:49.633 [SerialProcessor ] INFO     serial_controller.serial_handler SerialProcessor: unknown type 0x1b — skipping
10:40:49.657 [SerialProcessor ] INFO     serial_controller.serial_handler SerialProcessor: unknown type 0x1b — skipping
10:40:49.658 [SerialProcessor ] INFO     serial_controller.serial_handler SerialProcessor: unknown type 0x1b — skipping
10:40:49.684 [SerialProcessor ] INFO     serial_controller.serial_handler SerialProcessor: unknown type 0x1b — skipping
10:40:49.684 [SerialProcessor ] INFO     serial_controller.serial_handler SerialProcessor: unknown type 0x1b — skipping
10:40:49.709 [SerialProcessor ] INFO     serial_controller.serial_handler SerialProcessor: unknown type 0x1b — skipping
10:40:49.721 [SerialProcessor ] INFO     serial_controller.serial_handler SerialProcessor: unknown type 0x1b — skipping
10:40:49.722 [SerialProcessor ] INFO     serial_controller.serial_handler SerialProcessor: unknown type 0x1b — skipping
10:40:49.748 [SerialProcessor ] INFO     serial_controller.serial_handler SerialProcessor: unknown type 0x1b — skipping
10:40:49.748 [SerialProcessor ] INFO     serial_controller.serial_handler SerialProcessor: unknown type 0x1b — skipping
10:40:49.773 [SerialProcessor ] INFO     serial_controller.serial_handler SerialProcessor: unknown type 0x1b — skipping
10:40:49.774 [SerialProcessor ] INFO     serial_controller.serial_handler SerialProcessor: unknown type 0x1b — skipping
10:40:49.799 [SerialProcessor ] INFO     serial_controller.serial_handler SerialProcessor: unknown type 0x1b — skipping
10:40:49.799 [SerialProcessor ] INFO     serial_controller.serial_handler SerialProcessor: unknown type 0x1b — skipping
10:40:49.824 [SerialProcessor ] INFO     serial_controller.serial_handler SerialProcessor: unknown type 0x1b — skipping
10:40:49.837 [SerialProcessor ] INFO     serial_controller.serial_handler SerialProcessor: unknown type 0x1b — skipping
10:40:49.838 [SerialProcessor ] INFO     serial_controller.serial_handler SerialProcessor: unknown type 0x1b — skipping
10:40:49.863 [SerialProcessor ] INFO     serial_controller.serial_handler SerialProcessor: unknown type 0x1b — skipping
10:40:49.863 [SerialProcessor ] INFO     serial_controller.serial_handler SerialProcessor: unknown type 0x1b — skipping
10:40:49.889 [SerialProcessor ] INFO     serial_controller.serial_handler SerialProcessor: unknown type 0x1b — skipping
10:40:49.890 [SerialProcessor ] INFO     serial_controller.serial_handler SerialProcessor: unknown type 0x1b — skipping
10:40:49.915 [SerialProcessor ] INFO     serial_controller.serial_handler SerialProcessor: unknown type 0x1b — skipping
10:40:49.927 [SerialProcessor ] INFO     serial_controller.serial_handler SerialProcessor: unknown type 0x1b — skipping
10:40:49.928 [SerialProcessor ] INFO     serial_controller.serial_handler SerialProcessor: unknown type 0x1b — skipping
10:40:49.953 [SerialProcessor ] INFO     serial_controller.serial_handler SerialProcessor: unknown type 0x1b — skipping
10:40:49.953 [SerialProcessor ] INFO     serial_controller.serial_handler SerialProcessor: unknown type 0x1b — skipping
10:40:49.979 [SerialProcessor ] INFO     serial_controller.serial_handler SerialProcessor: unknown type 0x1b — skipping
10:40:49.979 [SerialProcessor ] INFO     serial_controller.serial_handler SerialProcessor: unknown type 0x1b — skipping
10:40:50.005 [SerialProcessor ] INFO     serial_controller.serial_handler SerialProcessor: unknown type 0x1b — skipping
10:40:50.006 [SerialProcessor ] INFO     serial_controller.serial_handler SerialProcessor: unknown type 0x1b — skipping
10:40:50.030 [SerialProcessor ] INFO     serial_controller.serial_handler SerialProcessor: unknown type 0x1b — skipping
10:40:50.043 [SerialProcessor ] INFO     serial_controller.serial_handler SerialProcessor: unknown type 0x1b — skipping
10:40:50.043 [SerialProcessor ] INFO     serial_controller.serial_handler SerialProcessor: unknown type 0x1b — skipping
10:40:50.069 [SerialProcessor ] INFO     serial_controller.serial_handler SerialProcessor: unknown type 0x1b — skipping
10:40:50.069 [SerialProcessor ] INFO     serial_controller.serial_handler SerialProcessor: unknown type 0x1b — skipping
10:40:50.094 [SerialProcessor ] INFO     serial_controller.serial_handler SerialProcessor: unknown type 0x1b — skipping
10:40:50.095 [SerialProcessor ] INFO     serial_controller.serial_handler SerialProcessor: unknown type 0x1b — skipping
10:40:50.120 [SerialProcessor ] INFO     serial_controller.serial_handler SerialProcessor: unknown type 0x1b — skipping
10:40:50.133 [SerialProcessor ] INFO     serial_controller.serial_handler SerialProcessor: unknown type 0x1b — skipping
10:40:50.133 [SerialProcessor ] INFO     serial_controller.serial_handler SerialProcessor: unknown type 0x1b — skipping
10:40:50.159 [SerialProcessor ] INFO     serial_controller.serial_handler SerialProcessor: unknown type 0x1b — skipping
10:40:50.159 [SerialProcessor ] INFO     serial_controller.serial_handler SerialProcessor: unknown type 0x1b — skipping
10:40:50.185 [SerialProcessor ] INFO     serial_controller.serial_handler SerialProcessor: unknown type 0x1b — skipping
10:40:50.185 [SerialProcessor ] INFO     serial_controller.serial_handler SerialProcessor: unknown type 0x1b — skipping
10:40:50.210 [SerialProcessor ] INFO     serial_controller.serial_handler SerialProcessor: unknown type 0x1b — skipping
10:40:50.210 [SerialProcessor ] INFO     serial_controller.serial_handler SerialProcessor: unknown type 0x1b — skipping
10:40:50.236 [SerialProcessor ] INFO     serial_controller.serial_handler SerialProcessor: unknown type 0x1b — skipping
10:40:50.249 [SerialProcessor ] INFO     serial_controller.serial_handler SerialProcessor: unknown type 0x1b — skipping
10:40:50.249 [SerialProcessor ] INFO     serial_controller.serial_handler SerialProcessor: unknown type 0x1b — skipping
10:40:50.274 [SerialProcessor ] INFO     serial_controller.serial_handler SerialProcessor: unknown type 0x1b — skipping
10:40:50.275 [SerialProcessor ] INFO     serial_controller.serial_handler SerialProcessor: unknown type 0x1b — skipping
10:40:50.300 [SerialProcessor ] INFO     serial_controller.serial_handler SerialProcessor: unknown type 0x1b — skipping
10:40:50.300 [SerialProcessor ] INFO     serial_controller.serial_handler SerialProcessor: unknown type 0x1b — skipping
10:40:50.326 [SerialProcessor ] INFO     serial_controller.serial_handler SerialProcessor: unknown type 0x1b — skipping
10:40:50.339 [SerialProcessor ] INFO     serial_controller.serial_handler SerialProcessor: unknown type 0x1b — skipping
10:40:50.340 [SerialProcessor ] INFO     serial_controller.serial_handler SerialProcessor: unknown type 0x1b — skipping
10:40:50.365 [SerialProcessor ] INFO     serial_controller.serial_handler SerialProcessor: unknown type 0x1b — skipping
10:40:50.366 [SerialProcessor ] INFO     serial_controller.serial_handler SerialProcessor: unknown type 0x1b — skipping
10:40:50.391 [SerialProcessor ] INFO     serial_controller.serial_handler SerialProcessor: unknown type 0x1b — skipping
10:40:50.393 [SerialProcessor ] INFO     serial_controller.serial_handler SerialProcessor: unknown type 0x1b — skipping
10:40:50.416 [SerialProcessor ] INFO     serial_controller.serial_handler SerialProcessor: unknown type 0x1b — skipping
10:40:50.416 [SerialProcessor ] INFO     serial_controller.serial_handler SerialProcessor: unknown type 0x1b — skipping
10:40:50.443 [SerialProcessor ] INFO     serial_controller.serial_handler SerialProcessor: unknown type 0x1b — skipping
10:40:50.454 [SerialProcessor ] INFO     serial_controller.serial_handler SerialProcessor: unknown type 0x1b — skipping
10:40:50.455 [SerialProcessor ] INFO     serial_controller.serial_handler SerialProcessor: unknown type 0x1b — skipping
10:40:50.480 [SerialProcessor ] INFO     serial_controller.serial_handler SerialProcessor: unknown type 0x1b — skipping
10:40:50.480 [SerialProcessor ] INFO     serial_controller.serial_handler SerialProcessor: unknown type 0x1b — skipping
10:40:50.506 [SerialProcessor ] INFO     serial_controller.serial_handler SerialProcessor: unknown type 0x1b — skipping
10:40:50.507 [SerialProcessor ] INFO     serial_controller.serial_handler SerialProcessor: unknown type 0x1b — skipping
10:40:50.532 [SerialProcessor ] INFO     serial_controller.serial_handler SerialProcessor: unknown type 0x1b — skipping
10:40:50.544 [SerialProcessor ] INFO     serial_controller.serial_handler SerialProcessor: unknown type 0x1b — skipping
10:40:50.545 [SerialProcessor ] INFO     serial_controller.serial_handler SerialProcessor: unknown type 0x1b — skipping
10:40:50.570 [SerialProcessor ] INFO     serial_controller.serial_handler SerialProcessor: unknown type 0x1b — skipping
10:40:50.570 [SerialProcessor ] INFO     serial_controller.serial_handler SerialProcessor: unknown type 0x1b — skipping
10:40:50.596 [SerialProcessor ] INFO     serial_controller.serial_handler SerialProcessor: unknown type 0x1b — skipping
10:40:50.596 [SerialProcessor ] INFO     serial_controller.serial_handler SerialProcessor: unknown type 0x1b — skipping
10:40:50.622 [SerialProcessor ] INFO     serial_controller.serial_handler SerialProcessor: unknown type 0x1b — skipping
10:40:50.622 [SerialProcessor ] INFO     serial_controller.serial_handler SerialProcessor: unknown type 0x1b — skipping
10:40:50.648 [SerialProcessor ] INFO     serial_controller.serial_handler SerialProcessor: unknown type 0x1b — skipping
10:40:50.660 [SerialProcessor ] INFO     serial_controller.serial_handler SerialProcessor: unknown type 0x1b — skipping
10:40:50.661 [SerialProcessor ] INFO     serial_controller.serial_handler SerialProcessor: unknown type 0x1b — skipping
10:40:50.686 [SerialProcessor ] INFO     serial_controller.serial_handler SerialProcessor: unknown type 0x1b — skipping
10:40:50.687 [SerialProcessor ] INFO     serial_controller.serial_handler SerialProcessor: unknown type 0x1b — skipping
10:40:50.712 [SerialProcessor ] INFO     serial_controller.serial_handler SerialProcessor: unknown type 0x1b — skipping
10:40:50.712 [SerialProcessor ] INFO     serial_controller.serial_handler SerialProcessor: unknown type 0x1b — skipping
10:40:50.737 [SerialProcessor ] INFO     serial_controller.serial_handler SerialProcessor: unknown type 0x1b — skipping
10:40:50.750 [SerialProcessor ] INFO     serial_controller.serial_handler SerialProcessor: unknown type 0x1b — skipping
10:40:50.752 [SerialProcessor ] INFO     serial_controller.serial_handler SerialProcessor: unknown type 0x1b — skipping
10:40:50.776 [SerialProcessor ] INFO     serial_controller.serial_handler SerialProcessor: unknown type 0x1b — skipping
10:40:50.776 [SerialProcessor ] INFO     serial_controller.serial_handler SerialProcessor: unknown type 0x1b — skipping
10:40:50.802 [SerialProcessor ] INFO     serial_controller.serial_handler SerialProcessor: unknown type 0x1b — skipping
10:40:50.802 [SerialProcessor ] INFO     serial_controller.serial_handler SerialProcessor: unknown type 0x1b — skipping
10:40:50.827 [SerialProcessor ] INFO     serial_controller.serial_handler SerialProcessor: unknown type 0x1b — skipping
10:40:50.828 [SerialProcessor ] INFO     serial_controller.serial_handler SerialProcessor: unknown type 0x1b — skipping
10:40:50.853 [SerialProcessor ] INFO     serial_controller.serial_handler SerialProcessor: unknown type 0x1b — skipping
10:40:50.866 [SerialProcessor ] INFO     serial_controller.serial_handler SerialProcessor: unknown type 0x1b — skipping
10:40:50.866 [SerialProcessor ] INFO     serial_controller.serial_handler SerialProcessor: unknown type 0x1b — skipping
10:40:50.892 [SerialProcessor ] INFO     serial_controller.serial_handler SerialProcessor: unknown type 0x1b — skipping
10:40:50.892 [SerialProcessor ] INFO     serial_controller.serial_handler SerialProcessor: unknown type 0x1b — skipping
10:40:50.917 [SerialProcessor ] INFO     serial_controller.serial_handler SerialProcessor: unknown type 0x1b — skipping
10:40:50.918 [SerialProcessor ] INFO     serial_controller.serial_handler SerialProcessor: unknown type 0x1b — skipping
10:40:50.943 [SerialProcessor ] INFO     serial_controller.serial_handler SerialProcessor: unknown type 0x1b — skipping
10:40:50.956 [SerialProcessor ] INFO     serial_controller.serial_handler SerialProcessor: unknown type 0x1b — skipping
10:40:50.956 [SerialProcessor ] INFO     serial_controller.serial_handler SerialProcessor: unknown type 0x1b — skipping
10:40:50.982 [SerialProcessor ] INFO     serial_controller.serial_handler SerialProcessor: unknown type 0x1b — skipping
10:40:50.982 [SerialProcessor ] INFO     serial_controller.serial_handler SerialProcessor: unknown type 0x1b — skipping
10:40:51.008 [SerialProcessor ] INFO     serial_controller.serial_handler SerialProcessor: unknown type 0x1b — skipping
10:40:51.008 [SerialProcessor ] INFO     serial_controller.serial_handler SerialProcessor: unknown type 0x1b — skipping
10:40:51.033 [SerialProcessor ] INFO     serial_controller.serial_handler SerialProcessor: unknown type 0x1b — skipping
10:40:51.034 [SerialProcessor ] INFO     serial_controller.serial_handler SerialProcessor: unknown type 0x1b — skipping
10:40:51.059 [SerialProcessor ] INFO     serial_controller.serial_handler SerialProcessor: unknown type 0x1b — skipping
10:40:51.072 [SerialProcessor ] INFO     serial_controller.serial_handler SerialProcessor: unknown type 0x1b — skipping
10:40:51.074 [SerialProcessor ] INFO     serial_controller.serial_handler SerialProcessor: unknown type 0x1b — skipping
10:40:51.098 [SerialProcessor ] INFO     serial_controller.serial_handler SerialProcessor: unknown type 0x1b — skipping
10:40:51.099 [SerialProcessor ] INFO     serial_controller.serial_handler SerialProcessor: unknown type 0x1b — skipping
10:40:51.123 [SerialProcessor ] INFO     serial_controller.serial_handler SerialProcessor: unknown type 0x1b — skipping
10:40:51.124 [SerialProcessor ] INFO     serial_controller.serial_handler SerialProcessor: unknown type 0x1b — skipping
10:40:51.149 [SerialProcessor ] INFO     serial_controller.serial_handler SerialProcessor: unknown type 0x1b — skipping
10:40:51.162 [SerialProcessor ] INFO     serial_controller.serial_handler SerialProcessor: unknown type 0x1b — skipping
10:40:51.162 [SerialProcessor ] INFO     serial_controller.serial_handler SerialProcessor: unknown type 0x1b — skipping
10:40:51.187 [SerialProcessor ] INFO     serial_controller.serial_handler SerialProcessor: unknown type 0x1b — skipping
10:40:51.188 [SerialProcessor ] INFO     serial_controller.serial_handler SerialProcessor: unknown type 0x1b — skipping
10:40:51.213 [SerialProcessor ] INFO     serial_controller.serial_handler SerialProcessor: unknown type 0x1b — skipping
10:40:51.214 [SerialProcessor ] INFO     serial_controller.serial_handler SerialProcessor: unknown type 0x1b — skipping
10:40:51.239 [SerialProcessor ] INFO     serial_controller.serial_handler SerialProcessor: unknown type 0x1b — skipping
10:40:51.239 [SerialProcessor ] INFO     serial_controller.serial_handler SerialProcessor: unknown type 0x1b — skipping
10:40:51.265 [SerialProcessor ] INFO     serial_controller.serial_handler SerialProcessor: unknown type 0x1b — skipping
10:40:51.278 [SerialProcessor ] INFO     serial_controller.serial_handler SerialProcessor: unknown type 0x1b — skipping
10:40:51.279 [SerialProcessor ] INFO     serial_controller.serial_handler SerialProcessor: unknown type 0x1b — skipping
10:40:51.304 [SerialProcessor ] INFO     serial_controller.serial_handler SerialProcessor: unknown type 0x1b — skipping
10:40:51.305 [SerialProcessor ] INFO     serial_controller.serial_handler SerialProcessor: unknown type 0x1b — skipping
10:40:51.330 [SerialProcessor ] INFO     serial_controller.serial_handler SerialProcessor: unknown type 0x1b — skipping
10:40:51.332 [SerialProcessor ] INFO     serial_controller.serial_handler SerialProcessor: unknown type 0x1b — skipping
10:40:51.358 [SerialProcessor ] INFO     serial_controller.serial_handler SerialProcessor: unknown type 0x1b — skipping
10:40:51.368 [SerialProcessor ] INFO     serial_controller.serial_handler SerialProcessor: unknown type 0x1b — skipping
10:40:51.369 [SerialProcessor ] INFO     serial_controller.serial_handler SerialProcessor: unknown type 0x1b — skipping
10:40:51.393 [SerialProcessor ] INFO     serial_controller.serial_handler SerialProcessor: unknown type 0x1b — skipping
10:40:51.394 [SerialProcessor ] INFO     serial_controller.serial_handler SerialProcessor: unknown type 0x1b — skipping
10:40:51.419 [SerialProcessor ] INFO     serial_controller.serial_handler SerialProcessor: unknown type 0x1b — skipping
10:40:51.419 [SerialProcessor ] INFO     serial_controller.serial_handler SerialProcessor: unknown type 0x1b — skipping
10:40:51.445 [SerialProcessor ] INFO     serial_controller.serial_handler SerialProcessor: unknown type 0x1b — skipping
10:40:51.445 [SerialProcessor ] INFO     serial_controller.serial_handler SerialProcessor: unknown type 0x1b — skipping
10:40:51.470 [SerialProcessor ] INFO     serial_controller.serial_handler SerialProcessor: unknown type 0x1b — skipping
10:40:51.483 [SerialProcessor ] INFO     serial_controller.serial_handler SerialProcessor: unknown type 0x1b — skipping
10:40:51.484 [SerialProcessor ] INFO     serial_controller.serial_handler SerialProcessor: unknown type 0x1b — skipping
10:40:51.510 [SerialProcessor ] INFO     serial_controller.serial_handler SerialProcessor: unknown type 0x1b — skipping
10:40:51.510 [SerialProcessor ] INFO     serial_controller.serial_handler SerialProcessor: unknown type 0x1b — skipping
10:40:51.535 [SerialProcessor ] INFO     serial_controller.serial_handler SerialProcessor: unknown type 0x1b — skipping
10:40:51.535 [SerialProcessor ] INFO     serial_controller.serial_handler SerialProcessor: unknown type 0x1b — skipping
10:41:32.562 [Thread-1 (_run) ] INFO     serial_controller.serial_handler Scanning for STM32 on COM ports...
10:41:32.562 [MainThread      ] INFO     API.panel_sync               PanelStateSync: started.
10:41:32.563 [MainThread      ] INFO     __main__                     Controller started.
10:41:32.606 [Thread-1 (_run) ] INFO     serial_controller.serial_handler Found STM32 (DFRobot CH340, matched by description) on COM67 — 'USB-Enhanced-SERIAL-D CH344 (COM67)'
10:41:32.608 [Thread-1 (_run) ] INFO     serial_controller.serial_handler STM32 connected on COM67.
10:41:32.608 [SerialReader    ] INFO     serial_controller.serial_handler SerialReader: started.
10:41:32.697 [SerialProcessor ] INFO     serial_controller.serial_handler SerialProcessor: started.
10:41:32.707 [SerialProcessor ] INFO     serial_controller.serial_handler SerialProcessor: unknown type 0x1b — skipping
10:41:32.717 [SerialProcessor ] INFO     serial_controller.serial_handler SerialProcessor: unknown type 0x1b — skipping
10:41:32.737 [SerialProcessor ] INFO     serial_controller.serial_handler SerialProcessor: unknown type 0x1b — skipping
10:41:32.739 [SerialProcessor ] INFO     serial_controller.serial_handler SerialProcessor: unknown type 0x1b — skipping
10:41:32.747 [SerialProcessor ] INFO     serial_controller.serial_handler SerialProcessor: unknown type 0x1b — skipping
10:41:32.747 [SerialProcessor ] INFO     serial_controller.serial_handler SerialProcessor: unknown type 0x1b — skipping
10:41:32.748 [SerialProcessor ] INFO     serial_controller.serial_handler SerialProcessor: unknown type 0x1b — skipping
10:41:32.748 [SerialProcessor ] INFO     serial_controller.serial_handler SerialProcessor: unknown type 0x1b — skipping
10:41:32.748 [SerialProcessor ] INFO     serial_controller.serial_handler SerialProcessor: unknown type 0x1b — skipping
10:41:32.748 [SerialProcessor ] INFO     serial_controller.serial_handler SerialProcessor: unknown type 0x1b — skipping
10:41:32.748 [SerialProcessor ] INFO     serial_controller.serial_handler SerialProcessor: unknown type 0x1b — skipping
10:41:32.768 [SerialProcessor ] INFO     serial_controller.serial_handler SerialProcessor: unknown type 0x1b — skipping
10:41:32.768 [SerialProcessor ] INFO     serial_controller.serial_handler SerialProcessor: unknown type 0x1b — skipping
10:41:32.794 [SerialProcessor ] INFO     serial_controller.serial_handler SerialProcessor: unknown type 0x1b — skipping
10:41:32.806 [SerialProcessor ] INFO     serial_controller.serial_handler SerialProcessor: unknown type 0x1b — skipping
10:41:32.807 [SerialProcessor ] INFO     serial_controller.serial_handler SerialProcessor: unknown type 0x1b — skipping
10:41:32.832 [SerialProcessor ] INFO     serial_controller.serial_handler SerialProcessor: unknown type 0x1b — skipping
10:41:32.832 [SerialProcessor ] INFO     serial_controller.serial_handler SerialProcessor: unknown type 0x1b — skipping
10:41:32.858 [SerialProcessor ] INFO     serial_controller.serial_handler SerialProcessor: unknown type 0x1b — skipping
10:41:32.858 [SerialProcessor ] INFO     serial_controller.serial_handler SerialProcessor: unknown type 0x1b — skipping
10:41:32.883 [SerialProcessor ] INFO     serial_controller.serial_handler SerialProcessor: unknown type 0x1b — skipping
10:41:32.885 [SerialProcessor ] INFO     serial_controller.serial_handler SerialProcessor: unknown type 0x1b — skipping
10:41:32.909 [SerialProcessor ] INFO     serial_controller.serial_handler SerialProcessor: unknown type 0x1b — skipping
10:41:32.922 [SerialProcessor ] INFO     serial_controller.serial_handler SerialProcessor: unknown type 0x1b — skipping
10:41:32.923 [SerialProcessor ] INFO     serial_controller.serial_handler SerialProcessor: unknown type 0x1b — skipping
10:41:32.948 [SerialProcessor ] INFO     serial_controller.serial_handler SerialProcessor: unknown type 0x1b — skipping
10:41:32.949 [SerialProcessor ] INFO     serial_controller.serial_handler SerialProcessor: unknown type 0x1b — skipping
10:41:32.974 [SerialProcessor ] INFO     serial_controller.serial_handler SerialProcessor: unknown type 0x1b — skipping
10:41:32.974 [SerialProcessor ] INFO     serial_controller.serial_handler SerialProcessor: unknown type 0x1b — skipping
10:41:32.999 [SerialProcessor ] INFO     serial_controller.serial_handler SerialProcessor: unknown type 0x1b — skipping
10:41:33.012 [SerialProcessor ] INFO     serial_controller.serial_handler SerialProcessor: unknown type 0x1b — skipping
10:41:33.013 [SerialProcessor ] INFO     serial_controller.serial_handler SerialProcessor: unknown type 0x1b — skipping
10:41:33.038 [SerialProcessor ] INFO     serial_controller.serial_handler SerialProcessor: unknown type 0x1b — skipping
10:41:33.040 [SerialProcessor ] INFO     serial_controller.serial_handler SerialProcessor: unknown type 0x1b — skipping
10:41:33.063 [SerialProcessor ] INFO     serial_controller.serial_handler SerialProcessor: unknown type 0x1b — skipping
10:41:33.064 [SerialProcessor ] INFO     serial_controller.serial_handler SerialProcessor: unknown type 0x1b — skipping
10:41:33.089 [SerialProcessor ] INFO     serial_controller.serial_handler SerialProcessor: unknown type 0x1b — skipping
10:41:33.090 [SerialProcessor ] INFO     serial_controller.serial_handler SerialProcessor: unknown type 0x1b — skipping
10:41:33.115 [SerialProcessor ] INFO     serial_controller.serial_handler SerialProcessor: unknown type 0x1b — skipping
10:41:33.128 [SerialProcessor ] INFO     serial_controller.serial_handler SerialProcessor: unknown type 0x1b — skipping
10:41:33.128 [SerialProcessor ] INFO     serial_controller.serial_handler SerialProcessor: unknown type 0x1b — skipping
10:41:33.154 [SerialProcessor ] INFO     serial_controller.serial_handler SerialProcessor: unknown type 0x1b — skipping
10:41:33.155 [SerialProcessor ] INFO     serial_controller.serial_handler SerialProcessor: unknown type 0x1b — skipping
10:41:33.179 [SerialProcessor ] INFO     serial_controller.serial_handler SerialProcessor: unknown type 0x1b — skipping
10:41:33.180 [SerialProcessor ] INFO     serial_controller.serial_handler SerialProcessor: unknown type 0x1b — skipping
10:41:33.205 [SerialProcessor ] INFO     serial_controller.serial_handler SerialProcessor: unknown type 0x1b — skipping
10:41:33.218 [SerialProcessor ] INFO     serial_controller.serial_handler SerialProcessor: unknown type 0x1b — skipping
10:41:33.218 [SerialProcessor ] INFO     serial_controller.serial_handler SerialProcessor: unknown type 0x1b — skipping
10:41:33.244 [SerialProcessor ] INFO     serial_controller.serial_handler SerialProcessor: unknown type 0x1b — skipping
10:41:33.245 [SerialProcessor ] INFO     serial_controller.serial_handler SerialProcessor: unknown type 0x1b — skipping
10:41:33.269 [SerialProcessor ] INFO     serial_controller.serial_handler SerialProcessor: unknown type 0x1b — skipping
10:41:33.270 [SerialProcessor ] INFO     serial_controller.serial_handler SerialProcessor: unknown type 0x1b — skipping
10:41:33.295 [SerialProcessor ] INFO     serial_controller.serial_handler SerialProcessor: unknown type 0x1b — skipping
10:41:33.296 [SerialProcessor ] INFO     serial_controller.serial_handler SerialProcessor: unknown type 0x1b — skipping
10:41:33.322 [SerialProcessor ] INFO     serial_controller.serial_handler SerialProcessor: unknown type 0x1b — skipping
10:41:33.334 [SerialProcessor ] INFO     serial_controller.serial_handler SerialProcessor: unknown type 0x1b — skipping
10:41:33.334 [SerialProcessor ] INFO     serial_controller.serial_handler SerialProcessor: unknown type 0x1b — skipping
10:41:33.359 [SerialProcessor ] INFO     serial_controller.serial_handler SerialProcessor: unknown type 0x1b — skipping
10:41:33.360 [SerialProcessor ] INFO     serial_controller.serial_handler SerialProcessor: unknown type 0x1b — skipping
10:41:33.386 [SerialProcessor ] INFO     serial_controller.serial_handler SerialProcessor: unknown type 0x1b — skipping
10:41:33.387 [SerialProcessor ] INFO     serial_controller.serial_handler SerialProcessor: unknown type 0x1b — skipping
10:41:33.411 [SerialProcessor ] INFO     serial_controller.serial_handler SerialProcessor: unknown type 0x1b — skipping
10:41:33.424 [SerialProcessor ] INFO     serial_controller.serial_handler SerialProcessor: unknown type 0x1b — skipping
10:41:33.426 [SerialProcessor ] INFO     serial_controller.serial_handler SerialProcessor: unknown type 0x1b — skipping
10:41:33.450 [SerialProcessor ] INFO     serial_controller.serial_handler SerialProcessor: unknown type 0x1b — skipping
10:41:33.453 [SerialProcessor ] INFO     serial_controller.serial_handler SerialProcessor: unknown type 0x1b — skipping
10:41:33.475 [SerialProcessor ] INFO     serial_controller.serial_handler SerialProcessor: unknown type 0x1b — skipping
10:41:33.477 [SerialProcessor ] INFO     serial_controller.serial_handler SerialProcessor: unknown type 0x1b — skipping
10:41:33.501 [SerialProcessor ] INFO     serial_controller.serial_handler SerialProcessor: unknown type 0x1b — skipping
10:41:33.502 [SerialProcessor ] INFO     serial_controller.serial_handler SerialProcessor: unknown type 0x1b — skipping
10:41:33.527 [SerialProcessor ] INFO     serial_controller.serial_handler SerialProcessor: unknown type 0x1b — skipping
10:41:33.539 [SerialProcessor ] INFO     serial_controller.serial_handler SerialProcessor: unknown type 0x1b — skipping
10:41:33.541 [SerialProcessor ] INFO     serial_controller.serial_handler SerialProcessor: unknown type 0x1b — skipping
10:41:33.565 [SerialProcessor ] INFO     serial_controller.serial_handler SerialProcessor: unknown type 0x1b — skipping
10:41:33.565 [SerialProcessor ] INFO     serial_controller.serial_handler SerialProcessor: unknown type 0x1b — skipping
10:41:33.591 [SerialProcessor ] INFO     serial_controller.serial_handler SerialProcessor: unknown type 0x1b — skipping
10:41:33.594 [SerialProcessor ] INFO     serial_controller.serial_handler SerialProcessor: unknown type 0x1b — skipping
10:41:33.617 [SerialProcessor ] INFO     serial_controller.serial_handler SerialProcessor: unknown type 0x1b — skipping
10:41:33.630 [SerialProcessor ] INFO     serial_controller.serial_handler SerialProcessor: unknown type 0x1b — skipping
10:41:33.630 [SerialProcessor ] INFO     serial_controller.serial_handler SerialProcessor: unknown type 0x1b — skipping
10:41:33.655 [SerialProcessor ] INFO     serial_controller.serial_handler SerialProcessor: unknown type 0x1b — skipping
10:41:33.656 [SerialProcessor ] INFO     serial_controller.serial_handler SerialProcessor: unknown type 0x1b — skipping
10:41:33.681 [SerialProcessor ] INFO     serial_controller.serial_handler SerialProcessor: unknown type 0x1b — skipping
10:41:33.681 [SerialProcessor ] INFO     serial_controller.serial_handler SerialProcessor: unknown type 0x1b — skipping
10:41:33.707 [SerialProcessor ] INFO     serial_controller.serial_handler SerialProcessor: unknown type 0x1b — skipping
10:41:33.708 [SerialProcessor ] INFO     serial_controller.serial_handler SerialProcessor: unknown type 0x1b — skipping
10:41:33.732 [SerialProcessor ] INFO     serial_controller.serial_handler SerialProcessor: unknown type 0x1b — skipping
10:41:33.745 [SerialProcessor ] INFO     serial_controller.serial_handler SerialProcessor: unknown type 0x1b — skipping
10:41:33.746 [SerialProcessor ] INFO     serial_controller.serial_handler SerialProcessor: unknown type 0x1b — skipping
10:41:33.771 [SerialProcessor ] INFO     serial_controller.serial_handler SerialProcessor: unknown type 0x1b — skipping
10:41:33.771 [SerialProcessor ] INFO     serial_controller.serial_handler SerialProcessor: unknown type 0x1b — skipping
10:41:33.797 [SerialProcessor ] INFO     serial_controller.serial_handler SerialProcessor: unknown type 0x1b — skipping
10:41:33.797 [SerialProcessor ] INFO     serial_controller.serial_handler SerialProcessor: unknown type 0x1b — skipping
10:41:33.822 [SerialProcessor ] INFO     serial_controller.serial_handler SerialProcessor: unknown type 0x1b — skipping
10:41:33.835 [SerialProcessor ] INFO     serial_controller.serial_handler SerialProcessor: unknown type 0x1b — skipping
10:41:33.836 [SerialProcessor ] INFO     serial_controller.serial_handler SerialProcessor: unknown type 0x1b — skipping
10:41:33.861 [SerialProcessor ] INFO     serial_controller.serial_handler SerialProcessor: unknown type 0x1b — skipping
10:41:33.861 [SerialProcessor ] INFO     serial_controller.serial_handler SerialProcessor: unknown type 0x1b — skipping
10:41:33.888 [SerialProcessor ] INFO     serial_controller.serial_handler SerialProcessor: unknown type 0x1b — skipping
10:41:33.890 [SerialProcessor ] INFO     serial_controller.serial_handler SerialProcessor: unknown type 0x1b — skipping
10:41:33.912 [SerialProcessor ] INFO     serial_controller.serial_handler SerialProcessor: unknown type 0x1b — skipping
10:41:33.914 [SerialProcessor ] INFO     serial_controller.serial_handler SerialProcessor: unknown type 0x1b — skipping
10:41:33.938 [SerialProcessor ] INFO     serial_controller.serial_handler SerialProcessor: unknown type 0x1b — skipping
10:41:33.951 [SerialProcessor ] INFO     serial_controller.serial_handler SerialProcessor: unknown type 0x1b — skipping
10:41:33.952 [SerialProcessor ] INFO     serial_controller.serial_handler SerialProcessor: unknown type 0x1b — skipping
10:41:33.977 [SerialProcessor ] INFO     serial_controller.serial_handler SerialProcessor: unknown type 0x1b — skipping
10:41:33.978 [SerialProcessor ] INFO     serial_controller.serial_handler SerialProcessor: unknown type 0x1b — skipping
10:41:34.002 [SerialProcessor ] INFO     serial_controller.serial_handler SerialProcessor: unknown type 0x1b — skipping
10:41:34.003 [SerialProcessor ] INFO     serial_controller.serial_handler SerialProcessor: unknown type 0x1b — skipping
10:41:34.028 [SerialProcessor ] INFO     serial_controller.serial_handler SerialProcessor: unknown type 0x1b — skipping
10:41:34.041 [SerialProcessor ] INFO     serial_controller.serial_handler SerialProcessor: unknown type 0x1b — skipping
10:41:34.041 [SerialProcessor ] INFO     serial_controller.serial_handler SerialProcessor: unknown type 0x1b — skipping
10:41:34.067 [SerialProcessor ] INFO     serial_controller.serial_handler SerialProcessor: unknown type 0x1b — skipping
10:41:34.067 [SerialProcessor ] INFO     serial_controller.serial_handler SerialProcessor: unknown type 0x1b — skipping
10:41:34.092 [SerialProcessor ] INFO     serial_controller.serial_handler SerialProcessor: unknown type 0x1b — skipping
10:41:34.093 [SerialProcessor ] INFO     serial_controller.serial_handler SerialProcessor: unknown type 0x1b — skipping
10:41:34.118 [SerialProcessor ] INFO     serial_controller.serial_handler SerialProcessor: unknown type 0x1b — skipping
10:41:34.119 [SerialProcessor ] INFO     serial_controller.serial_handler SerialProcessor: unknown type 0x1b — skipping
10:41:34.144 [SerialProcessor ] INFO     serial_controller.serial_handler SerialProcessor: unknown type 0x1b — skipping
10:41:34.157 [SerialProcessor ] INFO     serial_controller.serial_handler SerialProcessor: unknown type 0x1b — skipping
10:41:34.157 [SerialProcessor ] INFO     serial_controller.serial_handler SerialProcessor: unknown type 0x1b — skipping
10:41:34.183 [SerialProcessor ] INFO     serial_controller.serial_handler SerialProcessor: unknown type 0x1b — skipping
10:41:34.183 [SerialProcessor ] INFO     serial_controller.serial_handler SerialProcessor: unknown type 0x1b — skipping
10:41:34.208 [SerialProcessor ] INFO     serial_controller.serial_handler SerialProcessor: unknown type 0x1b — skipping
10:41:34.209 [SerialProcessor ] INFO     serial_controller.serial_handler SerialProcessor: unknown type 0x1b — skipping
10:41:34.234 [SerialProcessor ] INFO     serial_controller.serial_handler SerialProcessor: unknown type 0x1b — skipping
10:41:34.247 [SerialProcessor ] INFO     serial_controller.serial_handler SerialProcessor: unknown type 0x1b — skipping
10:41:34.247 [SerialProcessor ] INFO     serial_controller.serial_handler SerialProcessor: unknown type 0x1b — skipping
10:41:34.273 [SerialProcessor ] INFO     serial_controller.serial_handler SerialProcessor: unknown type 0x1b — skipping
10:41:34.273 [SerialProcessor ] INFO     serial_controller.serial_handler SerialProcessor: unknown type 0x1b — skipping
10:41:34.298 [SerialProcessor ] INFO     serial_controller.serial_handler SerialProcessor: unknown type 0x1b — skipping
10:41:34.299 [SerialProcessor ] INFO     serial_controller.serial_handler SerialProcessor: unknown type 0x1b — skipping
10:41:34.326 [SerialProcessor ] INFO     serial_controller.serial_handler SerialProcessor: unknown type 0x1b — skipping
10:41:34.327 [SerialProcessor ] INFO     serial_controller.serial_handler SerialProcessor: unknown type 0x1b — skipping
10:41:34.350 [SerialProcessor ] INFO     serial_controller.serial_handler SerialProcessor: unknown type 0x1b — skipping
10:41:34.362 [SerialProcessor ] INFO     serial_controller.serial_handler SerialProcessor: unknown type 0x1b — skipping
10:41:34.364 [SerialProcessor ] INFO     serial_controller.serial_handler SerialProcessor: unknown type 0x1b — skipping
10:41:34.388 [SerialProcessor ] INFO     serial_controller.serial_handler SerialProcessor: unknown type 0x1b — skipping
10:41:34.389 [SerialProcessor ] INFO     serial_controller.serial_handler SerialProcessor: unknown type 0x1b — skipping
10:41:34.414 [SerialProcessor ] INFO     serial_controller.serial_handler SerialProcessor: unknown type 0x1b — skipping
10:41:34.414 [SerialProcessor ] INFO     serial_controller.serial_handler SerialProcessor: unknown type 0x1b — skipping
10:41:34.440 [SerialProcessor ] INFO     serial_controller.serial_handler SerialProcessor: unknown type 0x1b — skipping
10:41:34.453 [SerialProcessor ] INFO     serial_controller.serial_handler SerialProcessor: unknown type 0x1b — skipping
10:41:34.453 [SerialProcessor ] INFO     serial_controller.serial_handler SerialProcessor: unknown type 0x1b — skipping
10:41:34.478 [SerialProcessor ] INFO     serial_controller.serial_handler SerialProcessor: unknown type 0x1b — skipping
10:41:34.479 [SerialProcessor ] INFO     serial_controller.serial_handler SerialProcessor: unknown type 0x1b — skipping
10:41:34.504 [SerialProcessor ] INFO     serial_controller.serial_handler SerialProcessor: unknown type 0x1b — skipping
10:41:34.505 [SerialProcessor ] INFO     serial_controller.serial_handler SerialProcessor: unknown type 0x1b — skipping
10:41:34.530 [SerialProcessor ] INFO     serial_controller.serial_handler SerialProcessor: unknown type 0x1b — skipping
10:41:34.530 [SerialProcessor ] INFO     serial_controller.serial_handler SerialProcessor: unknown type 0x1b — skipping
10:41:34.556 [SerialProcessor ] INFO     serial_controller.serial_handler SerialProcessor: unknown type 0x1b — skipping
10:41:34.568 [SerialProcessor ] INFO     serial_controller.serial_handler SerialProcessor: unknown type 0x1b — skipping
10:41:34.569 [SerialProcessor ] INFO     serial_controller.serial_handler SerialProcessor: unknown type 0x1b — skipping
10:41:34.594 [SerialProcessor ] INFO     serial_controller.serial_handler SerialProcessor: unknown type 0x1b — skipping
10:41:34.594 [SerialProcessor ] INFO     serial_controller.serial_handler SerialProcessor: unknown type 0x1b — skipping
10:41:34.620 [SerialProcessor ] INFO     serial_controller.serial_handler SerialProcessor: unknown type 0x1b — skipping
10:41:34.620 [SerialProcessor ] INFO     serial_controller.serial_handler SerialProcessor: unknown type 0x1b — skipping
10:41:34.646 [SerialProcessor ] INFO     serial_controller.serial_handler SerialProcessor: unknown type 0x1b — skipping
10:41:34.658 [SerialProcessor ] INFO     serial_controller.serial_handler SerialProcessor: unknown type 0x1b — skipping
10:41:34.659 [SerialProcessor ] INFO     serial_controller.serial_handler SerialProcessor: unknown type 0x1b — skipping
10:41:34.684 [SerialProcessor ] INFO     serial_controller.serial_handler SerialProcessor: unknown type 0x1b — skipping
10:41:34.685 [SerialProcessor ] INFO     serial_controller.serial_handler SerialProcessor: unknown type 0x1b — skipping
10:41:34.710 [SerialProcessor ] INFO     serial_controller.serial_handler SerialProcessor: unknown type 0x1b — skipping
10:41:34.710 [SerialProcessor ] INFO     serial_controller.serial_handler SerialProcessor: unknown type 0x1b — skipping
10:41:34.736 [SerialProcessor ] INFO     serial_controller.serial_handler SerialProcessor: unknown type 0x1b — skipping
10:41:34.736 [SerialProcessor ] INFO     serial_controller.serial_handler SerialProcessor: unknown type 0x1b — skipping
10:41:34.761 [SerialProcessor ] INFO     serial_controller.serial_handler SerialProcessor: unknown type 0x1b — skipping
10:41:34.774 [SerialProcessor ] INFO     serial_controller.serial_handler SerialProcessor: unknown type 0x1b — skipping
10:41:34.775 [SerialProcessor ] INFO     serial_controller.serial_handler SerialProcessor: unknown type 0x1b — skipping
10:41:34.800 [SerialProcessor ] INFO     serial_controller.serial_handler SerialProcessor: unknown type 0x1b — skipping
10:41:34.800 [SerialProcessor ] INFO     serial_controller.serial_handler SerialProcessor: unknown type 0x1b — skipping
10:41:34.826 [SerialProcessor ] INFO     serial_controller.serial_handler SerialProcessor: unknown type 0x1b — skipping
10:41:34.826 [SerialProcessor ] INFO     serial_controller.serial_handler SerialProcessor: unknown type 0x1b — skipping
10:41:34.852 [SerialProcessor ] INFO     serial_controller.serial_handler SerialProcessor: unknown type 0x1b — skipping
10:41:34.864 [SerialProcessor ] INFO     serial_controller.serial_handler SerialProcessor: unknown type 0x1b — skipping
10:41:34.865 [SerialProcessor ] INFO     serial_controller.serial_handler SerialProcessor: unknown type 0x1b — skipping
10:41:34.890 [SerialProcessor ] INFO     serial_controller.serial_handler SerialProcessor: unknown type 0x1b — skipping
10:41:34.892 [SerialProcessor ] INFO     serial_controller.serial_handler SerialProcessor: unknown type 0x1b — skipping
10:41:34.916 [SerialProcessor ] INFO     serial_controller.serial_handler SerialProcessor: unknown type 0x1b — skipping
10:41:34.916 [SerialProcessor ] INFO     serial_controller.serial_handler SerialProcessor: unknown type 0x1b — skipping
10:41:34.941 [SerialProcessor ] INFO     serial_controller.serial_handler SerialProcessor: unknown type 0x1b — skipping
10:41:34.942 [SerialProcessor ] INFO     serial_controller.serial_handler SerialProcessor: unknown type 0x1b — skipping
10:41:34.967 [SerialProcessor ] INFO     serial_controller.serial_handler SerialProcessor: unknown type 0x1b — skipping
10:41:34.980 [SerialProcessor ] INFO     serial_controller.serial_handler SerialProcessor: unknown type 0x1b — skipping
10:41:34.980 [SerialProcessor ] INFO     serial_controller.serial_handler SerialProcessor: unknown type 0x1b — skipping
10:41:35.006 [SerialProcessor ] INFO     serial_controller.serial_handler SerialProcessor: unknown type 0x1b — skipping
10:41:35.006 [SerialProcessor ] INFO     serial_controller.serial_handler SerialProcessor: unknown type 0x1b — skipping
10:41:35.031 [SerialProcessor ] INFO     serial_controller.serial_handler SerialProcessor: unknown type 0x1b — skipping
10:41:35.032 [SerialProcessor ] INFO     serial_controller.serial_handler SerialProcessor: unknown type 0x1b — skipping
10:41:35.057 [SerialProcessor ] INFO     serial_controller.serial_handler SerialProcessor: unknown type 0x1b — skipping
10:41:35.070 [SerialProcessor ] INFO     serial_controller.serial_handler SerialProcessor: unknown type 0x1b — skipping
10:41:35.070 [SerialProcessor ] INFO     serial_controller.serial_handler SerialProcessor: unknown type 0x1b — skipping
10:41:35.095 [SerialProcessor ] INFO     serial_controller.serial_handler SerialProcessor: unknown type 0x1b — skipping
10:41:35.097 [SerialProcessor ] INFO     serial_controller.serial_handler SerialProcessor: unknown type 0x1b — skipping
10:41:35.121 [SerialProcessor ] INFO     serial_controller.serial_handler SerialProcessor: unknown type 0x1b — skipping
10:41:35.122 [SerialProcessor ] INFO     serial_controller.serial_handler SerialProcessor: unknown type 0x1b — skipping
10:41:35.147 [SerialProcessor ] INFO     serial_controller.serial_handler SerialProcessor: unknown type 0x1b — skipping
10:41:35.147 [SerialProcessor ] INFO     serial_controller.serial_handler SerialProcessor: unknown type 0x1b — skipping
10:41:35.173 [SerialProcessor ] INFO     serial_controller.serial_handler SerialProcessor: unknown type 0x1b — skipping
10:41:35.185 [SerialProcessor ] INFO     serial_controller.serial_handler SerialProcessor: unknown type 0x1b — skipping
10:41:35.186 [SerialProcessor ] INFO     serial_controller.serial_handler SerialProcessor: unknown type 0x1b — skipping
10:41:35.211 [SerialProcessor ] INFO     serial_controller.serial_handler SerialProcessor: unknown type 0x1b — skipping
10:41:35.212 [SerialProcessor ] INFO     serial_controller.serial_handler SerialProcessor: unknown type 0x1b — skipping
10:41:35.237 [SerialProcessor ] INFO     serial_controller.serial_handler SerialProcessor: unknown type 0x1b — skipping
10:41:35.237 [SerialProcessor ] INFO     serial_controller.serial_handler SerialProcessor: unknown type 0x1b — skipping
10:41:35.263 [SerialProcessor ] INFO     serial_controller.serial_handler SerialProcessor: unknown type 0x1b — skipping
10:41:35.275 [SerialProcessor ] INFO     serial_controller.serial_handler SerialProcessor: unknown type 0x1b — skipping
10:41:35.276 [SerialProcessor ] INFO     serial_controller.serial_handler SerialProcessor: unknown type 0x1b — skipping
10:41:35.301 [SerialProcessor ] INFO     serial_controller.serial_handler SerialProcessor: unknown type 0x1b — skipping
10:41:35.302 [SerialProcessor ] INFO     serial_controller.serial_handler SerialProcessor: unknown type 0x1b — skipping
10:41:35.327 [SerialProcessor ] INFO     serial_controller.serial_handler SerialProcessor: unknown type 0x1b — skipping
10:41:35.327 [SerialProcessor ] INFO     serial_controller.serial_handler SerialProcessor: unknown type 0x1b — skipping
10:41:35.353 [SerialProcessor ] INFO     serial_controller.serial_handler SerialProcessor: unknown type 0x1b — skipping
10:41:35.353 [SerialProcessor ] INFO     serial_controller.serial_handler SerialProcessor: unknown type 0x1b — skipping
10:41:35.378 [SerialProcessor ] INFO     serial_controller.serial_handler SerialProcessor: unknown type 0x1b — skipping
10:41:35.391 [SerialProcessor ] INFO     serial_controller.serial_handler SerialProcessor: unknown type 0x1b — skipping
10:41:35.392 [SerialProcessor ] INFO     serial_controller.serial_handler SerialProcessor: unknown type 0x1b — skipping
10:41:35.417 [SerialProcessor ] INFO     serial_controller.serial_handler SerialProcessor: unknown type 0x1b — skipping
10:41:35.417 [SerialProcessor ] INFO     serial_controller.serial_handler SerialProcessor: unknown type 0x1b — skipping
10:41:35.443 [SerialProcessor ] INFO     serial_controller.serial_handler SerialProcessor: unknown type 0x1b — skipping
10:41:35.443 [SerialProcessor ] INFO     serial_controller.serial_handler SerialProcessor: unknown type 0x1b — skipping
10:41:35.468 [SerialProcessor ] INFO     serial_controller.serial_handler SerialProcessor: unknown type 0x1b — skipping
10:41:35.481 [SerialProcessor ] INFO     serial_controller.serial_handler SerialProcessor: unknown type 0x1b — skipping
10:41:35.482 [SerialProcessor ] INFO     serial_controller.serial_handler SerialProcessor: unknown type 0x1b — skipping
10:41:35.507 [SerialProcessor ] INFO     serial_controller.serial_handler SerialProcessor: unknown type 0x1b — skipping
10:41:35.507 [SerialProcessor ] INFO     serial_controller.serial_handler SerialProcessor: unknown type 0x1b — skipping
10:41:35.532 [SerialProcessor ] INFO     serial_controller.serial_handler SerialProcessor: unknown type 0x1b — skipping
10:41:35.533 [SerialProcessor ] INFO     serial_controller.serial_handler SerialProcessor: unknown type 0x1b — skipping
10:41:35.558 [SerialProcessor ] INFO     serial_controller.serial_handler SerialProcessor: unknown type 0x1b — skipping
10:41:35.559 [SerialProcessor ] INFO     serial_controller.serial_handler SerialProcessor: unknown type 0x1b — skipping
10:41:35.584 [SerialProcessor ] INFO     serial_controller.serial_handler SerialProcessor: unknown type 0x1b — skipping
10:41:35.597 [SerialProcessor ] INFO     serial_controller.serial_handler SerialProcessor: unknown type 0x1b — skipping
10:41:35.597 [SerialProcessor ] INFO     serial_controller.serial_handler SerialProcessor: unknown type 0x1b — skipping
10:41:35.623 [SerialProcessor ] INFO     serial_controller.serial_handler SerialProcessor: unknown type 0x1b — skipping
10:41:35.623 [SerialProcessor ] INFO     serial_controller.serial_handler SerialProcessor: unknown type 0x1b — skipping
10:41:35.649 [SerialProcessor ] INFO     serial_controller.serial_handler SerialProcessor: unknown type 0x1b — skipping
10:41:35.649 [SerialProcessor ] INFO     serial_controller.serial_handler SerialProcessor: unknown type 0x1b — skipping
10:41:35.674 [SerialProcessor ] INFO     serial_controller.serial_handler SerialProcessor: unknown type 0x1b — skipping
10:41:35.687 [SerialProcessor ] INFO     serial_controller.serial_handler SerialProcessor: unknown type 0x1b — skipping
10:41:35.687 [SerialProcessor ] INFO     serial_controller.serial_handler SerialProcessor: unknown type 0x1b — skipping
10:41:35.712 [SerialProcessor ] INFO     serial_controller.serial_handler SerialProcessor: unknown type 0x1b — skipping
10:41:35.714 [SerialProcessor ] INFO     serial_controller.serial_handler SerialProcessor: unknown type 0x1b — skipping
10:41:35.738 [SerialProcessor ] INFO     serial_controller.serial_handler SerialProcessor: unknown type 0x1b — skipping
10:41:35.739 [SerialProcessor ] INFO     serial_controller.serial_handler SerialProcessor: unknown type 0x1b — skipping
10:41:35.764 [SerialProcessor ] INFO     serial_controller.serial_handler SerialProcessor: unknown type 0x1b — skipping
10:41:35.764 [SerialProcessor ] INFO     serial_controller.serial_handler SerialProcessor: unknown type 0x1b — skipping
10:41:35.790 [SerialProcessor ] INFO     serial_controller.serial_handler SerialProcessor: unknown type 0x1b — skipping
10:41:35.802 [SerialProcessor ] INFO     serial_controller.serial_handler SerialProcessor: unknown type 0x1b — skipping
10:41:35.803 [SerialProcessor ] INFO     serial_controller.serial_handler SerialProcessor: unknown type 0x1b — skipping
10:41:35.828 [SerialProcessor ] INFO     serial_controller.serial_handler SerialProcessor: unknown type 0x1b — skipping
10:41:35.829 [SerialProcessor ] INFO     serial_controller.serial_handler SerialProcessor: unknown type 0x1b — skipping
10:41:35.854 [SerialProcessor ] INFO     serial_controller.serial_handler SerialProcessor: unknown type 0x1b — skipping
10:41:35.854 [SerialProcessor ] INFO     serial_controller.serial_handler SerialProcessor: unknown type 0x1b — skipping
10:41:35.880 [SerialProcessor ] INFO     serial_controller.serial_handler SerialProcessor: unknown type 0x1b — skipping
10:41:35.892 [SerialProcessor ] INFO     serial_controller.serial_handler SerialProcessor: unknown type 0x1b — skipping
10:41:35.893 [SerialProcessor ] INFO     serial_controller.serial_handler SerialProcessor: unknown type 0x1b — skipping
10:41:35.918 [SerialProcessor ] INFO     serial_controller.serial_handler SerialProcessor: unknown type 0x1b — skipping
10:41:35.918 [SerialProcessor ] INFO     serial_controller.serial_handler SerialProcessor: unknown type 0x1b — skipping
10:41:35.944 [SerialProcessor ] INFO     serial_controller.serial_handler SerialProcessor: unknown type 0x1b — skipping
10:41:35.944 [SerialProcessor ] INFO     serial_controller.serial_handler SerialProcessor: unknown type 0x1b — skipping
10:41:35.970 [SerialProcessor ] INFO     serial_controller.serial_handler SerialProcessor: unknown type 0x1b — skipping
10:41:35.970 [SerialProcessor ] INFO     serial_controller.serial_handler SerialProcessor: unknown type 0x1b — skipping
10:41:35.995 [SerialProcessor ] INFO     serial_controller.serial_handler SerialProcessor: unknown type 0x1b — skipping
10:41:36.008 [SerialProcessor ] INFO     serial_controller.serial_handler SerialProcessor: unknown type 0x1b — skipping
10:41:36.008 [SerialProcessor ] INFO     serial_controller.serial_handler SerialProcessor: unknown type 0x1b — skipping
10:41:36.034 [SerialProcessor ] INFO     serial_controller.serial_handler SerialProcessor: unknown type 0x1b — skipping
10:41:36.034 [SerialProcessor ] INFO     serial_controller.serial_handler SerialProcessor: unknown type 0x1b — skipping
10:41:36.060 [SerialProcessor ] INFO     serial_controller.serial_handler SerialProcessor: unknown type 0x1b — skipping
10:41:36.060 [SerialProcessor ] INFO     serial_controller.serial_handler SerialProcessor: unknown type 0x1b — skipping
10:41:36.085 [SerialProcessor ] INFO     serial_controller.serial_handler SerialProcessor: unknown type 0x1b — skipping
10:41:36.098 [SerialProcessor ] INFO     serial_controller.serial_handler SerialProcessor: unknown type 0x1b — skipping
10:41:36.098 [SerialProcessor ] INFO     serial_controller.serial_handler SerialProcessor: unknown type 0x1b — skipping
10:41:36.124 [SerialProcessor ] INFO     serial_controller.serial_handler SerialProcessor: unknown type 0x1b — skipping
10:41:36.124 [SerialProcessor ] INFO     serial_controller.serial_handler SerialProcessor: unknown type 0x1b — skipping
10:41:36.149 [SerialProcessor ] INFO     serial_controller.serial_handler SerialProcessor: unknown type 0x1b — skipping
10:41:36.150 [SerialProcessor ] INFO     serial_controller.serial_handler SerialProcessor: unknown type 0x1b — skipping
10:41:36.175 [SerialProcessor ] INFO     serial_controller.serial_handler SerialProcessor: unknown type 0x1b — skipping
10:41:36.176 [SerialProcessor ] INFO     serial_controller.serial_handler SerialProcessor: unknown type 0x1b — skipping
10:41:36.201 [SerialProcessor ] INFO     serial_controller.serial_handler SerialProcessor: unknown type 0x1b — skipping
10:41:36.214 [SerialProcessor ] INFO     serial_controller.serial_handler SerialProcessor: unknown type 0x1b — skipping
10:41:36.214 [SerialProcessor ] INFO     serial_controller.serial_handler SerialProcessor: unknown type 0x1b — skipping
10:41:36.240 [SerialProcessor ] INFO     serial_controller.serial_handler SerialProcessor: unknown type 0x1b — skipping
10:41:36.240 [SerialProcessor ] INFO     serial_controller.serial_handler SerialProcessor: unknown type 0x1b — skipping
10:41:36.265 [SerialProcessor ] INFO     serial_controller.serial_handler SerialProcessor: unknown type 0x1b — skipping
10:41:36.266 [SerialProcessor ] INFO     serial_controller.serial_handler SerialProcessor: unknown type 0x1b — skipping
10:41:36.291 [SerialProcessor ] INFO     serial_controller.serial_handler SerialProcessor: unknown type 0x1b — skipping
10:41:36.304 [SerialProcessor ] INFO     serial_controller.serial_handler SerialProcessor: unknown type 0x1b — skipping
10:41:36.304 [SerialProcessor ] INFO     serial_controller.serial_handler SerialProcessor: unknown type 0x1b — skipping
10:41:36.329 [SerialProcessor ] INFO     serial_controller.serial_handler SerialProcessor: unknown type 0x1b — skipping
10:41:36.330 [SerialProcessor ] INFO     serial_controller.serial_handler SerialProcessor: unknown type 0x1b — skipping
10:41:36.355 [SerialProcessor ] INFO     serial_controller.serial_handler SerialProcessor: unknown type 0x1b — skipping
10:41:36.356 [SerialProcessor ] INFO     serial_controller.serial_handler SerialProcessor: unknown type 0x1b — skipping
10:41:36.381 [SerialProcessor ] INFO     serial_controller.serial_handler SerialProcessor: unknown type 0x1b — skipping
10:41:36.381 [SerialProcessor ] INFO     serial_controller.serial_handler SerialProcessor: unknown type 0x1b — skipping
10:41:36.411 [SerialProcessor ] INFO     serial_controller.serial_handler SerialProcessor: unknown type 0x1b — skipping
10:41:36.445 [SerialProcessor ] INFO     serial_controller.serial_handler SerialProcessor: unknown type 0x1b — skipping
10:41:36.474 [SerialProcessor ] INFO     serial_controller.serial_handler SerialProcessor: unknown type 0x1b — skipping
10:41:36.475 [SerialProcessor ] INFO     serial_controller.serial_handler SerialProcessor: unknown type 0x1b — skipping
10:41:36.475 [SerialProcessor ] INFO     serial_controller.serial_handler SerialProcessor: unknown type 0x1b — skipping
10:41:36.475 [SerialProcessor ] INFO     serial_controller.serial_handler SerialProcessor: unknown type 0x1b — skipping
10:41:36.476 [SerialProcessor ] INFO     serial_controller.serial_handler SerialProcessor: unknown type 0x1b — skipping
10:41:36.497 [SerialProcessor ] INFO     serial_controller.serial_handler SerialProcessor: unknown type 0x1b — skipping
10:41:36.512 [SerialProcessor ] INFO     serial_controller.serial_handler SerialProcessor: unknown type 0x1b — skipping
10:41:36.512 [SerialProcessor ] INFO     serial_controller.serial_handler SerialProcessor: unknown type 0x1b — skipping
10:41:36.535 [SerialProcessor ] INFO     serial_controller.serial_handler SerialProcessor: unknown type 0x1b — skipping
10:41:36.535 [SerialProcessor ] INFO     serial_controller.serial_handler SerialProcessor: unknown type 0x1b — skipping
10:41:36.561 [SerialProcessor ] INFO     serial_controller.serial_handler SerialProcessor: unknown type 0x1b — skipping
10:41:36.561 [SerialProcessor ] INFO     serial_controller.serial_handler SerialProcessor: unknown type 0x1b — skipping
10:41:36.587 [SerialProcessor ] INFO     serial_controller.serial_handler SerialProcessor: unknown type 0x1b — skipping
10:41:36.587 [SerialProcessor ] INFO     serial_controller.serial_handler SerialProcessor: unknown type 0x1b — skipping
10:41:36.612 [SerialProcessor ] INFO     serial_controller.serial_handler SerialProcessor: unknown type 0x1b — skipping
10:41:36.625 [SerialProcessor ] INFO     serial_controller.serial_handler SerialProcessor: unknown type 0x1b — skipping
10:41:36.625 [SerialProcessor ] INFO     serial_controller.serial_handler SerialProcessor: unknown type 0x1b — skipping
10:41:36.651 [SerialProcessor ] INFO     serial_controller.serial_handler SerialProcessor: unknown type 0x1b — skipping
10:41:36.653 [SerialProcessor ] INFO     serial_controller.serial_handler SerialProcessor: unknown type 0x1b — skipping
10:41:36.677 [SerialProcessor ] INFO     serial_controller.serial_handler SerialProcessor: unknown type 0x1b — skipping
10:41:36.677 [SerialProcessor ] INFO     serial_controller.serial_handler SerialProcessor: unknown type 0x1b — skipping
10:41:36.702 [SerialProcessor ] INFO     serial_controller.serial_handler SerialProcessor: unknown type 0x1b — skipping
10:41:36.715 [SerialProcessor ] INFO     serial_controller.serial_handler SerialProcessor: unknown type 0x1b — skipping
10:41:36.715 [SerialProcessor ] INFO     serial_controller.serial_handler SerialProcessor: unknown type 0x1b — skipping
10:41:36.741 [SerialProcessor ] INFO     serial_controller.serial_handler SerialProcessor: unknown type 0x1b — skipping
10:41:36.741 [SerialProcessor ] INFO     serial_controller.serial_handler SerialProcessor: unknown type 0x1b — skipping
10:41:36.767 [SerialProcessor ] INFO     serial_controller.serial_handler SerialProcessor: unknown type 0x1b — skipping
10:41:36.767 [SerialProcessor ] INFO     serial_controller.serial_handler SerialProcessor: unknown type 0x1b — skipping
10:41:36.792 [SerialProcessor ] INFO     serial_controller.serial_handler SerialProcessor: unknown type 0x1b — skipping
10:41:36.793 [SerialProcessor ] INFO     serial_controller.serial_handler SerialProcessor: unknown type 0x1b — skipping
10:41:36.818 [SerialProcessor ] INFO     serial_controller.serial_handler SerialProcessor: unknown type 0x1b — skipping
10:41:36.831 [SerialProcessor ] INFO     serial_controller.serial_handler SerialProcessor: unknown type 0x1b — skipping
10:41:36.831 [SerialProcessor ] INFO     serial_controller.serial_handler SerialProcessor: unknown type 0x1b — skipping
10:41:36.857 [SerialProcessor ] INFO     serial_controller.serial_handler SerialProcessor: unknown type 0x1b — skipping
10:41:36.857 [SerialProcessor ] INFO     serial_controller.serial_handler SerialProcessor: unknown type 0x1b — skipping
10:41:36.882 [SerialProcessor ] INFO     serial_controller.serial_handler SerialProcessor: unknown type 0x1b — skipping
10:41:36.883 [SerialProcessor ] INFO     serial_controller.serial_handler SerialProcessor: unknown type 0x1b — skipping
10:41:36.908 [SerialProcessor ] INFO     serial_controller.serial_handler SerialProcessor: unknown type 0x1b — skipping
10:41:36.923 [SerialProcessor ] INFO     serial_controller.serial_handler SerialProcessor: unknown type 0x1b — skipping
10:41:36.926 [SerialProcessor ] INFO     serial_controller.serial_handler SerialProcessor: unknown type 0x1b — skipping
10:41:36.946 [SerialProcessor ] INFO     serial_controller.serial_handler SerialProcessor: unknown type 0x1b — skipping
10:41:36.947 [SerialProcessor ] INFO     serial_controller.serial_handler SerialProcessor: unknown type 0x1b — skipping
10:41:36.972 [SerialProcessor ] INFO     serial_controller.serial_handler SerialProcessor: unknown type 0x1b — skipping
10:41:36.973 [SerialProcessor ] INFO     serial_controller.serial_handler SerialProcessor: unknown type 0x1b — skipping
10:41:36.998 [SerialProcessor ] INFO     serial_controller.serial_handler SerialProcessor: unknown type 0x1b — skipping
10:41:36.998 [SerialProcessor ] INFO     serial_controller.serial_handler SerialProcessor: unknown type 0x1b — skipping
10:41:37.024 [SerialProcessor ] INFO     serial_controller.serial_handler SerialProcessor: unknown type 0x1b — skipping
10:41:37.036 [SerialProcessor ] INFO     serial_controller.serial_handler SerialProcessor: unknown type 0x1b — skipping
10:41:37.037 [SerialProcessor ] INFO     serial_controller.serial_handler SerialProcessor: unknown type 0x1b — skipping
10:41:37.062 [SerialProcessor ] INFO     serial_controller.serial_handler SerialProcessor: unknown type 0x1b — skipping
10:41:37.063 [SerialProcessor ] INFO     serial_controller.serial_handler SerialProcessor: unknown type 0x1b — skipping
10:41:37.088 [SerialProcessor ] INFO     serial_controller.serial_handler SerialProcessor: unknown type 0x1b — skipping
10:41:37.088 [SerialProcessor ] INFO     serial_controller.serial_handler SerialProcessor: unknown type 0x1b — skipping
10:41:37.113 [SerialProcessor ] INFO     serial_controller.serial_handler SerialProcessor: unknown type 0x1b — skipping
10:41:37.126 [SerialProcessor ] INFO     serial_controller.serial_handler SerialProcessor: unknown type 0x1b — skipping
10:41:37.127 [SerialProcessor ] INFO     serial_controller.serial_handler SerialProcessor: unknown type 0x1b — skipping
10:41:37.152 [SerialProcessor ] INFO     serial_controller.serial_handler SerialProcessor: unknown type 0x1b — skipping
10:41:37.152 [SerialProcessor ] INFO     serial_controller.serial_handler SerialProcessor: unknown type 0x1b — skipping
10:41:37.178 [SerialProcessor ] INFO     serial_controller.serial_handler SerialProcessor: unknown type 0x1b — skipping
10:41:37.178 [SerialProcessor ] INFO     serial_controller.serial_handler SerialProcessor: unknown type 0x1b — skipping
10:41:37.204 [SerialProcessor ] INFO     serial_controller.serial_handler SerialProcessor: unknown type 0x1b — skipping
10:41:37.204 [SerialProcessor ] INFO     serial_controller.serial_handler SerialProcessor: unknown type 0x1b — skipping
10:41:37.229 [SerialProcessor ] INFO     serial_controller.serial_handler SerialProcessor: unknown type 0x1b — skipping
10:41:37.242 [SerialProcessor ] INFO     serial_controller.serial_handler SerialProcessor: unknown type 0x1b — skipping
10:41:37.243 [SerialProcessor ] INFO     serial_controller.serial_handler SerialProcessor: unknown type 0x1b — skipping
10:41:37.268 [SerialProcessor ] INFO     serial_controller.serial_handler SerialProcessor: unknown type 0x1b — skipping
10:41:37.268 [SerialProcessor ] INFO     serial_controller.serial_handler SerialProcessor: unknown type 0x1b — skipping
10:41:37.293 [SerialProcessor ] INFO     serial_controller.serial_handler SerialProcessor: unknown type 0x1b — skipping
10:41:37.294 [SerialProcessor ] INFO     serial_controller.serial_handler SerialProcessor: unknown type 0x1b — skipping
10:41:37.319 [SerialProcessor ] INFO     serial_controller.serial_handler SerialProcessor: unknown type 0x1b — skipping
10:41:37.332 [SerialProcessor ] INFO     serial_controller.serial_handler SerialProcessor: unknown type 0x1b — skipping
10:41:37.332 [SerialProcessor ] INFO     serial_controller.serial_handler SerialProcessor: unknown type 0x1b — skipping
10:41:37.358 [SerialProcessor ] INFO     serial_controller.serial_handler SerialProcessor: unknown type 0x1b — skipping
10:41:37.359 [SerialProcessor ] INFO     serial_controller.serial_handler SerialProcessor: unknown type 0x1b — skipping
10:41:37.383 [SerialProcessor ] INFO     serial_controller.serial_handler SerialProcessor: unknown type 0x1b — skipping
10:41:37.384 [SerialProcessor ] INFO     serial_controller.serial_handler SerialProcessor: unknown type 0x1b — skipping
10:41:37.409 [SerialProcessor ] INFO     serial_controller.serial_handler SerialProcessor: unknown type 0x1b — skipping
10:41:37.410 [SerialProcessor ] INFO     serial_controller.serial_handler SerialProcessor: unknown type 0x1b — skipping
10:41:37.435 [SerialProcessor ] INFO     serial_controller.serial_handler SerialProcessor: unknown type 0x1b — skipping
10:41:37.448 [SerialProcessor ] INFO     serial_controller.serial_handler SerialProcessor: unknown type 0x1b — skipping
10:41:37.448 [SerialProcessor ] INFO     serial_controller.serial_handler SerialProcessor: unknown type 0x1b — skipping
10:41:37.473 [SerialProcessor ] INFO     serial_controller.serial_handler SerialProcessor: unknown type 0x1b — skipping
10:41:37.474 [SerialProcessor ] INFO     serial_controller.serial_handler SerialProcessor: unknown type 0x1b — skipping
10:41:37.499 [SerialProcessor ] INFO     serial_controller.serial_handler SerialProcessor: unknown type 0x1b — skipping
10:41:37.500 [SerialProcessor ] INFO     serial_controller.serial_handler SerialProcessor: unknown type 0x1b — skipping
10:41:37.525 [SerialProcessor ] INFO     serial_controller.serial_handler SerialProcessor: unknown type 0x1b — skipping
10:41:37.538 [SerialProcessor ] INFO     serial_controller.serial_handler SerialProcessor: unknown type 0x1b — skipping
10:41:37.540 [SerialProcessor ] INFO     serial_controller.serial_handler SerialProcessor: unknown type 0x1b — skipping
10:41:37.563 [SerialProcessor ] INFO     serial_controller.serial_handler SerialProcessor: unknown type 0x1b — skipping
10:41:37.564 [SerialProcessor ] INFO     serial_controller.serial_handler SerialProcessor: unknown type 0x1b — skipping
10:41:37.589 [SerialProcessor ] INFO     serial_controller.serial_handler SerialProcessor: unknown type 0x1b — skipping
10:41:37.590 [SerialProcessor ] INFO     serial_controller.serial_handler SerialProcessor: unknown type 0x1b — skipping
10:41:37.615 [SerialProcessor ] INFO     serial_controller.serial_handler SerialProcessor: unknown type 0x1b — skipping
10:41:37.616 [SerialProcessor ] INFO     serial_controller.serial_handler SerialProcessor: unknown type 0x1b — skipping
10:41:37.641 [SerialProcessor ] INFO     serial_controller.serial_handler SerialProcessor: unknown type 0x1b — skipping
10:41:37.653 [SerialProcessor ] INFO     serial_controller.serial_handler SerialProcessor: unknown type 0x1b — skipping
10:41:37.656 [SerialProcessor ] INFO     serial_controller.serial_handler SerialProcessor: unknown type 0x1b — skipping
10:41:37.679 [SerialProcessor ] INFO     serial_controller.serial_handler SerialProcessor: unknown type 0x1b — skipping
10:41:37.679 [SerialProcessor ] INFO     serial_controller.serial_handler SerialProcessor: unknown type 0x1b — skipping
10:41:37.705 [SerialProcessor ] INFO     serial_controller.serial_handler SerialProcessor: unknown type 0x1b — skipping
10:41:37.705 [SerialProcessor ] INFO     serial_controller.serial_handler SerialProcessor: unknown type 0x1b — skipping
10:41:37.730 [SerialProcessor ] INFO     serial_controller.serial_handler SerialProcessor: unknown type 0x1b — skipping
10:41:37.743 [SerialProcessor ] INFO     serial_controller.serial_handler SerialProcessor: unknown type 0x1b — skipping
10:41:37.744 [SerialProcessor ] INFO     serial_controller.serial_handler SerialProcessor: unknown type 0x1b — skipping
10:41:37.769 [SerialProcessor ] INFO     serial_controller.serial_handler SerialProcessor: unknown type 0x1b — skipping
10:41:37.769 [SerialProcessor ] INFO     serial_controller.serial_handler SerialProcessor: unknown type 0x1b — skipping
10:41:37.795 [SerialProcessor ] INFO     serial_controller.serial_handler SerialProcessor: unknown type 0x1b — skipping
10:41:37.795 [SerialProcessor ] INFO     serial_controller.serial_handler SerialProcessor: unknown type 0x1b — skipping
10:41:37.820 [SerialProcessor ] INFO     serial_controller.serial_handler SerialProcessor: unknown type 0x1b — skipping
10:41:37.821 [SerialProcessor ] INFO     serial_controller.serial_handler SerialProcessor: unknown type 0x1b — skipping
10:41:37.846 [SerialProcessor ] INFO     serial_controller.serial_handler SerialProcessor: unknown type 0x1b — skipping
10:41:37.859 [SerialProcessor ] INFO     serial_controller.serial_handler SerialProcessor: unknown type 0x1b — skipping
10:41:37.859 [SerialProcessor ] INFO     serial_controller.serial_handler SerialProcessor: unknown type 0x1b — skipping
10:41:37.885 [SerialProcessor ] INFO     serial_controller.serial_handler SerialProcessor: unknown type 0x1b — skipping
10:41:37.885 [SerialProcessor ] INFO     serial_controller.serial_handler SerialProcessor: unknown type 0x1b — skipping
10:41:37.910 [SerialProcessor ] INFO     serial_controller.serial_handler SerialProcessor: unknown type 0x1b — skipping
10:41:37.911 [SerialProcessor ] INFO     serial_controller.serial_handler SerialProcessor: unknown type 0x1b — skipping
10:41:37.936 [SerialProcessor ] INFO     serial_controller.serial_handler SerialProcessor: unknown type 0x1b — skipping
10:41:37.949 [SerialProcessor ] INFO     serial_controller.serial_handler SerialProcessor: unknown type 0x1b — skipping
10:41:37.949 [SerialProcessor ] INFO     serial_controller.serial_handler SerialProcessor: unknown type 0x1b — skipping
10:41:37.976 [SerialProcessor ] INFO     serial_controller.serial_handler SerialProcessor: unknown type 0x1b — skipping
10:41:37.976 [SerialProcessor ] INFO     serial_controller.serial_handler SerialProcessor: unknown type 0x1b — skipping
10:41:38.000 [SerialProcessor ] INFO     serial_controller.serial_handler SerialProcessor: unknown type 0x1b — skipping
10:41:38.001 [SerialProcessor ] INFO     serial_controller.serial_handler SerialProcessor: unknown type 0x1b — skipping
10:41:38.026 [SerialProcessor ] INFO     serial_controller.serial_handler SerialProcessor: unknown type 0x1b — skipping
10:41:38.026 [SerialProcessor ] INFO     serial_controller.serial_handler SerialProcessor: unknown type 0x1b — skipping
10:41:38.052 [SerialProcessor ] INFO     serial_controller.serial_handler SerialProcessor: unknown type 0x1b — skipping
10:41:38.065 [SerialProcessor ] INFO     serial_controller.serial_handler SerialProcessor: unknown type 0x1b — skipping
10:41:38.065 [SerialProcessor ] INFO     serial_controller.serial_handler SerialProcessor: unknown type 0x1b — skipping
10:41:38.090 [SerialProcessor ] INFO     serial_controller.serial_handler SerialProcessor: unknown type 0x1b — skipping
10:41:38.091 [SerialProcessor ] INFO     serial_controller.serial_handler SerialProcessor: unknown type 0x1b — skipping
10:41:38.116 [SerialProcessor ] INFO     serial_controller.serial_handler SerialProcessor: unknown type 0x1b — skipping
10:41:38.116 [SerialProcessor ] INFO     serial_controller.serial_handler SerialProcessor: unknown type 0x1b — skipping
10:41:38.142 [SerialProcessor ] INFO     serial_controller.serial_handler SerialProcessor: unknown type 0x1b — skipping
10:41:38.155 [SerialProcessor ] INFO     serial_controller.serial_handler SerialProcessor: unknown type 0x1b — skipping
10:41:38.155 [SerialProcessor ] INFO     serial_controller.serial_handler SerialProcessor: unknown type 0x1b — skipping
10:41:38.180 [SerialProcessor ] INFO     serial_controller.serial_handler SerialProcessor: unknown type 0x1b — skipping
10:41:38.181 [SerialProcessor ] INFO     serial_controller.serial_handler SerialProcessor: unknown type 0x1b — skipping
10:41:38.206 [SerialProcessor ] INFO     serial_controller.serial_handler SerialProcessor: unknown type 0x1b — skipping
10:41:38.206 [SerialProcessor ] INFO     serial_controller.serial_handler SerialProcessor: unknown type 0x1b — skipping
10:41:38.232 [SerialProcessor ] INFO     serial_controller.serial_handler SerialProcessor: unknown type 0x1b — skipping
10:41:38.232 [SerialProcessor ] INFO     serial_controller.serial_handler SerialProcessor: unknown type 0x1b — skipping
10:41:38.258 [SerialProcessor ] INFO     serial_controller.serial_handler SerialProcessor: unknown type 0x1b — skipping
10:41:38.270 [SerialProcessor ] INFO     serial_controller.serial_handler SerialProcessor: unknown type 0x1b — skipping
10:41:38.271 [SerialProcessor ] INFO     serial_controller.serial_handler SerialProcessor: unknown type 0x1b — skipping
10:41:38.296 [SerialProcessor ] INFO     serial_controller.serial_handler SerialProcessor: unknown type 0x1b — skipping
10:41:38.296 [SerialProcessor ] INFO     serial_controller.serial_handler SerialProcessor: unknown type 0x1b — skipping
10:41:38.322 [SerialProcessor ] INFO     serial_controller.serial_handler SerialProcessor: unknown type 0x1b — skipping
10:41:38.322 [SerialProcessor ] INFO     serial_controller.serial_handler SerialProcessor: unknown type 0x1b — skipping
10:41:38.347 [SerialProcessor ] INFO     serial_controller.serial_handler SerialProcessor: unknown type 0x1b — skipping
10:41:38.360 [SerialProcessor ] INFO     serial_controller.serial_handler SerialProcessor: unknown type 0x1b — skipping
10:41:38.360 [SerialProcessor ] INFO     serial_controller.serial_handler SerialProcessor: unknown type 0x1b — skipping
10:41:38.386 [SerialProcessor ] INFO     serial_controller.serial_handler SerialProcessor: unknown type 0x1b — skipping
10:41:38.386 [SerialProcessor ] INFO     serial_controller.serial_handler SerialProcessor: unknown type 0x1b — skipping
10:41:38.412 [SerialProcessor ] INFO     serial_controller.serial_handler SerialProcessor: unknown type 0x1b — skipping
10:41:38.413 [SerialProcessor ] INFO     serial_controller.serial_handler SerialProcessor: unknown type 0x1b — skipping
10:41:38.437 [SerialProcessor ] INFO     serial_controller.serial_handler SerialProcessor: unknown type 0x1b — skipping
10:41:38.438 [SerialProcessor ] INFO     serial_controller.serial_handler SerialProcessor: unknown type 0x1b — skipping
10:41:38.463 [SerialProcessor ] INFO     serial_controller.serial_handler SerialProcessor: unknown type 0x1b — skipping
10:41:38.476 [SerialProcessor ] INFO     serial_controller.serial_handler SerialProcessor: unknown type 0x1b — skipping
10:41:38.476 [SerialProcessor ] INFO     serial_controller.serial_handler SerialProcessor: unknown type 0x1b — skipping
10:41:38.502 [SerialProcessor ] INFO     serial_controller.serial_handler SerialProcessor: unknown type 0x1b — skipping
10:41:38.502 [SerialProcessor ] INFO     serial_controller.serial_handler SerialProcessor: unknown type 0x1b — skipping
10:41:38.527 [SerialProcessor ] INFO     serial_controller.serial_handler SerialProcessor: unknown type 0x1b — skipping
10:41:38.528 [SerialProcessor ] INFO     serial_controller.serial_handler SerialProcessor: unknown type 0x1b — skipping
10:41:38.553 [SerialProcessor ] INFO     serial_controller.serial_handler SerialProcessor: unknown type 0x1b — skipping
10:41:38.566 [SerialProcessor ] INFO     serial_controller.serial_handler SerialProcessor: unknown type 0x1b — skipping
10:41:38.566 [SerialProcessor ] INFO     serial_controller.serial_handler SerialProcessor: unknown type 0x1b — skipping
10:41:38.592 [SerialProcessor ] INFO     serial_controller.serial_handler SerialProcessor: unknown type 0x1b — skipping
10:41:38.592 [SerialProcessor ] INFO     serial_controller.serial_handler SerialProcessor: unknown type 0x1b — skipping
10:41:38.617 [SerialProcessor ] INFO     serial_controller.serial_handler SerialProcessor: unknown type 0x1b — skipping
10:41:38.618 [SerialProcessor ] INFO     serial_controller.serial_handler SerialProcessor: unknown type 0x1b — skipping
10:41:38.643 [SerialProcessor ] INFO     serial_controller.serial_handler SerialProcessor: unknown type 0x1b — skipping
10:41:38.643 [SerialProcessor ] INFO     serial_controller.serial_handler SerialProcessor: unknown type 0x1b — skipping
10:41:38.669 [SerialProcessor ] INFO     serial_controller.serial_handler SerialProcessor: unknown type 0x1b — skipping
10:41:38.682 [SerialProcessor ] INFO     serial_controller.serial_handler SerialProcessor: unknown type 0x1b — skipping
10:41:38.682 [SerialProcessor ] INFO     serial_controller.serial_handler SerialProcessor: unknown type 0x1b — skipping
10:41:38.707 [SerialProcessor ] INFO     serial_controller.serial_handler SerialProcessor: unknown type 0x1b — skipping
10:41:38.708 [SerialProcessor ] INFO     serial_controller.serial_handler SerialProcessor: unknown type 0x1b — skipping
10:41:38.733 [SerialProcessor ] INFO     serial_controller.serial_handler SerialProcessor: unknown type 0x1b — skipping
10:41:38.734 [SerialProcessor ] INFO     serial_controller.serial_handler SerialProcessor: unknown type 0x1b — skipping
10:41:38.759 [SerialProcessor ] INFO     serial_controller.serial_handler SerialProcessor: unknown type 0x1b — skipping
10:41:38.772 [SerialProcessor ] INFO     serial_controller.serial_handler SerialProcessor: unknown type 0x1b — skipping
10:41:38.772 [SerialProcessor ] INFO     serial_controller.serial_handler SerialProcessor: unknown type 0x1b — skipping
10:41:38.797 [SerialProcessor ] INFO     serial_controller.serial_handler SerialProcessor: unknown type 0x1b — skipping
10:41:38.798 [SerialProcessor ] INFO     serial_controller.serial_handler SerialProcessor: unknown type 0x1b — skipping
10:41:38.823 [SerialProcessor ] INFO     serial_controller.serial_handler SerialProcessor: unknown type 0x1b — skipping
10:41:38.823 [SerialProcessor ] INFO     serial_controller.serial_handler SerialProcessor: unknown type 0x1b — skipping
10:41:38.849 [SerialProcessor ] INFO     serial_controller.serial_handler SerialProcessor: unknown type 0x1b — skipping
10:41:38.849 [SerialProcessor ] INFO     serial_controller.serial_handler SerialProcessor: unknown type 0x1b — skipping
10:41:38.875 [SerialProcessor ] INFO     serial_controller.serial_handler SerialProcessor: unknown type 0x1b — skipping
10:41:38.887 [SerialProcessor ] INFO     serial_controller.serial_handler SerialProcessor: unknown type 0x1b — skipping
10:41:38.888 [SerialProcessor ] INFO     serial_controller.serial_handler SerialProcessor: unknown type 0x1b — skipping
10:41:38.913 [SerialProcessor ] INFO     serial_controller.serial_handler SerialProcessor: unknown type 0x1b — skipping
10:41:38.914 [SerialProcessor ] INFO     serial_controller.serial_handler SerialProcessor: unknown type 0x1b — skipping
10:41:38.939 [SerialProcessor ] INFO     serial_controller.serial_handler SerialProcessor: unknown type 0x1b — skipping
10:41:38.939 [SerialProcessor ] INFO     serial_controller.serial_handler SerialProcessor: unknown type 0x1b — skipping
10:41:38.965 [SerialProcessor ] INFO     serial_controller.serial_handler SerialProcessor: unknown type 0x1b — skipping
10:41:38.978 [SerialProcessor ] INFO     serial_controller.serial_handler SerialProcessor: unknown type 0x1b — skipping
10:41:38.979 [SerialProcessor ] INFO     serial_controller.serial_handler SerialProcessor: unknown type 0x1b — skipping
10:41:39.003 [SerialProcessor ] INFO     serial_controller.serial_handler SerialProcessor: unknown type 0x1b — skipping
10:41:39.004 [SerialProcessor ] INFO     serial_controller.serial_handler SerialProcessor: unknown type 0x1b — skipping
10:41:39.029 [SerialProcessor ] INFO     serial_controller.serial_handler SerialProcessor: unknown type 0x1b — skipping
10:41:39.029 [SerialProcessor ] INFO     serial_controller.serial_handler SerialProcessor: unknown type 0x1b — skipping
10:41:39.054 [SerialProcessor ] INFO     serial_controller.serial_handler SerialProcessor: unknown type 0x1b — skipping
10:41:39.055 [SerialProcessor ] INFO     serial_controller.serial_handler SerialProcessor: unknown type 0x1b — skipping
10:41:39.080 [SerialProcessor ] INFO     serial_controller.serial_handler SerialProcessor: unknown type 0x1b — skipping
10:41:39.093 [SerialProcessor ] INFO     serial_controller.serial_handler SerialProcessor: unknown type 0x1b — skipping
10:41:39.093 [SerialProcessor ] INFO     serial_controller.serial_handler SerialProcessor: unknown type 0x1b — skipping
10:41:39.119 [SerialProcessor ] INFO     serial_controller.serial_handler SerialProcessor: unknown type 0x1b — skipping
10:41:39.119 [SerialProcessor ] INFO     serial_controller.serial_handler SerialProcessor: unknown type 0x1b — skipping
10:41:39.146 [SerialProcessor ] INFO     serial_controller.serial_handler SerialProcessor: unknown type 0x1b — skipping
10:41:39.146 [SerialProcessor ] INFO     serial_controller.serial_handler SerialProcessor: unknown type 0x1b — skipping
10:41:39.175 [SerialProcessor ] INFO     serial_controller.serial_handler SerialProcessor: unknown type 0x1b — skipping
10:41:39.195 [SerialProcessor ] INFO     serial_controller.serial_handler SerialProcessor: unknown type 0x1b — skipping
10:41:39.202 [SerialProcessor ] INFO     serial_controller.serial_handler SerialProcessor: unknown type 0x1b — skipping
10:41:39.209 [SerialProcessor ] INFO     serial_controller.serial_handler SerialProcessor: unknown type 0x1b — skipping
10:41:39.226 [SerialProcessor ] INFO     serial_controller.serial_handler SerialProcessor: unknown type 0x1b — skipping
10:41:39.234 [SerialProcessor ] INFO     serial_controller.serial_handler SerialProcessor: unknown type 0x1b — skipping
10:41:39.235 [SerialProcessor ] INFO     serial_controller.serial_handler SerialProcessor: unknown type 0x1b — skipping
10:41:39.260 [SerialProcessor ] INFO     serial_controller.serial_handler SerialProcessor: unknown type 0x1b — skipping
10:41:39.261 [SerialProcessor ] INFO     serial_controller.serial_handler SerialProcessor: unknown type 0x1b — skipping
10:41:39.286 [SerialProcessor ] INFO     serial_controller.serial_handler SerialProcessor: unknown type 0x1b — skipping
10:41:39.299 [SerialProcessor ] INFO     serial_controller.serial_handler SerialProcessor: unknown type 0x1b — skipping
10:41:39.299 [SerialProcessor ] INFO     serial_controller.serial_handler SerialProcessor: unknown type 0x1b — skipping
10:41:39.324 [SerialProcessor ] INFO     serial_controller.serial_handler SerialProcessor: unknown type 0x1b — skipping
10:41:39.325 [SerialProcessor ] INFO     serial_controller.serial_handler SerialProcessor: unknown type 0x1b — skipping
10:41:39.350 [SerialProcessor ] INFO     serial_controller.serial_handler SerialProcessor: unknown type 0x1b — skipping
10:41:39.351 [SerialProcessor ] INFO     serial_controller.serial_handler SerialProcessor: unknown type 0x1b — skipping
10:41:39.376 [SerialProcessor ] INFO     serial_controller.serial_handler SerialProcessor: unknown type 0x1b — skipping
10:41:39.389 [SerialProcessor ] INFO     serial_controller.serial_handler SerialProcessor: unknown type 0x1b — skipping
10:41:39.389 [SerialProcessor ] INFO     serial_controller.serial_handler SerialProcessor: unknown type 0x1b — skipping
10:41:39.414 [SerialProcessor ] INFO     serial_controller.serial_handler SerialProcessor: unknown type 0x1b — skipping
10:41:39.415 [SerialProcessor ] INFO     serial_controller.serial_handler SerialProcessor: unknown type 0x1b — skipping
10:41:39.441 [SerialProcessor ] INFO     serial_controller.serial_handler SerialProcessor: unknown type 0x1b — skipping
10:41:39.442 [SerialProcessor ] INFO     serial_controller.serial_handler SerialProcessor: unknown type 0x1b — skipping
10:41:39.466 [SerialProcessor ] INFO     serial_controller.serial_handler SerialProcessor: unknown type 0x1b — skipping
10:41:39.467 [SerialProcessor ] INFO     serial_controller.serial_handler SerialProcessor: unknown type 0x1b — skipping
10:41:39.492 [SerialProcessor ] INFO     serial_controller.serial_handler SerialProcessor: unknown type 0x1b — skipping
10:41:39.504 [SerialProcessor ] INFO     serial_controller.serial_handler SerialProcessor: unknown type 0x1b — skipping
10:41:39.505 [SerialProcessor ] INFO     serial_controller.serial_handler SerialProcessor: unknown type 0x1b — skipping
10:41:39.530 [SerialProcessor ] INFO     serial_controller.serial_handler SerialProcessor: unknown type 0x1b — skipping
10:41:39.531 [SerialProcessor ] INFO     serial_controller.serial_handler SerialProcessor: unknown type 0x1b — skipping
10:41:39.556 [SerialProcessor ] INFO     serial_controller.serial_handler SerialProcessor: unknown type 0x1b — skipping
10:41:39.557 [SerialProcessor ] INFO     serial_controller.serial_handler SerialProcessor: unknown type 0x1b — skipping
10:41:39.582 [SerialProcessor ] INFO     serial_controller.serial_handler SerialProcessor: unknown type 0x1b — skipping
10:41:39.594 [SerialProcessor ] INFO     serial_controller.serial_handler SerialProcessor: unknown type 0x1b — skipping
10:41:39.595 [SerialProcessor ] INFO     serial_controller.serial_handler SerialProcessor: unknown type 0x1b — skipping
10:41:39.620 [SerialProcessor ] INFO     serial_controller.serial_handler SerialProcessor: unknown type 0x1b — skipping
10:41:39.621 [SerialProcessor ] INFO     serial_controller.serial_handler SerialProcessor: unknown type 0x1b — skipping
10:41:39.646 [SerialProcessor ] INFO     serial_controller.serial_handler SerialProcessor: unknown type 0x1b — skipping
10:41:39.647 [SerialProcessor ] INFO     serial_controller.serial_handler SerialProcessor: unknown type 0x1b — skipping
10:41:39.672 [SerialProcessor ] INFO     serial_controller.serial_handler SerialProcessor: unknown type 0x1b — skipping
10:41:39.672 [SerialProcessor ] INFO     serial_controller.serial_handler SerialProcessor: unknown type 0x1b — skipping
10:41:39.698 [SerialProcessor ] INFO     serial_controller.serial_handler SerialProcessor: unknown type 0x1b — skipping
10:41:39.710 [SerialProcessor ] INFO     serial_controller.serial_handler SerialProcessor: unknown type 0x1b — skipping
10:41:39.711 [SerialProcessor ] INFO     serial_controller.serial_handler SerialProcessor: unknown type 0x1b — skipping
10:41:39.736 [SerialProcessor ] INFO     serial_controller.serial_handler SerialProcessor: unknown type 0x1b — skipping
10:41:39.737 [SerialProcessor ] INFO     serial_controller.serial_handler SerialProcessor: unknown type 0x1b — skipping
10:41:39.762 [SerialProcessor ] INFO     serial_controller.serial_handler SerialProcessor: unknown type 0x1b — skipping
10:41:39.763 [SerialProcessor ] INFO     serial_controller.serial_handler SerialProcessor: unknown type 0x1b — skipping
10:41:39.788 [SerialProcessor ] INFO     serial_controller.serial_handler SerialProcessor: unknown type 0x1b — skipping
10:41:39.800 [SerialProcessor ] INFO     serial_controller.serial_handler SerialProcessor: unknown type 0x1b — skipping
10:41:39.801 [SerialProcessor ] INFO     serial_controller.serial_handler SerialProcessor: unknown type 0x1b — skipping
10:41:39.826 [SerialProcessor ] INFO     serial_controller.serial_handler SerialProcessor: unknown type 0x1b — skipping
10:41:39.827 [SerialProcessor ] INFO     serial_controller.serial_handler SerialProcessor: unknown type 0x1b — skipping
10:41:39.852 [SerialProcessor ] INFO     serial_controller.serial_handler SerialProcessor: unknown type 0x1b — skipping
10:41:39.852 [SerialProcessor ] INFO     serial_controller.serial_handler SerialProcessor: unknown type 0x1b — skipping
10:41:39.878 [SerialProcessor ] INFO     serial_controller.serial_handler SerialProcessor: unknown type 0x1b — skipping
10:41:39.878 [SerialProcessor ] INFO     serial_controller.serial_handler SerialProcessor: unknown type 0x1b — skipping
10:41:39.903 [SerialProcessor ] INFO     serial_controller.serial_handler SerialProcessor: unknown type 0x1b — skipping
10:41:39.916 [SerialProcessor ] INFO     serial_controller.serial_handler SerialProcessor: unknown type 0x1b — skipping
10:41:39.916 [SerialProcessor ] INFO     serial_controller.serial_handler SerialProcessor: unknown type 0x1b — skipping
10:41:39.942 [SerialProcessor ] INFO     serial_controller.serial_handler SerialProcessor: unknown type 0x1b — skipping
10:41:39.942 [SerialProcessor ] INFO     serial_controller.serial_handler SerialProcessor: unknown type 0x1b — skipping
10:41:39.971 [SerialProcessor ] INFO     serial_controller.serial_handler SerialProcessor: unknown type 0x1b — skipping
10:41:39.972 [SerialProcessor ] INFO     serial_controller.serial_handler SerialProcessor: unknown type 0x1b — skipping
10:41:39.994 [SerialProcessor ] INFO     serial_controller.serial_handler SerialProcessor: unknown type 0x1b — skipping
10:41:40.008 [SerialProcessor ] INFO     serial_controller.serial_handler SerialProcessor: unknown type 0x1b — skipping
10:41:40.009 [SerialProcessor ] INFO     serial_controller.serial_handler SerialProcessor: unknown type 0x1b — skipping
10:41:40.032 [SerialProcessor ] INFO     serial_controller.serial_handler SerialProcessor: unknown type 0x1b — skipping
10:41:40.032 [SerialProcessor ] INFO     serial_controller.serial_handler SerialProcessor: unknown type 0x1b — skipping
10:41:40.058 [SerialProcessor ] INFO     serial_controller.serial_handler SerialProcessor: unknown type 0x1b — skipping
10:41:40.058 [SerialProcessor ] INFO     serial_controller.serial_handler SerialProcessor: unknown type 0x1b — skipping
10:41:40.083 [SerialProcessor ] INFO     serial_controller.serial_handler SerialProcessor: unknown type 0x1b — skipping
10:41:40.084 [SerialProcessor ] INFO     serial_controller.serial_handler SerialProcessor: unknown type 0x1b — skipping
10:41:40.109 [SerialProcessor ] INFO     serial_controller.serial_handler SerialProcessor: unknown type 0x1b — skipping
10:41:40.122 [SerialProcessor ] INFO     serial_controller.serial_handler SerialProcessor: unknown type 0x1b — skipping
10:41:40.122 [SerialProcessor ] INFO     serial_controller.serial_handler SerialProcessor: unknown type 0x1b — skipping
10:41:40.148 [SerialProcessor ] INFO     serial_controller.serial_handler SerialProcessor: unknown type 0x1b — skipping
10:41:40.148 [SerialProcessor ] INFO     serial_controller.serial_handler SerialProcessor: unknown type 0x1b — skipping
10:41:40.174 [SerialProcessor ] INFO     serial_controller.serial_handler SerialProcessor: unknown type 0x1b — skipping
10:41:40.176 [SerialProcessor ] INFO     serial_controller.serial_handler SerialProcessor: unknown type 0x1b — skipping
10:41:40.199 [SerialProcessor ] INFO     serial_controller.serial_handler SerialProcessor: unknown type 0x1b — skipping
10:41:40.212 [SerialProcessor ] INFO     serial_controller.serial_handler SerialProcessor: unknown type 0x1b — skipping
10:41:40.212 [SerialProcessor ] INFO     serial_controller.serial_handler SerialProcessor: unknown type 0x1b — skipping
10:41:40.237 [SerialProcessor ] INFO     serial_controller.serial_handler SerialProcessor: unknown type 0x1b — skipping
10:41:40.238 [SerialProcessor ] INFO     serial_controller.serial_handler SerialProcessor: unknown type 0x1b — skipping
10:41:40.263 [SerialProcessor ] INFO     serial_controller.serial_handler SerialProcessor: unknown type 0x1b — skipping
10:41:40.264 [SerialProcessor ] INFO     serial_controller.serial_handler SerialProcessor: unknown type 0x1b — skipping
10:41:40.289 [SerialProcessor ] INFO     serial_controller.serial_handler SerialProcessor: unknown type 0x1b — skipping
10:41:40.289 [SerialProcessor ] INFO     serial_controller.serial_handler SerialProcessor: unknown type 0x1b — skipping
10:41:40.315 [SerialProcessor ] INFO     serial_controller.serial_handler SerialProcessor: unknown type 0x1b — skipping
10:41:40.327 [SerialProcessor ] INFO     serial_controller.serial_handler SerialProcessor: unknown type 0x1b — skipping
10:41:40.328 [SerialProcessor ] INFO     serial_controller.serial_handler SerialProcessor: unknown type 0x1b — skipping
10:41:40.353 [SerialProcessor ] INFO     serial_controller.serial_handler SerialProcessor: unknown type 0x1b — skipping
10:41:40.354 [SerialProcessor ] INFO     serial_controller.serial_handler SerialProcessor: unknown type 0x1b — skipping
10:41:40.379 [SerialProcessor ] INFO     serial_controller.serial_handler SerialProcessor: unknown type 0x1b — skipping
10:41:40.379 [SerialProcessor ] INFO     serial_controller.serial_handler SerialProcessor: unknown type 0x1b — skipping
10:41:40.405 [SerialProcessor ] INFO     serial_controller.serial_handler SerialProcessor: unknown type 0x1b — skipping
10:41:40.417 [SerialProcessor ] INFO     serial_controller.serial_handler SerialProcessor: unknown type 0x1b — skipping
10:41:40.418 [SerialProcessor ] INFO     serial_controller.serial_handler SerialProcessor: unknown type 0x1b — skipping
10:41:40.443 [SerialProcessor ] INFO     serial_controller.serial_handler SerialProcessor: unknown type 0x1b — skipping
10:41:40.444 [SerialProcessor ] INFO     serial_controller.serial_handler SerialProcessor: unknown type 0x1b — skipping
10:41:40.470 [SerialProcessor ] INFO     serial_controller.serial_handler SerialProcessor: unknown type 0x1b — skipping
10:41:40.471 [SerialProcessor ] INFO     serial_controller.serial_handler SerialProcessor: unknown type 0x1b — skipping
10:41:40.495 [SerialProcessor ] INFO     serial_controller.serial_handler SerialProcessor: unknown type 0x1b — skipping
10:41:40.498 [SerialProcessor ] INFO     serial_controller.serial_handler SerialProcessor: unknown type 0x1b — skipping
10:41:40.520 [SerialProcessor ] INFO     serial_controller.serial_handler SerialProcessor: unknown type 0x1b — skipping
10:41:40.533 [SerialProcessor ] INFO     serial_controller.serial_handler SerialProcessor: unknown type 0x1b — skipping
10:41:40.534 [SerialProcessor ] INFO     serial_controller.serial_handler SerialProcessor: unknown type 0x1b — skipping
10:41:40.559 [SerialProcessor ] INFO     serial_controller.serial_handler SerialProcessor: unknown type 0x1b — skipping
10:41:40.560 [SerialProcessor ] INFO     serial_controller.serial_handler SerialProcessor: unknown type 0x1b — skipping
10:41:40.585 [SerialProcessor ] INFO     serial_controller.serial_handler SerialProcessor: unknown type 0x1b — skipping
10:41:40.585 [SerialProcessor ] INFO     serial_controller.serial_handler SerialProcessor: unknown type 0x1b — skipping
10:41:40.610 [SerialProcessor ] INFO     serial_controller.serial_handler SerialProcessor: unknown type 0x1b — skipping
10:41:40.623 [SerialProcessor ] INFO     serial_controller.serial_handler SerialProcessor: unknown type 0x1b — skipping
10:41:40.624 [SerialProcessor ] INFO     serial_controller.serial_handler SerialProcessor: unknown type 0x1b — skipping
10:41:40.649 [SerialProcessor ] INFO     serial_controller.serial_handler SerialProcessor: unknown type 0x1b — skipping
10:41:40.649 [SerialProcessor ] INFO     serial_controller.serial_handler SerialProcessor: unknown type 0x1b — skipping
10:41:40.675 [SerialProcessor ] INFO     serial_controller.serial_handler SerialProcessor: unknown type 0x1b — skipping
10:41:40.675 [SerialProcessor ] INFO     serial_controller.serial_handler SerialProcessor: unknown type 0x1b — skipping
10:41:40.700 [SerialProcessor ] INFO     serial_controller.serial_handler SerialProcessor: unknown type 0x1b — skipping
10:41:40.701 [SerialProcessor ] INFO     serial_controller.serial_handler SerialProcessor: unknown type 0x1b — skipping
10:41:40.726 [SerialProcessor ] INFO     serial_controller.serial_handler SerialProcessor: unknown type 0x1b — skipping
10:41:40.739 [SerialProcessor ] INFO     serial_controller.serial_handler SerialProcessor: unknown type 0x1b — skipping
10:41:40.739 [SerialProcessor ] INFO     serial_controller.serial_handler SerialProcessor: unknown type 0x1b — skipping
10:41:40.765 [SerialProcessor ] INFO     serial_controller.serial_handler SerialProcessor: unknown type 0x1b — skipping
10:41:40.765 [SerialProcessor ] INFO     serial_controller.serial_handler SerialProcessor: unknown type 0x1b — skipping
10:41:40.790 [SerialProcessor ] INFO     serial_controller.serial_handler SerialProcessor: unknown type 0x1b — skipping
10:41:40.791 [SerialProcessor ] INFO     serial_controller.serial_handler SerialProcessor: unknown type 0x1b — skipping
10:41:40.816 [SerialProcessor ] INFO     serial_controller.serial_handler SerialProcessor: unknown type 0x1b — skipping
10:41:40.829 [SerialProcessor ] INFO     serial_controller.serial_handler SerialProcessor: unknown type 0x1b — skipping
10:41:40.829 [SerialProcessor ] INFO     serial_controller.serial_handler SerialProcessor: unknown type 0x1b — skipping
10:41:40.854 [SerialProcessor ] INFO     serial_controller.serial_handler SerialProcessor: unknown type 0x1b — skipping
10:41:40.855 [SerialProcessor ] INFO     serial_controller.serial_handler SerialProcessor: unknown type 0x1b — skipping
10:41:40.881 [SerialProcessor ] INFO     serial_controller.serial_handler SerialProcessor: unknown type 0x1b — skipping
10:41:40.881 [SerialProcessor ] INFO     serial_controller.serial_handler SerialProcessor: unknown type 0x1b — skipping
10:41:40.909 [SerialProcessor ] INFO     serial_controller.serial_handler SerialProcessor: unknown type 0x1b — skipping
10:41:40.912 [SerialProcessor ] INFO     serial_controller.serial_handler SerialProcessor: unknown type 0x1b — skipping
10:41:40.932 [SerialProcessor ] INFO     serial_controller.serial_handler SerialProcessor: unknown type 0x1b — skipping
10:41:40.945 [SerialProcessor ] INFO     serial_controller.serial_handler SerialProcessor: unknown type 0x1b — skipping
10:41:40.945 [SerialProcessor ] INFO     serial_controller.serial_handler SerialProcessor: unknown type 0x1b — skipping
10:41:40.971 [SerialProcessor ] INFO     serial_controller.serial_handler SerialProcessor: unknown type 0x1b — skipping
10:41:40.974 [SerialProcessor ] INFO     serial_controller.serial_handler SerialProcessor: unknown type 0x1b — skipping
10:41:40.996 [SerialProcessor ] INFO     serial_controller.serial_handler SerialProcessor: unknown type 0x1b — skipping
10:41:40.998 [SerialProcessor ] INFO     serial_controller.serial_handler SerialProcessor: unknown type 0x1b — skipping
10:41:41.022 [SerialProcessor ] INFO     serial_controller.serial_handler SerialProcessor: unknown type 0x1b — skipping
10:41:41.035 [SerialProcessor ] INFO     serial_controller.serial_handler SerialProcessor: unknown type 0x1b — skipping
10:41:41.039 [SerialProcessor ] INFO     serial_controller.serial_handler SerialProcessor: unknown type 0x1b — skipping
10:41:41.060 [SerialProcessor ] INFO     serial_controller.serial_handler SerialProcessor: unknown type 0x1b — skipping
10:41:41.061 [SerialProcessor ] INFO     serial_controller.serial_handler SerialProcessor: unknown type 0x1b — skipping
10:41:41.086 [SerialProcessor ] INFO     serial_controller.serial_handler SerialProcessor: unknown type 0x1b — skipping
10:41:41.086 [SerialProcessor ] INFO     serial_controller.serial_handler SerialProcessor: unknown type 0x1b — skipping
10:41:41.112 [SerialProcessor ] INFO     serial_controller.serial_handler SerialProcessor: unknown type 0x1b — skipping
10:41:41.113 [SerialProcessor ] INFO     serial_controller.serial_handler SerialProcessor: unknown type 0x1b — skipping
10:41:41.137 [SerialProcessor ] INFO     serial_controller.serial_handler SerialProcessor: unknown type 0x1b — skipping
10:41:41.150 [SerialProcessor ] INFO     serial_controller.serial_handler SerialProcessor: unknown type 0x1b — skipping
10:41:41.151 [SerialProcessor ] INFO     serial_controller.serial_handler SerialProcessor: unknown type 0x1b — skipping
10:41:41.176 [SerialProcessor ] INFO     serial_controller.serial_handler SerialProcessor: unknown type 0x1b — skipping
10:41:41.177 [SerialProcessor ] INFO     serial_controller.serial_handler SerialProcessor: unknown type 0x1b — skipping
10:41:41.202 [SerialProcessor ] INFO     serial_controller.serial_handler SerialProcessor: unknown type 0x1b — skipping
10:41:41.202 [SerialProcessor ] INFO     serial_controller.serial_handler SerialProcessor: unknown type 0x1b — skipping
10:41:41.228 [SerialProcessor ] INFO     serial_controller.serial_handler SerialProcessor: unknown type 0x1b — skipping
10:41:41.241 [SerialProcessor ] INFO     serial_controller.serial_handler SerialProcessor: unknown type 0x1b — skipping
10:41:41.244 [SerialProcessor ] INFO     serial_controller.serial_handler SerialProcessor: unknown type 0x1b — skipping
10:41:41.266 [SerialProcessor ] INFO     serial_controller.serial_handler SerialProcessor: unknown type 0x1b — skipping
10:41:41.266 [SerialProcessor ] INFO     serial_controller.serial_handler SerialProcessor: unknown type 0x1b — skipping
10:41:41.292 [SerialProcessor ] INFO     serial_controller.serial_handler SerialProcessor: unknown type 0x1b — skipping
10:41:41.292 [SerialProcessor ] INFO     serial_controller.serial_handler SerialProcessor: unknown type 0x1b — skipping
10:41:41.317 [SerialProcessor ] INFO     serial_controller.serial_handler SerialProcessor: unknown type 0x1b — skipping
10:41:41.318 [SerialProcessor ] INFO     serial_controller.serial_handler SerialProcessor: unknown type 0x1b — skipping
10:41:41.343 [SerialProcessor ] INFO     serial_controller.serial_handler SerialProcessor: unknown type 0x1b — skipping
10:41:41.356 [SerialProcessor ] INFO     serial_controller.serial_handler SerialProcessor: unknown type 0x1b — skipping
10:41:41.356 [SerialProcessor ] INFO     serial_controller.serial_handler SerialProcessor: unknown type 0x1b — skipping
10:41:41.382 [SerialProcessor ] INFO     serial_controller.serial_handler SerialProcessor: unknown type 0x1b — skipping
10:41:41.382 [SerialProcessor ] INFO     serial_controller.serial_handler SerialProcessor: unknown type 0x1b — skipping
10:41:41.408 [SerialProcessor ] INFO     serial_controller.serial_handler SerialProcessor: unknown type 0x1b — skipping
10:41:41.409 [SerialProcessor ] INFO     serial_controller.serial_handler SerialProcessor: unknown type 0x1b — skipping
10:41:41.433 [SerialProcessor ] INFO     serial_controller.serial_handler SerialProcessor: unknown type 0x1b — skipping
10:41:41.446 [SerialProcessor ] INFO     serial_controller.serial_handler SerialProcessor: unknown type 0x1b — skipping
10:41:41.446 [SerialProcessor ] INFO     serial_controller.serial_handler SerialProcessor: unknown type 0x1b — skipping
10:41:41.472 [SerialProcessor ] INFO     serial_controller.serial_handler SerialProcessor: unknown type 0x1b — skipping
10:41:41.475 [SerialProcessor ] INFO     serial_controller.serial_handler SerialProcessor: unknown type 0x1b — skipping
10:41:41.498 [SerialProcessor ] INFO     serial_controller.serial_handler SerialProcessor: unknown type 0x1b — skipping
10:41:41.498 [SerialProcessor ] INFO     serial_controller.serial_handler SerialProcessor: unknown type 0x1b — skipping
10:41:41.523 [SerialProcessor ] INFO     serial_controller.serial_handler SerialProcessor: unknown type 0x1b — skipping
10:41:41.524 [SerialProcessor ] INFO     serial_controller.serial_handler SerialProcessor: unknown type 0x1b — skipping
10:41:41.549 [SerialProcessor ] INFO     serial_controller.serial_handler SerialProcessor: unknown type 0x1b — skipping
10:41:41.562 [SerialProcessor ] INFO     serial_controller.serial_handler SerialProcessor: unknown type 0x1b — skipping
10:41:41.562 [SerialProcessor ] INFO     serial_controller.serial_handler SerialProcessor: unknown type 0x1b — skipping
10:41:41.588 [SerialProcessor ] INFO     serial_controller.serial_handler SerialProcessor: unknown type 0x1b — skipping
10:41:41.588 [SerialProcessor ] INFO     serial_controller.serial_handler SerialProcessor: unknown type 0x1b — skipping
10:41:41.613 [SerialProcessor ] INFO     serial_controller.serial_handler SerialProcessor: unknown type 0x1b — skipping
10:41:41.614 [SerialProcessor ] INFO     serial_controller.serial_handler SerialProcessor: unknown type 0x1b — skipping
10:41:41.639 [SerialProcessor ] INFO     serial_controller.serial_handler SerialProcessor: unknown type 0x1b — skipping
10:41:41.652 [SerialProcessor ] INFO     serial_controller.serial_handler SerialProcessor: unknown type 0x1b — skipping
10:41:41.652 [SerialProcessor ] INFO     serial_controller.serial_handler SerialProcessor: unknown type 0x1b — skipping
10:41:41.678 [SerialProcessor ] INFO     serial_controller.serial_handler SerialProcessor: unknown type 0x1b — skipping
10:41:41.678 [SerialProcessor ] INFO     serial_controller.serial_handler SerialProcessor: unknown type 0x1b — skipping
10:41:41.703 [SerialProcessor ] INFO     serial_controller.serial_handler SerialProcessor: unknown type 0x1b — skipping
10:41:41.704 [SerialProcessor ] INFO     serial_controller.serial_handler SerialProcessor: unknown type 0x1b — skipping
10:41:41.729 [SerialProcessor ] INFO     serial_controller.serial_handler SerialProcessor: unknown type 0x1b — skipping
10:41:41.730 [SerialProcessor ] INFO     serial_controller.serial_handler SerialProcessor: unknown type 0x1b — skipping
10:41:41.755 [SerialProcessor ] INFO     serial_controller.serial_handler SerialProcessor: unknown type 0x1b — skipping
10:41:41.768 [SerialProcessor ] INFO     serial_controller.serial_handler SerialProcessor: unknown type 0x1b — skipping
10:41:41.768 [SerialProcessor ] INFO     serial_controller.serial_handler SerialProcessor: unknown type 0x1b — skipping
10:41:41.793 [SerialProcessor ] INFO     serial_controller.serial_handler SerialProcessor: unknown type 0x1b — skipping
10:41:41.794 [SerialProcessor ] INFO     serial_controller.serial_handler SerialProcessor: unknown type 0x1b — skipping
10:41:41.819 [SerialProcessor ] INFO     serial_controller.serial_handler SerialProcessor: unknown type 0x1b — skipping
10:41:41.820 [SerialProcessor ] INFO     serial_controller.serial_handler SerialProcessor: unknown type 0x1b — skipping
10:41:41.845 [SerialProcessor ] INFO     serial_controller.serial_handler SerialProcessor: unknown type 0x1b — skipping
10:41:41.858 [SerialProcessor ] INFO     serial_controller.serial_handler SerialProcessor: unknown type 0x1b — skipping
10:41:41.860 [SerialProcessor ] INFO     serial_controller.serial_handler SerialProcessor: unknown type 0x1b — skipping
10:41:41.883 [SerialProcessor ] INFO     serial_controller.serial_handler SerialProcessor: unknown type 0x1b — skipping
10:41:41.883 [SerialProcessor ] INFO     serial_controller.serial_handler SerialProcessor: unknown type 0x1b — skipping
10:41:41.910 [SerialProcessor ] INFO     serial_controller.serial_handler SerialProcessor: unknown type 0x1b — skipping
10:41:41.911 [SerialProcessor ] INFO     serial_controller.serial_handler SerialProcessor: unknown type 0x1b — skipping
10:41:41.935 [SerialProcessor ] INFO     serial_controller.serial_handler SerialProcessor: unknown type 0x1b — skipping
10:41:41.935 [SerialProcessor ] INFO     serial_controller.serial_handler SerialProcessor: unknown type 0x1b — skipping
10:41:41.960 [SerialProcessor ] INFO     serial_controller.serial_handler SerialProcessor: unknown type 0x1b — skipping
10:41:41.973 [SerialProcessor ] INFO     serial_controller.serial_handler SerialProcessor: unknown type 0x1b — skipping
10:41:41.975 [SerialProcessor ] INFO     serial_controller.serial_handler SerialProcessor: unknown type 0x1b — skipping
10:41:41.999 [SerialProcessor ] INFO     serial_controller.serial_handler SerialProcessor: unknown type 0x1b — skipping
10:41:41.999 [SerialProcessor ] INFO     serial_controller.serial_handler SerialProcessor: unknown type 0x1b — skipping
10:41:42.025 [SerialProcessor ] INFO     serial_controller.serial_handler SerialProcessor: unknown type 0x1b — skipping
10:41:42.025 [SerialProcessor ] INFO     serial_controller.serial_handler SerialProcessor: unknown type 0x1b — skipping
10:41:42.050 [SerialProcessor ] INFO     serial_controller.serial_handler SerialProcessor: unknown type 0x1b — skipping
10:41:42.063 [SerialProcessor ] INFO     serial_controller.serial_handler SerialProcessor: unknown type 0x1b — skipping
10:41:42.064 [SerialProcessor ] INFO     serial_controller.serial_handler SerialProcessor: unknown type 0x1b — skipping
10:41:42.089 [SerialProcessor ] INFO     serial_controller.serial_handler SerialProcessor: unknown type 0x1b — skipping
10:41:42.089 [SerialProcessor ] INFO     serial_controller.serial_handler SerialProcessor: unknown type 0x1b — skipping
10:41:42.115 [SerialProcessor ] INFO     serial_controller.serial_handler SerialProcessor: unknown type 0x1b — skipping
10:41:42.115 [SerialProcessor ] INFO     serial_controller.serial_handler SerialProcessor: unknown type 0x1b — skipping
10:41:42.140 [SerialProcessor ] INFO     serial_controller.serial_handler SerialProcessor: unknown type 0x1b — skipping
10:41:42.141 [SerialProcessor ] INFO     serial_controller.serial_handler SerialProcessor: unknown type 0x1b — skipping
10:41:42.167 [SerialProcessor ] INFO     serial_controller.serial_handler SerialProcessor: unknown type 0x1b — skipping
10:41:42.179 [SerialProcessor ] INFO     serial_controller.serial_handler SerialProcessor: unknown type 0x1b — skipping
10:41:42.179 [SerialProcessor ] INFO     serial_controller.serial_handler SerialProcessor: unknown type 0x1b — skipping
10:41:42.205 [SerialProcessor ] INFO     serial_controller.serial_handler SerialProcessor: unknown type 0x1b — skipping
10:41:42.205 [SerialProcessor ] INFO     serial_controller.serial_handler SerialProcessor: unknown type 0x1b — skipping
10:41:42.230 [SerialProcessor ] INFO     serial_controller.serial_handler SerialProcessor: unknown type 0x1b — skipping
10:41:42.231 [SerialProcessor ] INFO     serial_controller.serial_handler SerialProcessor: unknown type 0x1b — skipping
10:41:42.256 [SerialProcessor ] INFO     serial_controller.serial_handler SerialProcessor: unknown type 0x1b — skipping
10:41:42.269 [SerialProcessor ] INFO     serial_controller.serial_handler SerialProcessor: unknown type 0x1b — skipping
10:41:42.269 [SerialProcessor ] INFO     serial_controller.serial_handler SerialProcessor: unknown type 0x1b — skipping
10:41:42.295 [SerialProcessor ] INFO     serial_controller.serial_handler SerialProcessor: unknown type 0x1b — skipping
10:41:42.295 [SerialProcessor ] INFO     serial_controller.serial_handler SerialProcessor: unknown type 0x1b — skipping
10:41:42.320 [SerialProcessor ] INFO     serial_controller.serial_handler SerialProcessor: unknown type 0x1b — skipping
10:41:42.321 [SerialProcessor ] INFO     serial_controller.serial_handler SerialProcessor: unknown type 0x1b — skipping
10:41:42.347 [SerialProcessor ] INFO     serial_controller.serial_handler SerialProcessor: unknown type 0x1b — skipping
10:41:42.347 [SerialProcessor ] INFO     serial_controller.serial_handler SerialProcessor: unknown type 0x1b — skipping
10:41:42.372 [SerialProcessor ] INFO     serial_controller.serial_handler SerialProcessor: unknown type 0x1b — skipping
10:41:42.385 [SerialProcessor ] INFO     serial_controller.serial_handler SerialProcessor: unknown type 0x1b — skipping
10:41:42.385 [SerialProcessor ] INFO     serial_controller.serial_handler SerialProcessor: unknown type 0x1b — skipping
10:41:42.410 [SerialProcessor ] INFO     serial_controller.serial_handler SerialProcessor: unknown type 0x1b — skipping
10:41:42.411 [SerialProcessor ] INFO     serial_controller.serial_handler SerialProcessor: unknown type 0x1b — skipping
10:41:42.436 [SerialProcessor ] INFO     serial_controller.serial_handler SerialProcessor: unknown type 0x1b — skipping
10:41:42.436 [SerialProcessor ] INFO     serial_controller.serial_handler SerialProcessor: unknown type 0x1b — skipping
10:41:42.462 [SerialProcessor ] INFO     serial_controller.serial_handler SerialProcessor: unknown type 0x1b — skipping
10:41:42.475 [SerialProcessor ] INFO     serial_controller.serial_handler SerialProcessor: unknown type 0x1b — skipping
10:41:42.476 [SerialProcessor ] INFO     serial_controller.serial_handler SerialProcessor: unknown type 0x1b — skipping
10:41:42.500 [SerialProcessor ] INFO     serial_controller.serial_handler SerialProcessor: unknown type 0x1b — skipping
10:41:42.501 [SerialProcessor ] INFO     serial_controller.serial_handler SerialProcessor: unknown type 0x1b — skipping
10:41:42.526 [SerialProcessor ] INFO     serial_controller.serial_handler SerialProcessor: unknown type 0x1b — skipping
10:41:42.526 [SerialProcessor ] INFO     serial_controller.serial_handler SerialProcessor: unknown type 0x1b — skipping
10:41:42.552 [SerialProcessor ] INFO     serial_controller.serial_handler SerialProcessor: unknown type 0x1b — skipping
10:41:42.552 [SerialProcessor ] INFO     serial_controller.serial_handler SerialProcessor: unknown type 0x1b — skipping
10:41:42.578 [SerialProcessor ] INFO     serial_controller.serial_handler SerialProcessor: unknown type 0x1b — skipping
10:41:42.590 [SerialProcessor ] INFO     serial_controller.serial_handler SerialProcessor: unknown type 0x1b — skipping
10:41:42.591 [SerialProcessor ] INFO     serial_controller.serial_handler SerialProcessor: unknown type 0x1b — skipping
10:41:42.616 [SerialProcessor ] INFO     serial_controller.serial_handler SerialProcessor: unknown type 0x1b — skipping
10:41:42.616 [SerialProcessor ] INFO     serial_controller.serial_handler SerialProcessor: unknown type 0x1b — skipping
10:41:42.642 [SerialProcessor ] INFO     serial_controller.serial_handler SerialProcessor: unknown type 0x1b — skipping
10:41:42.642 [SerialProcessor ] INFO     serial_controller.serial_handler SerialProcessor: unknown type 0x1b — skipping
10:41:42.667 [SerialProcessor ] INFO     serial_controller.serial_handler SerialProcessor: unknown type 0x1b — skipping
10:41:42.680 [SerialProcessor ] INFO     serial_controller.serial_handler SerialProcessor: unknown type 0x1b — skipping
10:41:42.681 [SerialProcessor ] INFO     serial_controller.serial_handler SerialProcessor: unknown type 0x1b — skipping
10:41:42.706 [SerialProcessor ] INFO     serial_controller.serial_handler SerialProcessor: unknown type 0x1b — skipping
10:41:42.707 [SerialProcessor ] INFO     serial_controller.serial_handler SerialProcessor: unknown type 0x1b — skipping
10:41:42.732 [SerialProcessor ] INFO     serial_controller.serial_handler SerialProcessor: unknown type 0x1b — skipping
10:41:42.732 [SerialProcessor ] INFO     serial_controller.serial_handler SerialProcessor: unknown type 0x1b — skipping
10:41:42.758 [SerialProcessor ] INFO     serial_controller.serial_handler SerialProcessor: unknown type 0x1b — skipping
10:41:42.759 [SerialProcessor ] INFO     serial_controller.serial_handler SerialProcessor: unknown type 0x1b — skipping
10:41:42.783 [SerialProcessor ] INFO     serial_controller.serial_handler SerialProcessor: unknown type 0x1b — skipping
10:41:42.796 [SerialProcessor ] INFO     serial_controller.serial_handler SerialProcessor: unknown type 0x1b — skipping
10:41:42.798 [SerialProcessor ] INFO     serial_controller.serial_handler SerialProcessor: unknown type 0x1b — skipping
10:41:42.822 [SerialProcessor ] INFO     serial_controller.serial_handler SerialProcessor: unknown type 0x1b — skipping
10:41:42.822 [SerialProcessor ] INFO     serial_controller.serial_handler SerialProcessor: unknown type 0x1b — skipping
10:41:42.847 [SerialProcessor ] INFO     serial_controller.serial_handler SerialProcessor: unknown type 0x1b — skipping
10:41:42.848 [SerialProcessor ] INFO     serial_controller.serial_handler SerialProcessor: unknown type 0x1b — skipping
10:41:42.873 [SerialProcessor ] INFO     serial_controller.serial_handler SerialProcessor: unknown type 0x1b — skipping
10:41:42.886 [SerialProcessor ] INFO     serial_controller.serial_handler SerialProcessor: unknown type 0x1b — skipping
10:41:42.886 [SerialProcessor ] INFO     serial_controller.serial_handler SerialProcessor: unknown type 0x1b — skipping
10:41:42.912 [SerialProcessor ] INFO     serial_controller.serial_handler SerialProcessor: unknown type 0x1b — skipping
10:41:42.912 [SerialProcessor ] INFO     serial_controller.serial_handler SerialProcessor: unknown type 0x1b — skipping
10:41:42.937 [SerialProcessor ] INFO     serial_controller.serial_handler SerialProcessor: unknown type 0x1b — skipping
10:41:42.938 [SerialProcessor ] INFO     serial_controller.serial_handler SerialProcessor: unknown type 0x1b — skipping
10:41:42.963 [SerialProcessor ] INFO     serial_controller.serial_handler SerialProcessor: unknown type 0x1b — skipping
10:41:42.964 [SerialProcessor ] INFO     serial_controller.serial_handler SerialProcessor: unknown type 0x1b — skipping
10:41:42.989 [SerialProcessor ] INFO     serial_controller.serial_handler SerialProcessor: unknown type 0x1b — skipping
10:41:43.002 [SerialProcessor ] INFO     serial_controller.serial_handler SerialProcessor: unknown type 0x1b — skipping
10:41:43.002 [SerialProcessor ] INFO     serial_controller.serial_handler SerialProcessor: unknown type 0x1b — skipping
10:41:43.028 [SerialProcessor ] INFO     serial_controller.serial_handler SerialProcessor: unknown type 0x1b — skipping
10:41:43.028 [SerialProcessor ] INFO     serial_controller.serial_handler SerialProcessor: unknown type 0x1b — skipping
10:41:43.053 [SerialProcessor ] INFO     serial_controller.serial_handler SerialProcessor: unknown type 0x1b — skipping
10:41:43.054 [SerialProcessor ] INFO     serial_controller.serial_handler SerialProcessor: unknown type 0x1b — skipping
10:41:43.079 [SerialProcessor ] INFO     serial_controller.serial_handler SerialProcessor: unknown type 0x1b — skipping
10:41:43.092 [SerialProcessor ] INFO     serial_controller.serial_handler SerialProcessor: unknown type 0x1b — skipping
10:41:43.093 [SerialProcessor ] INFO     serial_controller.serial_handler SerialProcessor: unknown type 0x1b — skipping
10:41:43.118 [SerialProcessor ] INFO     serial_controller.serial_handler SerialProcessor: unknown type 0x1b — skipping
10:41:43.119 [SerialProcessor ] INFO     serial_controller.serial_handler SerialProcessor: unknown type 0x1b — skipping
10:41:43.143 [SerialProcessor ] INFO     serial_controller.serial_handler SerialProcessor: unknown type 0x1b — skipping
10:41:43.144 [SerialProcessor ] INFO     serial_controller.serial_handler SerialProcessor: unknown type 0x1b — skipping
10:41:43.169 [SerialProcessor ] INFO     serial_controller.serial_handler SerialProcessor: unknown type 0x1b — skipping
10:41:43.170 [SerialProcessor ] INFO     serial_controller.serial_handler SerialProcessor: unknown type 0x1b — skipping
10:41:43.195 [SerialProcessor ] INFO     serial_controller.serial_handler SerialProcessor: unknown type 0x1b — skipping
10:41:43.208 [SerialProcessor ] INFO     serial_controller.serial_handler SerialProcessor: unknown type 0x1b — skipping
10:41:43.208 [SerialProcessor ] INFO     serial_controller.serial_handler SerialProcessor: unknown type 0x1b — skipping
10:41:43.234 [SerialProcessor ] INFO     serial_controller.serial_handler SerialProcessor: unknown type 0x1b — skipping
10:41:43.235 [SerialProcessor ] INFO     serial_controller.serial_handler SerialProcessor: unknown type 0x1b — skipping
10:41:43.259 [SerialProcessor ] INFO     serial_controller.serial_handler SerialProcessor: unknown type 0x1b — skipping
10:41:43.260 [SerialProcessor ] INFO     serial_controller.serial_handler SerialProcessor: unknown type 0x1b — skipping
10:41:43.286 [SerialProcessor ] INFO     serial_controller.serial_handler SerialProcessor: unknown type 0x1b — skipping
10:41:43.299 [SerialProcessor ] INFO     serial_controller.serial_handler SerialProcessor: unknown type 0x1b — skipping
10:41:43.300 [SerialProcessor ] INFO     serial_controller.serial_handler SerialProcessor: unknown type 0x1b — skipping
10:41:43.323 [SerialProcessor ] INFO     serial_controller.serial_handler SerialProcessor: unknown type 0x1b — skipping
10:41:43.324 [SerialProcessor ] INFO     serial_controller.serial_handler SerialProcessor: unknown type 0x1b — skipping
10:41:43.349 [SerialProcessor ] INFO     serial_controller.serial_handler SerialProcessor: unknown type 0x1b — skipping
10:41:43.350 [SerialProcessor ] INFO     serial_controller.serial_handler SerialProcessor: unknown type 0x1b — skipping
10:41:43.375 [SerialProcessor ] INFO     serial_controller.serial_handler SerialProcessor: unknown type 0x1b — skipping
10:41:43.375 [SerialProcessor ] INFO     serial_controller.serial_handler SerialProcessor: unknown type 0x1b — skipping
10:41:43.400 [SerialProcessor ] INFO     serial_controller.serial_handler SerialProcessor: unknown type 0x1b — skipping
10:41:43.413 [SerialProcessor ] INFO     serial_controller.serial_handler SerialProcessor: unknown type 0x1b — skipping
10:41:43.414 [SerialProcessor ] INFO     serial_controller.serial_handler SerialProcessor: unknown type 0x1b — skipping
10:41:43.439 [SerialProcessor ] INFO     serial_controller.serial_handler SerialProcessor: unknown type 0x1b — skipping
10:41:43.439 [SerialProcessor ] INFO     serial_controller.serial_handler SerialProcessor: unknown type 0x1b — skipping
10:41:43.465 [SerialProcessor ] INFO     serial_controller.serial_handler SerialProcessor: unknown type 0x1b — skipping
10:41:43.465 [SerialProcessor ] INFO     serial_controller.serial_handler SerialProcessor: unknown type 0x1b — skipping
10:41:43.491 [SerialProcessor ] INFO     serial_controller.serial_handler SerialProcessor: unknown type 0x1b — skipping
10:41:43.503 [SerialProcessor ] INFO     serial_controller.serial_handler SerialProcessor: unknown type 0x1b — skipping
10:41:43.504 [SerialProcessor ] INFO     serial_controller.serial_handler SerialProcessor: unknown type 0x1b — skipping
10:41:43.529 [SerialProcessor ] INFO     serial_controller.serial_handler SerialProcessor: unknown type 0x1b — skipping
10:41:43.529 [SerialProcessor ] INFO     serial_controller.serial_handler SerialProcessor: unknown type 0x1b — skipping
10:41:43.555 [SerialProcessor ] INFO     serial_controller.serial_handler SerialProcessor: unknown type 0x1b — skipping
10:41:43.555 [SerialProcessor ] INFO     serial_controller.serial_handler SerialProcessor: unknown type 0x1b — skipping
10:41:43.580 [SerialProcessor ] INFO     serial_controller.serial_handler SerialProcessor: unknown type 0x1b — skipping
10:41:43.581 [SerialProcessor ] INFO     serial_controller.serial_handler SerialProcessor: unknown type 0x1b — skipping
10:41:43.606 [SerialProcessor ] INFO     serial_controller.serial_handler SerialProcessor: unknown type 0x1b — skipping
10:41:43.619 [SerialProcessor ] INFO     serial_controller.serial_handler SerialProcessor: unknown type 0x1b — skipping
10:41:43.619 [SerialProcessor ] INFO     serial_controller.serial_handler SerialProcessor: unknown type 0x1b — skipping
10:41:43.645 [SerialProcessor ] INFO     serial_controller.serial_handler SerialProcessor: unknown type 0x1b — skipping
10:41:43.645 [SerialProcessor ] INFO     serial_controller.serial_handler SerialProcessor: unknown type 0x1b — skipping
10:41:43.671 [SerialProcessor ] INFO     serial_controller.serial_handler SerialProcessor: unknown type 0x1b — skipping
10:41:43.672 [SerialProcessor ] INFO     serial_controller.serial_handler SerialProcessor: unknown type 0x1b — skipping
10:41:43.696 [SerialProcessor ] INFO     serial_controller.serial_handler SerialProcessor: unknown type 0x1b — skipping
10:41:43.709 [SerialProcessor ] INFO     serial_controller.serial_handler SerialProcessor: unknown type 0x1b — skipping
10:41:43.709 [SerialProcessor ] INFO     serial_controller.serial_handler SerialProcessor: unknown type 0x1b — skipping
10:41:43.734 [SerialProcessor ] INFO     serial_controller.serial_handler SerialProcessor: unknown type 0x1b — skipping
10:41:43.735 [SerialProcessor ] INFO     serial_controller.serial_handler SerialProcessor: unknown type 0x1b — skipping
10:41:43.760 [SerialProcessor ] INFO     serial_controller.serial_handler SerialProcessor: unknown type 0x1b — skipping
10:41:43.761 [SerialProcessor ] INFO     serial_controller.serial_handler SerialProcessor: unknown type 0x1b — skipping
10:41:43.786 [SerialProcessor ] INFO     serial_controller.serial_handler SerialProcessor: unknown type 0x1b — skipping
10:41:43.786 [SerialProcessor ] INFO     serial_controller.serial_handler SerialProcessor: unknown type 0x1b — skipping
10:41:43.812 [SerialProcessor ] INFO     serial_controller.serial_handler SerialProcessor: unknown type 0x1b — skipping
10:41:43.825 [SerialProcessor ] INFO     serial_controller.serial_handler SerialProcessor: unknown type 0x1b — skipping
10:41:43.825 [SerialProcessor ] INFO     serial_controller.serial_handler SerialProcessor: unknown type 0x1b — skipping
10:41:43.851 [SerialProcessor ] INFO     serial_controller.serial_handler SerialProcessor: unknown type 0x1b — skipping
10:41:43.851 [SerialProcessor ] INFO     serial_controller.serial_handler SerialProcessor: unknown type 0x1b — skipping
10:41:43.876 [SerialProcessor ] INFO     serial_controller.serial_handler SerialProcessor: unknown type 0x1b — skipping
10:41:43.877 [SerialProcessor ] INFO     serial_controller.serial_handler SerialProcessor: unknown type 0x1b — skipping
10:41:43.902 [SerialProcessor ] INFO     serial_controller.serial_handler SerialProcessor: unknown type 0x1b — skipping
10:41:43.915 [SerialProcessor ] INFO     serial_controller.serial_handler SerialProcessor: unknown type 0x1b — skipping
10:41:43.915 [SerialProcessor ] INFO     serial_controller.serial_handler SerialProcessor: unknown type 0x1b — skipping
10:41:43.943 [SerialProcessor ] INFO     serial_controller.serial_handler SerialProcessor: unknown type 0x1b — skipping
10:41:43.946 [SerialProcessor ] INFO     serial_controller.serial_handler SerialProcessor: unknown type 0x1b — skipping
10:41:43.970 [SerialProcessor ] INFO     serial_controller.serial_handler SerialProcessor: unknown type 0x1b — skipping
10:41:43.986 [SerialProcessor ] INFO     serial_controller.serial_handler SerialProcessor: unknown type 0x1b — skipping
10:41:44.007 [SerialProcessor ] INFO     serial_controller.serial_handler SerialProcessor: unknown type 0x1b — skipping
10:41:44.022 [SerialProcessor ] INFO     serial_controller.serial_handler SerialProcessor: unknown type 0x1b — skipping
10:42:30.848 [Thread-1 (_run) ] INFO     serial_controller.serial_handler Scanning for STM32 on COM ports...
10:42:30.848 [MainThread      ] INFO     API.panel_sync               PanelStateSync: started.
10:42:30.849 [MainThread      ] INFO     __main__                     Controller started.
10:42:30.894 [Thread-1 (_run) ] INFO     serial_controller.serial_handler Found STM32 (DFRobot CH340, matched by description) on COM67 — 'USB-Enhanced-SERIAL-D CH344 (COM67)'
10:42:30.936 [Thread-1 (_run) ] INFO     serial_controller.serial_handler STM32 connected on COM67.
10:42:30.938 [SerialReader    ] INFO     serial_controller.serial_handler SerialReader: started.
10:42:30.938 [SerialProcessor ] INFO     serial_controller.serial_handler SerialProcessor: started.
10:42:30.953 [SerialProcessor ] INFO     serial_controller.serial_handler SerialProcessor: unknown type 0x1b — skipping
10:42:30.954 [SerialProcessor ] INFO     serial_controller.serial_handler SerialProcessor: unknown type 0x1b — skipping
10:42:30.978 [SerialProcessor ] INFO     serial_controller.serial_handler SerialProcessor: unknown type 0x1b — skipping
10:42:30.979 [SerialProcessor ] INFO     serial_controller.serial_handler SerialProcessor: unknown type 0x1b — skipping
10:42:31.004 [SerialProcessor ] INFO     serial_controller.serial_handler SerialProcessor: unknown type 0x1b — skipping
10:42:31.004 [SerialProcessor ] INFO     serial_controller.serial_handler SerialProcessor: unknown type 0x1b — skipping
10:42:31.030 [SerialProcessor ] INFO     serial_controller.serial_handler SerialProcessor: unknown type 0x1b — skipping
10:42:31.043 [SerialProcessor ] INFO     serial_controller.serial_handler SerialProcessor: unknown type 0x1b — skipping
10:42:31.044 [SerialProcessor ] INFO     serial_controller.serial_handler SerialProcessor: unknown type 0x1b — skipping
10:42:31.068 [SerialProcessor ] INFO     serial_controller.serial_handler SerialProcessor: unknown type 0x1b — skipping
10:42:31.069 [SerialProcessor ] INFO     serial_controller.serial_handler SerialProcessor: unknown type 0x1b — skipping
10:42:31.094 [SerialProcessor ] INFO     serial_controller.serial_handler SerialProcessor: unknown type 0x1b — skipping
10:42:31.095 [SerialProcessor ] INFO     serial_controller.serial_handler SerialProcessor: unknown type 0x1b — skipping
10:42:31.120 [SerialProcessor ] INFO     serial_controller.serial_handler SerialProcessor: unknown type 0x1b — skipping
10:42:31.133 [SerialProcessor ] INFO     serial_controller.serial_handler SerialProcessor: unknown type 0x1b — skipping
10:42:31.133 [SerialProcessor ] INFO     serial_controller.serial_handler SerialProcessor: unknown type 0x1b — skipping
10:42:31.158 [SerialProcessor ] INFO     serial_controller.serial_handler SerialProcessor: unknown type 0x1b — skipping
10:42:31.162 [SerialProcessor ] INFO     serial_controller.serial_handler SerialProcessor: unknown type 0x1b — skipping
10:42:31.184 [SerialProcessor ] INFO     serial_controller.serial_handler SerialProcessor: unknown type 0x1b — skipping
10:42:31.206 [SerialProcessor ] INFO     serial_controller.serial_handler SerialProcessor: unknown type 0x1b — skipping
10:42:31.210 [SerialProcessor ] INFO     serial_controller.serial_handler SerialProcessor: unknown type 0x1b — skipping
10:42:31.221 [SerialProcessor ] INFO     serial_controller.serial_handler SerialProcessor: unknown type 0x1b — skipping
10:42:31.247 [SerialProcessor ] INFO     serial_controller.serial_handler SerialProcessor: unknown type 0x1b — skipping
10:42:31.248 [SerialProcessor ] INFO     serial_controller.serial_handler SerialProcessor: unknown type 0x1b — skipping
10:42:31.274 [SerialProcessor ] INFO     serial_controller.serial_handler SerialProcessor: unknown type 0x1b — skipping
10:42:31.301 [SerialProcessor ] INFO     serial_controller.serial_handler SerialProcessor: unknown type 0x1b — skipping
10:42:31.316 [SerialProcessor ] INFO     serial_controller.serial_handler SerialProcessor: unknown type 0x1b — skipping
10:42:31.318 [SerialProcessor ] INFO     serial_controller.serial_handler SerialProcessor: unknown type 0x1b — skipping
10:42:31.318 [SerialProcessor ] INFO     serial_controller.serial_handler SerialProcessor: unknown type 0x1b — skipping
10:42:31.326 [SerialProcessor ] INFO     serial_controller.serial_handler SerialProcessor: unknown type 0x1b — skipping
10:42:31.338 [SerialProcessor ] INFO     serial_controller.serial_handler SerialProcessor: unknown type 0x1b — skipping
10:42:31.354 [SerialProcessor ] INFO     serial_controller.serial_handler SerialProcessor: unknown type 0x1b — skipping
10:42:31.364 [SerialProcessor ] INFO     serial_controller.serial_handler SerialProcessor: unknown type 0x1b — skipping
10:42:31.365 [SerialProcessor ] INFO     serial_controller.serial_handler SerialProcessor: unknown type 0x1b — skipping
10:42:31.390 [SerialProcessor ] INFO     serial_controller.serial_handler SerialProcessor: unknown type 0x1b — skipping
10:42:31.390 [SerialProcessor ] INFO     serial_controller.serial_handler SerialProcessor: unknown type 0x1b — skipping
10:42:31.415 [SerialProcessor ] INFO     serial_controller.serial_handler SerialProcessor: unknown type 0x1b — skipping
10:42:31.417 [SerialProcessor ] INFO     serial_controller.serial_handler SerialProcessor: unknown type 0x1b — skipping
10:42:31.441 [SerialProcessor ] INFO     serial_controller.serial_handler SerialProcessor: unknown type 0x1b — skipping
10:42:31.454 [SerialProcessor ] INFO     serial_controller.serial_handler SerialProcessor: unknown type 0x1b — skipping
10:42:31.454 [SerialProcessor ] INFO     serial_controller.serial_handler SerialProcessor: unknown type 0x1b — skipping
10:42:31.480 [SerialProcessor ] INFO     serial_controller.serial_handler SerialProcessor: unknown type 0x1b — skipping
10:42:31.485 [SerialProcessor ] INFO     serial_controller.serial_handler SerialProcessor: unknown type 0x1b — skipping
10:42:31.505 [SerialProcessor ] INFO     serial_controller.serial_handler SerialProcessor: unknown type 0x1b — skipping
10:42:31.506 [SerialProcessor ] INFO     serial_controller.serial_handler SerialProcessor: unknown type 0x1b — skipping
10:42:31.531 [SerialProcessor ] INFO     serial_controller.serial_handler SerialProcessor: unknown type 0x1b — skipping
10:42:31.544 [SerialProcessor ] INFO     serial_controller.serial_handler SerialProcessor: unknown type 0x1b — skipping
10:42:31.544 [SerialProcessor ] INFO     serial_controller.serial_handler SerialProcessor: unknown type 0x1b — skipping
10:42:31.570 [SerialProcessor ] INFO     serial_controller.serial_handler SerialProcessor: unknown type 0x1b — skipping
10:42:31.570 [SerialProcessor ] INFO     serial_controller.serial_handler SerialProcessor: unknown type 0x1b — skipping
10:42:31.596 [SerialProcessor ] INFO     serial_controller.serial_handler SerialProcessor: unknown type 0x1b — skipping
10:42:31.596 [SerialProcessor ] INFO     serial_controller.serial_handler SerialProcessor: unknown type 0x1b — skipping
10:42:31.621 [SerialProcessor ] INFO     serial_controller.serial_handler SerialProcessor: unknown type 0x1b — skipping
10:42:31.621 [SerialProcessor ] INFO     serial_controller.serial_handler SerialProcessor: unknown type 0x1b — skipping
10:42:31.647 [SerialProcessor ] INFO     serial_controller.serial_handler SerialProcessor: unknown type 0x1b — skipping
10:42:31.660 [SerialProcessor ] INFO     serial_controller.serial_handler SerialProcessor: unknown type 0x1b — skipping
10:42:31.660 [SerialProcessor ] INFO     serial_controller.serial_handler SerialProcessor: unknown type 0x1b — skipping
10:42:31.685 [SerialProcessor ] INFO     serial_controller.serial_handler SerialProcessor: unknown type 0x1b — skipping
10:42:31.686 [SerialProcessor ] INFO     serial_controller.serial_handler SerialProcessor: unknown type 0x1b — skipping
10:42:31.711 [SerialProcessor ] INFO     serial_controller.serial_handler SerialProcessor: unknown type 0x1b — skipping
10:42:31.711 [SerialProcessor ] INFO     serial_controller.serial_handler SerialProcessor: unknown type 0x1b — skipping
10:42:31.737 [SerialProcessor ] INFO     serial_controller.serial_handler SerialProcessor: unknown type 0x1b — skipping
10:42:31.750 [SerialProcessor ] INFO     serial_controller.serial_handler SerialProcessor: unknown type 0x1b — skipping
10:42:31.750 [SerialProcessor ] INFO     serial_controller.serial_handler SerialProcessor: unknown type 0x1b — skipping
10:42:31.775 [SerialProcessor ] INFO     serial_controller.serial_handler SerialProcessor: unknown type 0x1b — skipping
10:42:31.776 [SerialProcessor ] INFO     serial_controller.serial_handler SerialProcessor: unknown type 0x1b — skipping
10:42:31.801 [SerialProcessor ] INFO     serial_controller.serial_handler SerialProcessor: unknown type 0x1b — skipping
10:42:31.804 [SerialProcessor ] INFO     serial_controller.serial_handler SerialProcessor: unknown type 0x1b — skipping
10:42:31.827 [SerialProcessor ] INFO     serial_controller.serial_handler SerialProcessor: unknown type 0x1b — skipping
10:42:31.839 [SerialProcessor ] INFO     serial_controller.serial_handler SerialProcessor: unknown type 0x1b — skipping
10:42:31.852 [SerialProcessor ] INFO     serial_controller.serial_handler SerialProcessor: unknown type 0x1b — skipping
10:42:31.865 [SerialProcessor ] INFO     serial_controller.serial_handler SerialProcessor: unknown type 0x1b — skipping
10:42:31.866 [SerialProcessor ] INFO     serial_controller.serial_handler SerialProcessor: unknown type 0x1b — skipping
10:42:31.891 [SerialProcessor ] INFO     serial_controller.serial_handler SerialProcessor: unknown type 0x1b — skipping
10:42:31.894 [SerialProcessor ] INFO     serial_controller.serial_handler SerialProcessor: unknown type 0x1b — skipping
10:42:31.917 [SerialProcessor ] INFO     serial_controller.serial_handler SerialProcessor: unknown type 0x1b — skipping
10:42:31.917 [SerialProcessor ] INFO     serial_controller.serial_handler SerialProcessor: unknown type 0x1b — skipping
10:42:31.942 [SerialProcessor ] INFO     serial_controller.serial_handler SerialProcessor: unknown type 0x1b — skipping
10:42:31.958 [SerialProcessor ] INFO     serial_controller.serial_handler SerialProcessor: unknown type 0x1b — skipping
10:42:31.960 [SerialProcessor ] INFO     serial_controller.serial_handler SerialProcessor: unknown type 0x1b — skipping
10:42:31.981 [SerialProcessor ] INFO     serial_controller.serial_handler SerialProcessor: unknown type 0x1b — skipping
10:42:31.982 [SerialProcessor ] INFO     serial_controller.serial_handler SerialProcessor: unknown type 0x1b — skipping
10:42:32.007 [SerialProcessor ] INFO     serial_controller.serial_handler SerialProcessor: unknown type 0x1b — skipping
10:42:32.007 [SerialProcessor ] INFO     serial_controller.serial_handler SerialProcessor: unknown type 0x1b — skipping
10:42:32.032 [SerialProcessor ] INFO     serial_controller.serial_handler SerialProcessor: unknown type 0x1b — skipping
10:42:32.033 [SerialProcessor ] INFO     serial_controller.serial_handler SerialProcessor: unknown type 0x1b — skipping
10:42:32.058 [SerialProcessor ] INFO     serial_controller.serial_handler SerialProcessor: unknown type 0x1b — skipping
10:42:32.071 [SerialProcessor ] INFO     serial_controller.serial_handler SerialProcessor: unknown type 0x1b — skipping
10:42:32.071 [SerialProcessor ] INFO     serial_controller.serial_handler SerialProcessor: unknown type 0x1b — skipping
10:42:32.097 [SerialProcessor ] INFO     serial_controller.serial_handler SerialProcessor: unknown type 0x1b — skipping
10:42:32.097 [SerialProcessor ] INFO     serial_controller.serial_handler SerialProcessor: unknown type 0x1b — skipping
10:42:32.122 [SerialProcessor ] INFO     serial_controller.serial_handler SerialProcessor: unknown type 0x1b — skipping
10:42:32.123 [SerialProcessor ] INFO     serial_controller.serial_handler SerialProcessor: unknown type 0x1b — skipping
10:42:32.148 [SerialProcessor ] INFO     serial_controller.serial_handler SerialProcessor: unknown type 0x1b — skipping
10:42:32.161 [SerialProcessor ] INFO     serial_controller.serial_handler SerialProcessor: unknown type 0x1b — skipping
10:42:32.161 [SerialProcessor ] INFO     serial_controller.serial_handler SerialProcessor: unknown type 0x1b — skipping
10:42:32.186 [SerialProcessor ] INFO     serial_controller.serial_handler SerialProcessor: unknown type 0x1b — skipping
10:42:32.187 [SerialProcessor ] INFO     serial_controller.serial_handler SerialProcessor: unknown type 0x1b — skipping
10:42:32.212 [SerialProcessor ] INFO     serial_controller.serial_handler SerialProcessor: unknown type 0x1b — skipping
10:42:32.212 [SerialProcessor ] INFO     serial_controller.serial_handler SerialProcessor: unknown type 0x1b — skipping
10:42:32.238 [SerialProcessor ] INFO     serial_controller.serial_handler SerialProcessor: unknown type 0x1b — skipping
10:42:32.239 [SerialProcessor ] INFO     serial_controller.serial_handler SerialProcessor: unknown type 0x1b — skipping
10:42:32.264 [SerialProcessor ] INFO     serial_controller.serial_handler SerialProcessor: unknown type 0x1b — skipping
10:42:32.276 [SerialProcessor ] INFO     serial_controller.serial_handler SerialProcessor: unknown type 0x1b — skipping
10:42:32.277 [SerialProcessor ] INFO     serial_controller.serial_handler SerialProcessor: unknown type 0x1b — skipping
10:42:32.302 [SerialProcessor ] INFO     serial_controller.serial_handler SerialProcessor: unknown type 0x1b — skipping
10:42:32.302 [SerialProcessor ] INFO     serial_controller.serial_handler SerialProcessor: unknown type 0x1b — skipping
10:42:32.328 [SerialProcessor ] INFO     serial_controller.serial_handler SerialProcessor: unknown type 0x1b — skipping
10:42:32.328 [SerialProcessor ] INFO     serial_controller.serial_handler SerialProcessor: unknown type 0x1b — skipping
10:42:32.355 [SerialProcessor ] INFO     serial_controller.serial_handler SerialProcessor: unknown type 0x1b — skipping
10:42:32.366 [SerialProcessor ] INFO     serial_controller.serial_handler SerialProcessor: unknown type 0x1b — skipping
10:42:32.367 [SerialProcessor ] INFO     serial_controller.serial_handler SerialProcessor: unknown type 0x1b — skipping
10:42:32.392 [SerialProcessor ] INFO     serial_controller.serial_handler SerialProcessor: unknown type 0x1b — skipping
10:42:32.392 [SerialProcessor ] INFO     serial_controller.serial_handler SerialProcessor: unknown type 0x1b — skipping
10:42:32.418 [SerialProcessor ] INFO     serial_controller.serial_handler SerialProcessor: unknown type 0x1b — skipping
10:42:32.418 [SerialProcessor ] INFO     serial_controller.serial_handler SerialProcessor: unknown type 0x1b — skipping
10:42:32.444 [SerialProcessor ] INFO     serial_controller.serial_handler SerialProcessor: unknown type 0x1b — skipping
10:42:32.444 [SerialProcessor ] INFO     serial_controller.serial_handler SerialProcessor: unknown type 0x1b — skipping
10:42:32.469 [SerialProcessor ] INFO     serial_controller.serial_handler SerialProcessor: unknown type 0x1b — skipping
10:42:32.482 [SerialProcessor ] INFO     serial_controller.serial_handler SerialProcessor: unknown type 0x1b — skipping
10:42:32.483 [SerialProcessor ] INFO     serial_controller.serial_handler SerialProcessor: unknown type 0x1b — skipping
10:42:32.508 [SerialProcessor ] INFO     serial_controller.serial_handler SerialProcessor: unknown type 0x1b — skipping
10:42:32.508 [SerialProcessor ] INFO     serial_controller.serial_handler SerialProcessor: unknown type 0x1b — skipping
10:42:32.534 [SerialProcessor ] INFO     serial_controller.serial_handler SerialProcessor: unknown type 0x1b — skipping
10:42:32.534 [SerialProcessor ] INFO     serial_controller.serial_handler SerialProcessor: unknown type 0x1b — skipping
10:42:32.559 [SerialProcessor ] INFO     serial_controller.serial_handler SerialProcessor: unknown type 0x1b — skipping
10:42:32.572 [SerialProcessor ] INFO     serial_controller.serial_handler SerialProcessor: unknown type 0x1b — skipping
10:42:32.572 [SerialProcessor ] INFO     serial_controller.serial_handler SerialProcessor: unknown type 0x1b — skipping
10:42:32.598 [SerialProcessor ] INFO     serial_controller.serial_handler SerialProcessor: unknown type 0x1b — skipping
10:42:32.598 [SerialProcessor ] INFO     serial_controller.serial_handler SerialProcessor: unknown type 0x1b — skipping
10:42:32.623 [SerialProcessor ] INFO     serial_controller.serial_handler SerialProcessor: unknown type 0x1b — skipping
10:42:32.624 [SerialProcessor ] INFO     serial_controller.serial_handler SerialProcessor: unknown type 0x1b — skipping
10:42:32.649 [SerialProcessor ] INFO     serial_controller.serial_handler SerialProcessor: unknown type 0x1b — skipping
10:42:32.649 [SerialProcessor ] INFO     serial_controller.serial_handler SerialProcessor: unknown type 0x1b — skipping
10:42:32.675 [SerialProcessor ] INFO     serial_controller.serial_handler SerialProcessor: unknown type 0x1b — skipping
10:42:32.688 [SerialProcessor ] INFO     serial_controller.serial_handler SerialProcessor: unknown type 0x1b — skipping
10:42:32.688 [SerialProcessor ] INFO     serial_controller.serial_handler SerialProcessor: unknown type 0x1b — skipping
10:42:32.713 [SerialProcessor ] INFO     serial_controller.serial_handler SerialProcessor: unknown type 0x1b — skipping
10:42:32.714 [SerialProcessor ] INFO     serial_controller.serial_handler SerialProcessor: unknown type 0x1b — skipping
10:42:32.739 [SerialProcessor ] INFO     serial_controller.serial_handler SerialProcessor: unknown type 0x1b — skipping
10:42:32.739 [SerialProcessor ] INFO     serial_controller.serial_handler SerialProcessor: unknown type 0x1b — skipping
10:42:32.765 [SerialProcessor ] INFO     serial_controller.serial_handler SerialProcessor: unknown type 0x1b — skipping
10:42:32.777 [SerialProcessor ] INFO     serial_controller.serial_handler SerialProcessor: unknown type 0x1b — skipping
10:42:32.778 [SerialProcessor ] INFO     serial_controller.serial_handler SerialProcessor: unknown type 0x1b — skipping
10:42:32.803 [SerialProcessor ] INFO     serial_controller.serial_handler SerialProcessor: unknown type 0x1b — skipping
10:42:32.804 [SerialProcessor ] INFO     serial_controller.serial_handler SerialProcessor: unknown type 0x1b — skipping
10:42:32.829 [SerialProcessor ] INFO     serial_controller.serial_handler SerialProcessor: unknown type 0x1b — skipping
10:42:32.829 [SerialProcessor ] INFO     serial_controller.serial_handler SerialProcessor: unknown type 0x1b — skipping
10:42:32.855 [SerialProcessor ] INFO     serial_controller.serial_handler SerialProcessor: unknown type 0x1b — skipping
10:42:32.855 [SerialProcessor ] INFO     serial_controller.serial_handler SerialProcessor: unknown type 0x1b — skipping
10:42:32.880 [SerialProcessor ] INFO     serial_controller.serial_handler SerialProcessor: unknown type 0x1b — skipping
10:42:32.893 [SerialProcessor ] INFO     serial_controller.serial_handler SerialProcessor: unknown type 0x1b — skipping
10:42:32.894 [SerialProcessor ] INFO     serial_controller.serial_handler SerialProcessor: unknown type 0x1b — skipping
10:42:32.919 [SerialProcessor ] INFO     serial_controller.serial_handler SerialProcessor: unknown type 0x1b — skipping
10:42:32.919 [SerialProcessor ] INFO     serial_controller.serial_handler SerialProcessor: unknown type 0x1b — skipping
10:42:32.945 [SerialProcessor ] INFO     serial_controller.serial_handler SerialProcessor: unknown type 0x1b — skipping
10:42:32.945 [SerialProcessor ] INFO     serial_controller.serial_handler SerialProcessor: unknown type 0x1b — skipping
10:42:32.970 [SerialProcessor ] INFO     serial_controller.serial_handler SerialProcessor: unknown type 0x1b — skipping
10:42:32.983 [SerialProcessor ] INFO     serial_controller.serial_handler SerialProcessor: unknown type 0x1b — skipping
10:42:32.984 [SerialProcessor ] INFO     serial_controller.serial_handler SerialProcessor: unknown type 0x1b — skipping
10:42:33.009 [SerialProcessor ] INFO     serial_controller.serial_handler SerialProcessor: unknown type 0x1b — skipping
10:42:33.009 [SerialProcessor ] INFO     serial_controller.serial_handler SerialProcessor: unknown type 0x1b — skipping
10:42:33.035 [SerialProcessor ] INFO     serial_controller.serial_handler SerialProcessor: unknown type 0x1b — skipping
10:42:33.035 [SerialProcessor ] INFO     serial_controller.serial_handler SerialProcessor: unknown type 0x1b — skipping
10:42:33.061 [SerialProcessor ] INFO     serial_controller.serial_handler SerialProcessor: unknown type 0x1b — skipping
10:42:33.061 [SerialProcessor ] INFO     serial_controller.serial_handler SerialProcessor: unknown type 0x1b — skipping
10:42:33.086 [SerialProcessor ] INFO     serial_controller.serial_handler SerialProcessor: unknown type 0x1b — skipping
10:42:33.099 [SerialProcessor ] INFO     serial_controller.serial_handler SerialProcessor: unknown type 0x1b — skipping
10:42:33.099 [SerialProcessor ] INFO     serial_controller.serial_handler SerialProcessor: unknown type 0x1b — skipping
10:42:33.125 [SerialProcessor ] INFO     serial_controller.serial_handler SerialProcessor: unknown type 0x1b — skipping
10:42:33.125 [SerialProcessor ] INFO     serial_controller.serial_handler SerialProcessor: unknown type 0x1b — skipping
10:42:33.151 [SerialProcessor ] INFO     serial_controller.serial_handler SerialProcessor: unknown type 0x1b — skipping
10:42:33.151 [SerialProcessor ] INFO     serial_controller.serial_handler SerialProcessor: unknown type 0x1b — skipping
10:42:33.176 [SerialProcessor ] INFO     serial_controller.serial_handler SerialProcessor: unknown type 0x1b — skipping
10:42:33.189 [SerialProcessor ] INFO     serial_controller.serial_handler SerialProcessor: unknown type 0x1b — skipping
10:42:33.189 [SerialProcessor ] INFO     serial_controller.serial_handler SerialProcessor: unknown type 0x1b — skipping
10:42:33.215 [SerialProcessor ] INFO     serial_controller.serial_handler SerialProcessor: unknown type 0x1b — skipping
10:42:33.215 [SerialProcessor ] INFO     serial_controller.serial_handler SerialProcessor: unknown type 0x1b — skipping
10:42:33.241 [SerialProcessor ] INFO     serial_controller.serial_handler SerialProcessor: unknown type 0x1b — skipping
10:42:33.241 [SerialProcessor ] INFO     serial_controller.serial_handler SerialProcessor: unknown type 0x1b — skipping
10:42:33.266 [SerialProcessor ] INFO     serial_controller.serial_handler SerialProcessor: unknown type 0x1b — skipping
10:42:33.283 [SerialProcessor ] INFO     serial_controller.serial_handler SerialProcessor: unknown type 0x1b — skipping
10:42:33.292 [SerialProcessor ] INFO     serial_controller.serial_handler SerialProcessor: unknown type 0x1b — skipping
10:42:33.306 [SerialProcessor ] INFO     serial_controller.serial_handler SerialProcessor: unknown type 0x1b — skipping
10:42:33.313 [SerialProcessor ] INFO     serial_controller.serial_handler SerialProcessor: unknown type 0x1b — skipping
10:42:33.330 [SerialProcessor ] INFO     serial_controller.serial_handler SerialProcessor: unknown type 0x1b — skipping
10:42:33.331 [SerialProcessor ] INFO     serial_controller.serial_handler SerialProcessor: unknown type 0x1b — skipping
10:42:33.357 [SerialProcessor ] INFO     serial_controller.serial_handler SerialProcessor: unknown type 0x1b — skipping
10:42:33.371 [SerialProcessor ] INFO     serial_controller.serial_handler SerialProcessor: unknown type 0x1b — skipping
10:42:33.387 [SerialProcessor ] INFO     serial_controller.serial_handler SerialProcessor: unknown type 0x1b — skipping
10:42:33.399 [SerialProcessor ] INFO     serial_controller.serial_handler SerialProcessor: unknown type 0x1b — skipping
10:42:33.400 [SerialProcessor ] INFO     serial_controller.serial_handler SerialProcessor: unknown type 0x1b — skipping
10:42:33.420 [SerialProcessor ] INFO     serial_controller.serial_handler SerialProcessor: unknown type 0x1b — skipping
10:42:33.421 [SerialProcessor ] INFO     serial_controller.serial_handler SerialProcessor: unknown type 0x1b — skipping
10:42:33.446 [SerialProcessor ] INFO     serial_controller.serial_handler SerialProcessor: unknown type 0x1b — skipping
10:42:33.452 [SerialProcessor ] INFO     serial_controller.serial_handler SerialProcessor: unknown type 0x1b — skipping
10:42:33.472 [SerialProcessor ] INFO     serial_controller.serial_handler SerialProcessor: unknown type 0x1b — skipping
10:42:33.482 [SerialProcessor ] INFO     serial_controller.serial_handler SerialProcessor: unknown type 0x1b — skipping
10:42:33.498 [SerialProcessor ] INFO     serial_controller.serial_handler SerialProcessor: unknown type 0x1b — skipping
10:42:33.511 [SerialProcessor ] INFO     serial_controller.serial_handler SerialProcessor: unknown type 0x1b — skipping
10:42:33.535 [SerialProcessor ] INFO     serial_controller.serial_handler SerialProcessor: unknown type 0x1b — skipping
10:42:33.536 [SerialProcessor ] INFO     serial_controller.serial_handler SerialProcessor: unknown type 0x1b — skipping
10:42:33.538 [SerialProcessor ] INFO     serial_controller.serial_handler SerialProcessor: unknown type 0x1b — skipping
10:42:33.562 [SerialProcessor ] INFO     serial_controller.serial_handler SerialProcessor: unknown type 0x1b — skipping
10:42:33.565 [SerialProcessor ] INFO     serial_controller.serial_handler SerialProcessor: unknown type 0x1b — skipping
10:42:33.588 [SerialProcessor ] INFO     serial_controller.serial_handler SerialProcessor: unknown type 0x1b — skipping
10:42:33.601 [SerialProcessor ] INFO     serial_controller.serial_handler SerialProcessor: unknown type 0x1b — skipping
10:42:33.603 [SerialProcessor ] INFO     serial_controller.serial_handler SerialProcessor: unknown type 0x1b — skipping
10:42:33.626 [SerialProcessor ] INFO     serial_controller.serial_handler SerialProcessor: unknown type 0x1b — skipping
10:42:33.710 [SerialProcessor ] INFO     serial_controller.serial_handler SerialProcessor: unknown type 0x1b — skipping
10:42:33.714 [SerialProcessor ] INFO     serial_controller.serial_handler SerialProcessor: unknown type 0x1b — skipping
10:42:33.715 [SerialProcessor ] INFO     serial_controller.serial_handler SerialProcessor: unknown type 0x1b — skipping
10:42:33.715 [SerialProcessor ] INFO     serial_controller.serial_handler SerialProcessor: unknown type 0x1b — skipping
10:42:33.715 [SerialProcessor ] INFO     serial_controller.serial_handler SerialProcessor: unknown type 0x1b — skipping
10:42:33.716 [SerialProcessor ] INFO     serial_controller.serial_handler SerialProcessor: unknown type 0x1b — skipping
10:42:33.716 [SerialProcessor ] INFO     serial_controller.serial_handler SerialProcessor: unknown type 0x1b — skipping
10:42:33.716 [SerialProcessor ] INFO     serial_controller.serial_handler SerialProcessor: unknown type 0x1b — skipping
10:42:33.742 [SerialProcessor ] INFO     serial_controller.serial_handler SerialProcessor: unknown type 0x1b — skipping
10:42:33.743 [SerialProcessor ] INFO     serial_controller.serial_handler SerialProcessor: unknown type 0x1b — skipping
10:42:33.768 [SerialProcessor ] INFO     serial_controller.serial_handler SerialProcessor: unknown type 0x1b — skipping
10:42:33.768 [SerialProcessor ] INFO     serial_controller.serial_handler SerialProcessor: unknown type 0x1b — skipping
10:42:33.795 [SerialProcessor ] INFO     serial_controller.serial_handler SerialProcessor: unknown type 0x1b — skipping
10:42:33.806 [SerialProcessor ] INFO     serial_controller.serial_handler SerialProcessor: unknown type 0x1b — skipping
10:42:33.807 [SerialProcessor ] INFO     serial_controller.serial_handler SerialProcessor: unknown type 0x1b — skipping
10:42:33.832 [SerialProcessor ] INFO     serial_controller.serial_handler SerialProcessor: unknown type 0x1b — skipping
10:42:33.832 [SerialProcessor ] INFO     serial_controller.serial_handler SerialProcessor: unknown type 0x1b — skipping
10:42:33.858 [SerialProcessor ] INFO     serial_controller.serial_handler SerialProcessor: unknown type 0x1b — skipping
10:42:33.858 [SerialProcessor ] INFO     serial_controller.serial_handler SerialProcessor: unknown type 0x1b — skipping
10:42:33.883 [SerialProcessor ] INFO     serial_controller.serial_handler SerialProcessor: unknown type 0x1b — skipping
10:42:33.884 [SerialProcessor ] INFO     serial_controller.serial_handler SerialProcessor: unknown type 0x1b — skipping
10:42:33.909 [SerialProcessor ] INFO     serial_controller.serial_handler SerialProcessor: unknown type 0x1b — skipping
10:42:33.922 [SerialProcessor ] INFO     serial_controller.serial_handler SerialProcessor: unknown type 0x1b — skipping
10:42:33.922 [SerialProcessor ] INFO     serial_controller.serial_handler SerialProcessor: unknown type 0x1b — skipping
10:42:33.948 [SerialProcessor ] INFO     serial_controller.serial_handler SerialProcessor: unknown type 0x1b — skipping
10:42:33.948 [SerialProcessor ] INFO     serial_controller.serial_handler SerialProcessor: unknown type 0x1b — skipping
10:42:33.973 [SerialProcessor ] INFO     serial_controller.serial_handler SerialProcessor: unknown type 0x1b — skipping
10:42:33.974 [SerialProcessor ] INFO     serial_controller.serial_handler SerialProcessor: unknown type 0x1b — skipping
10:42:33.999 [SerialProcessor ] INFO     serial_controller.serial_handler SerialProcessor: unknown type 0x1b — skipping
10:42:34.012 [SerialProcessor ] INFO     serial_controller.serial_handler SerialProcessor: unknown type 0x1b — skipping
10:42:34.012 [SerialProcessor ] INFO     serial_controller.serial_handler SerialProcessor: unknown type 0x1b — skipping
10:42:34.039 [SerialProcessor ] INFO     serial_controller.serial_handler SerialProcessor: unknown type 0x1b — skipping
10:42:34.039 [SerialProcessor ] INFO     serial_controller.serial_handler SerialProcessor: unknown type 0x1b — skipping
10:42:34.063 [SerialProcessor ] INFO     serial_controller.serial_handler SerialProcessor: unknown type 0x1b — skipping
10:42:34.065 [SerialProcessor ] INFO     serial_controller.serial_handler SerialProcessor: unknown type 0x1b — skipping
10:42:34.089 [SerialProcessor ] INFO     serial_controller.serial_handler SerialProcessor: unknown type 0x1b — skipping
10:42:34.090 [SerialProcessor ] INFO     serial_controller.serial_handler SerialProcessor: unknown type 0x1b — skipping
10:42:34.115 [SerialProcessor ] INFO     serial_controller.serial_handler SerialProcessor: unknown type 0x1b — skipping
10:42:34.128 [SerialProcessor ] INFO     serial_controller.serial_handler SerialProcessor: unknown type 0x1b — skipping
10:42:34.128 [SerialProcessor ] INFO     serial_controller.serial_handler SerialProcessor: unknown type 0x1b — skipping
10:42:34.153 [SerialProcessor ] INFO     serial_controller.serial_handler SerialProcessor: unknown type 0x1b — skipping
10:42:34.157 [SerialProcessor ] INFO     serial_controller.serial_handler SerialProcessor: unknown type 0x1b — skipping
10:42:34.179 [SerialProcessor ] INFO     serial_controller.serial_handler SerialProcessor: unknown type 0x1b — skipping
10:42:34.180 [SerialProcessor ] INFO     serial_controller.serial_handler SerialProcessor: unknown type 0x1b — skipping
10:42:34.205 [SerialProcessor ] INFO     serial_controller.serial_handler SerialProcessor: unknown type 0x1b — skipping
10:42:34.218 [SerialProcessor ] INFO     serial_controller.serial_handler SerialProcessor: unknown type 0x1b — skipping
10:42:34.218 [SerialProcessor ] INFO     serial_controller.serial_handler SerialProcessor: unknown type 0x1b — skipping
10:42:34.243 [SerialProcessor ] INFO     serial_controller.serial_handler SerialProcessor: unknown type 0x1b — skipping
10:42:34.244 [SerialProcessor ] INFO     serial_controller.serial_handler SerialProcessor: unknown type 0x1b — skipping
10:42:34.269 [SerialProcessor ] INFO     serial_controller.serial_handler SerialProcessor: unknown type 0x1b — skipping
10:42:34.269 [SerialProcessor ] INFO     serial_controller.serial_handler SerialProcessor: unknown type 0x1b — skipping
10:42:34.295 [SerialProcessor ] INFO     serial_controller.serial_handler SerialProcessor: unknown type 0x1b — skipping
10:42:34.295 [SerialProcessor ] INFO     serial_controller.serial_handler SerialProcessor: unknown type 0x1b — skipping
10:42:34.321 [SerialProcessor ] INFO     serial_controller.serial_handler SerialProcessor: unknown type 0x1b — skipping
10:42:34.358 [SerialProcessor ] INFO     serial_controller.serial_handler SerialProcessor: unknown type 0x1b — skipping
10:42:34.369 [SerialProcessor ] INFO     serial_controller.serial_handler SerialProcessor: unknown type 0x1b — skipping
10:42:34.370 [SerialProcessor ] INFO     serial_controller.serial_handler SerialProcessor: unknown type 0x1b — skipping
10:42:34.371 [SerialProcessor ] INFO     serial_controller.serial_handler SerialProcessor: unknown type 0x1b — skipping
10:42:34.385 [SerialProcessor ] INFO     serial_controller.serial_handler SerialProcessor: unknown type 0x1b — skipping
10:42:34.386 [SerialProcessor ] INFO     serial_controller.serial_handler SerialProcessor: unknown type 0x1b — skipping
10:42:34.410 [SerialProcessor ] INFO     serial_controller.serial_handler SerialProcessor: unknown type 0x1b — skipping
10:42:34.424 [SerialProcessor ] INFO     serial_controller.serial_handler SerialProcessor: unknown type 0x1b — skipping
10:42:34.424 [SerialProcessor ] INFO     serial_controller.serial_handler SerialProcessor: unknown type 0x1b — skipping
10:42:34.449 [SerialProcessor ] INFO     serial_controller.serial_handler SerialProcessor: unknown type 0x1b — skipping
10:42:34.449 [SerialProcessor ] INFO     serial_controller.serial_handler SerialProcessor: unknown type 0x1b — skipping
10:42:34.484 [SerialProcessor ] INFO     serial_controller.serial_handler SerialProcessor: unknown type 0x1b — skipping
10:42:34.497 [SerialProcessor ] INFO     serial_controller.serial_handler SerialProcessor: unknown type 0x1b — skipping
10:42:34.501 [SerialProcessor ] INFO     serial_controller.serial_handler SerialProcessor: unknown type 0x1b — skipping
10:42:34.501 [SerialProcessor ] INFO     serial_controller.serial_handler SerialProcessor: unknown type 0x1b — skipping
10:42:34.526 [SerialProcessor ] INFO     serial_controller.serial_handler SerialProcessor: unknown type 0x1b — skipping
10:42:34.539 [SerialProcessor ] INFO     serial_controller.serial_handler SerialProcessor: unknown type 0x1b — skipping
10:42:34.539 [SerialProcessor ] INFO     serial_controller.serial_handler SerialProcessor: unknown type 0x1b — skipping
10:42:34.565 [SerialProcessor ] INFO     serial_controller.serial_handler SerialProcessor: unknown type 0x1b — skipping
10:42:34.565 [SerialProcessor ] INFO     serial_controller.serial_handler SerialProcessor: unknown type 0x1b — skipping
10:42:34.590 [SerialProcessor ] INFO     serial_controller.serial_handler SerialProcessor: unknown type 0x1b — skipping
10:42:34.591 [SerialProcessor ] INFO     serial_controller.serial_handler SerialProcessor: unknown type 0x1b — skipping
10:42:34.616 [SerialProcessor ] INFO     serial_controller.serial_handler SerialProcessor: unknown type 0x1b — skipping
10:42:34.629 [SerialProcessor ] INFO     serial_controller.serial_handler SerialProcessor: unknown type 0x1b — skipping
10:42:34.629 [SerialProcessor ] INFO     serial_controller.serial_handler SerialProcessor: unknown type 0x1b — skipping
10:42:34.655 [SerialProcessor ] INFO     serial_controller.serial_handler SerialProcessor: unknown type 0x1b — skipping
10:42:34.655 [SerialProcessor ] INFO     serial_controller.serial_handler SerialProcessor: unknown type 0x1b — skipping
10:42:34.681 [SerialProcessor ] INFO     serial_controller.serial_handler SerialProcessor: unknown type 0x1b — skipping
10:42:34.681 [SerialProcessor ] INFO     serial_controller.serial_handler SerialProcessor: unknown type 0x1b — skipping
10:42:34.706 [SerialProcessor ] INFO     serial_controller.serial_handler SerialProcessor: unknown type 0x1b — skipping
10:42:34.706 [SerialProcessor ] INFO     serial_controller.serial_handler SerialProcessor: unknown type 0x1b — skipping
10:42:34.732 [SerialProcessor ] INFO     serial_controller.serial_handler SerialProcessor: unknown type 0x1b — skipping
10:42:34.745 [SerialProcessor ] INFO     serial_controller.serial_handler SerialProcessor: unknown type 0x1b — skipping
10:42:34.745 [SerialProcessor ] INFO     serial_controller.serial_handler SerialProcessor: unknown type 0x1b — skipping
10:42:34.771 [SerialProcessor ] INFO     serial_controller.serial_handler SerialProcessor: unknown type 0x1b — skipping
10:42:34.771 [SerialProcessor ] INFO     serial_controller.serial_handler SerialProcessor: unknown type 0x1b — skipping
10:42:34.796 [SerialProcessor ] INFO     serial_controller.serial_handler SerialProcessor: unknown type 0x1b — skipping
10:42:34.796 [SerialProcessor ] INFO     serial_controller.serial_handler SerialProcessor: unknown type 0x1b — skipping
10:42:34.822 [SerialProcessor ] INFO     serial_controller.serial_handler SerialProcessor: unknown type 0x1b — skipping
10:42:34.835 [SerialProcessor ] INFO     serial_controller.serial_handler SerialProcessor: unknown type 0x1b — skipping
10:42:34.835 [SerialProcessor ] INFO     serial_controller.serial_handler SerialProcessor: unknown type 0x1b — skipping
10:42:34.860 [SerialProcessor ] INFO     serial_controller.serial_handler SerialProcessor: unknown type 0x1b — skipping
10:42:34.866 [SerialProcessor ] INFO     serial_controller.serial_handler SerialProcessor: unknown type 0x1b — skipping
10:42:34.886 [SerialProcessor ] INFO     serial_controller.serial_handler SerialProcessor: unknown type 0x1b — skipping
10:42:34.886 [SerialProcessor ] INFO     serial_controller.serial_handler SerialProcessor: unknown type 0x1b — skipping
10:42:34.912 [SerialProcessor ] INFO     serial_controller.serial_handler SerialProcessor: unknown type 0x1b — skipping
10:42:34.912 [SerialProcessor ] INFO     serial_controller.serial_handler SerialProcessor: unknown type 0x1b — skipping
10:42:34.937 [SerialProcessor ] INFO     serial_controller.serial_handler SerialProcessor: unknown type 0x1b — skipping
10:42:34.950 [SerialProcessor ] INFO     serial_controller.serial_handler SerialProcessor: unknown type 0x1b — skipping
10:42:34.951 [SerialProcessor ] INFO     serial_controller.serial_handler SerialProcessor: unknown type 0x1b — skipping
10:42:34.976 [SerialProcessor ] INFO     serial_controller.serial_handler SerialProcessor: unknown type 0x1b — skipping
10:42:34.977 [SerialProcessor ] INFO     serial_controller.serial_handler SerialProcessor: unknown type 0x1b — skipping
10:42:35.002 [SerialProcessor ] INFO     serial_controller.serial_handler SerialProcessor: unknown type 0x1b — skipping
10:42:35.002 [SerialProcessor ] INFO     serial_controller.serial_handler SerialProcessor: unknown type 0x1b — skipping
10:42:35.027 [SerialProcessor ] INFO     serial_controller.serial_handler SerialProcessor: unknown type 0x1b — skipping
10:42:35.040 [SerialProcessor ] INFO     serial_controller.serial_handler SerialProcessor: unknown type 0x1b — skipping
10:42:35.041 [SerialProcessor ] INFO     serial_controller.serial_handler SerialProcessor: unknown type 0x1b — skipping
10:42:35.066 [SerialProcessor ] INFO     serial_controller.serial_handler SerialProcessor: unknown type 0x1b — skipping
10:42:35.066 [SerialProcessor ] INFO     serial_controller.serial_handler SerialProcessor: unknown type 0x1b — skipping
10:42:35.092 [SerialProcessor ] INFO     serial_controller.serial_handler SerialProcessor: unknown type 0x1b — skipping
10:42:35.092 [SerialProcessor ] INFO     serial_controller.serial_handler SerialProcessor: unknown type 0x1b — skipping
10:42:35.117 [SerialProcessor ] INFO     serial_controller.serial_handler SerialProcessor: unknown type 0x1b — skipping
10:42:35.118 [SerialProcessor ] INFO     serial_controller.serial_handler SerialProcessor: unknown type 0x1b — skipping
10:42:35.143 [SerialProcessor ] INFO     serial_controller.serial_handler SerialProcessor: unknown type 0x1b — skipping
10:42:35.156 [SerialProcessor ] INFO     serial_controller.serial_handler SerialProcessor: unknown type 0x1b — skipping
10:42:35.156 [SerialProcessor ] INFO     serial_controller.serial_handler SerialProcessor: unknown type 0x1b — skipping
10:42:35.182 [SerialProcessor ] INFO     serial_controller.serial_handler SerialProcessor: unknown type 0x1b — skipping
10:42:35.182 [SerialProcessor ] INFO     serial_controller.serial_handler SerialProcessor: unknown type 0x1b — skipping
10:42:35.207 [SerialProcessor ] INFO     serial_controller.serial_handler SerialProcessor: unknown type 0x1b — skipping
10:42:35.208 [SerialProcessor ] INFO     serial_controller.serial_handler SerialProcessor: unknown type 0x1b — skipping
10:42:35.233 [SerialProcessor ] INFO     serial_controller.serial_handler SerialProcessor: unknown type 0x1b — skipping
10:42:35.246 [SerialProcessor ] INFO     serial_controller.serial_handler SerialProcessor: unknown type 0x1b — skipping
10:42:35.247 [SerialProcessor ] INFO     serial_controller.serial_handler SerialProcessor: unknown type 0x1b — skipping
10:42:35.272 [SerialProcessor ] INFO     serial_controller.serial_handler SerialProcessor: unknown type 0x1b — skipping
10:42:35.272 [SerialProcessor ] INFO     serial_controller.serial_handler SerialProcessor: unknown type 0x1b — skipping
10:42:35.297 [SerialProcessor ] INFO     serial_controller.serial_handler SerialProcessor: unknown type 0x1b — skipping
10:42:35.298 [SerialProcessor ] INFO     serial_controller.serial_handler SerialProcessor: unknown type 0x1b — skipping
10:42:35.323 [SerialProcessor ] INFO     serial_controller.serial_handler SerialProcessor: unknown type 0x1b — skipping
10:42:35.324 [SerialProcessor ] INFO     serial_controller.serial_handler SerialProcessor: unknown type 0x1b — skipping
10:42:35.349 [SerialProcessor ] INFO     serial_controller.serial_handler SerialProcessor: unknown type 0x1b — skipping
10:42:35.364 [SerialProcessor ] INFO     serial_controller.serial_handler SerialProcessor: unknown type 0x1b — skipping
10:42:35.364 [SerialProcessor ] INFO     serial_controller.serial_handler SerialProcessor: unknown type 0x1b — skipping
10:42:35.388 [SerialProcessor ] INFO     serial_controller.serial_handler SerialProcessor: unknown type 0x1b — skipping
10:42:35.389 [SerialProcessor ] INFO     serial_controller.serial_handler SerialProcessor: unknown type 0x1b — skipping
10:42:35.413 [SerialProcessor ] INFO     serial_controller.serial_handler SerialProcessor: unknown type 0x1b — skipping
10:42:35.414 [SerialProcessor ] INFO     serial_controller.serial_handler SerialProcessor: unknown type 0x1b — skipping
10:42:35.439 [SerialProcessor ] INFO     serial_controller.serial_handler SerialProcessor: unknown type 0x1b — skipping
10:42:35.452 [SerialProcessor ] INFO     serial_controller.serial_handler SerialProcessor: unknown type 0x1b — skipping
10:42:35.453 [SerialProcessor ] INFO     serial_controller.serial_handler SerialProcessor: unknown type 0x1b — skipping
10:42:35.477 [SerialProcessor ] INFO     serial_controller.serial_handler SerialProcessor: unknown type 0x1b — skipping
10:42:35.478 [SerialProcessor ] INFO     serial_controller.serial_handler SerialProcessor: unknown type 0x1b — skipping
10:42:35.503 [SerialProcessor ] INFO     serial_controller.serial_handler SerialProcessor: unknown type 0x1b — skipping
10:42:35.503 [SerialProcessor ] INFO     serial_controller.serial_handler SerialProcessor: unknown type 0x1b — skipping
10:42:35.529 [SerialProcessor ] INFO     serial_controller.serial_handler SerialProcessor: unknown type 0x1b — skipping
10:42:35.529 [SerialProcessor ] INFO     serial_controller.serial_handler SerialProcessor: unknown type 0x1b — skipping
10:42:35.554 [SerialProcessor ] INFO     serial_controller.serial_handler SerialProcessor: unknown type 0x1b — skipping
10:42:35.568 [SerialProcessor ] INFO     serial_controller.serial_handler SerialProcessor: unknown type 0x1b — skipping
10:42:35.574 [SerialProcessor ] INFO     serial_controller.serial_handler SerialProcessor: unknown type 0x1b — skipping
10:42:35.593 [SerialProcessor ] INFO     serial_controller.serial_handler SerialProcessor: unknown type 0x1b — skipping
10:42:35.594 [SerialProcessor ] INFO     serial_controller.serial_handler SerialProcessor: unknown type 0x1b — skipping
10:42:35.619 [SerialProcessor ] INFO     serial_controller.serial_handler SerialProcessor: unknown type 0x1b — skipping
10:42:35.619 [SerialProcessor ] INFO     serial_controller.serial_handler SerialProcessor: unknown type 0x1b — skipping
10:42:35.644 [SerialProcessor ] INFO     serial_controller.serial_handler SerialProcessor: unknown type 0x1b — skipping
10:42:35.657 [SerialProcessor ] INFO     serial_controller.serial_handler SerialProcessor: unknown type 0x1b — skipping
10:42:35.658 [SerialProcessor ] INFO     serial_controller.serial_handler SerialProcessor: unknown type 0x1b — skipping
10:42:35.683 [SerialProcessor ] INFO     serial_controller.serial_handler SerialProcessor: unknown type 0x1b — skipping
10:42:35.683 [SerialProcessor ] INFO     serial_controller.serial_handler SerialProcessor: unknown type 0x1b — skipping
10:42:35.709 [SerialProcessor ] INFO     serial_controller.serial_handler SerialProcessor: unknown type 0x1b — skipping
10:42:35.709 [SerialProcessor ] INFO     serial_controller.serial_handler SerialProcessor: unknown type 0x1b — skipping
10:42:35.734 [SerialProcessor ] INFO     serial_controller.serial_handler SerialProcessor: unknown type 0x1b — skipping
10:42:35.735 [SerialProcessor ] INFO     serial_controller.serial_handler SerialProcessor: unknown type 0x1b — skipping
10:42:35.760 [SerialProcessor ] INFO     serial_controller.serial_handler SerialProcessor: unknown type 0x1b — skipping
10:42:35.773 [SerialProcessor ] INFO     serial_controller.serial_handler SerialProcessor: unknown type 0x1b — skipping
10:42:35.773 [SerialProcessor ] INFO     serial_controller.serial_handler SerialProcessor: unknown type 0x1b — skipping
10:42:35.799 [SerialProcessor ] INFO     serial_controller.serial_handler SerialProcessor: unknown type 0x1b — skipping
10:42:35.799 [SerialProcessor ] INFO     serial_controller.serial_handler SerialProcessor: unknown type 0x1b — skipping
10:42:35.824 [SerialProcessor ] INFO     serial_controller.serial_handler SerialProcessor: unknown type 0x1b — skipping
10:42:35.825 [SerialProcessor ] INFO     serial_controller.serial_handler SerialProcessor: unknown type 0x1b — skipping
10:42:35.850 [SerialProcessor ] INFO     serial_controller.serial_handler SerialProcessor: unknown type 0x1b — skipping
10:42:35.863 [SerialProcessor ] INFO     serial_controller.serial_handler SerialProcessor: unknown type 0x1b — skipping
10:42:35.863 [SerialProcessor ] INFO     serial_controller.serial_handler SerialProcessor: unknown type 0x1b — skipping
10:42:35.889 [SerialProcessor ] INFO     serial_controller.serial_handler SerialProcessor: unknown type 0x1b — skipping
10:42:35.889 [SerialProcessor ] INFO     serial_controller.serial_handler SerialProcessor: unknown type 0x1b — skipping
10:42:35.914 [SerialProcessor ] INFO     serial_controller.serial_handler SerialProcessor: unknown type 0x1b — skipping
10:42:35.915 [SerialProcessor ] INFO     serial_controller.serial_handler SerialProcessor: unknown type 0x1b — skipping
10:42:35.940 [SerialProcessor ] INFO     serial_controller.serial_handler SerialProcessor: unknown type 0x1b — skipping
10:42:35.940 [SerialProcessor ] INFO     serial_controller.serial_handler SerialProcessor: unknown type 0x1b — skipping
10:42:35.966 [SerialProcessor ] INFO     serial_controller.serial_handler SerialProcessor: unknown type 0x1b — skipping
10:42:35.979 [SerialProcessor ] INFO     serial_controller.serial_handler SerialProcessor: unknown type 0x1b — skipping
10:42:35.979 [SerialProcessor ] INFO     serial_controller.serial_handler SerialProcessor: unknown type 0x1b — skipping
10:42:36.004 [SerialProcessor ] INFO     serial_controller.serial_handler SerialProcessor: unknown type 0x1b — skipping
10:42:36.005 [SerialProcessor ] INFO     serial_controller.serial_handler SerialProcessor: unknown type 0x1b — skipping
10:42:36.030 [SerialProcessor ] INFO     serial_controller.serial_handler SerialProcessor: unknown type 0x1b — skipping
10:42:36.030 [SerialProcessor ] INFO     serial_controller.serial_handler SerialProcessor: unknown type 0x1b — skipping
10:42:36.057 [SerialProcessor ] INFO     serial_controller.serial_handler SerialProcessor: unknown type 0x1b — skipping
10:42:36.068 [SerialProcessor ] INFO     serial_controller.serial_handler SerialProcessor: unknown type 0x1b — skipping
10:42:36.069 [SerialProcessor ] INFO     serial_controller.serial_handler SerialProcessor: unknown type 0x1b — skipping
10:42:36.094 [SerialProcessor ] INFO     serial_controller.serial_handler SerialProcessor: unknown type 0x1b — skipping
10:42:36.095 [SerialProcessor ] INFO     serial_controller.serial_handler SerialProcessor: unknown type 0x1b — skipping
10:42:36.120 [SerialProcessor ] INFO     serial_controller.serial_handler SerialProcessor: unknown type 0x1b — skipping
10:42:36.121 [SerialProcessor ] INFO     serial_controller.serial_handler SerialProcessor: unknown type 0x1b — skipping
10:42:36.146 [SerialProcessor ] INFO     serial_controller.serial_handler SerialProcessor: unknown type 0x1b — skipping
10:42:36.147 [SerialProcessor ] INFO     serial_controller.serial_handler SerialProcessor: unknown type 0x1b — skipping
10:42:36.171 [SerialProcessor ] INFO     serial_controller.serial_handler SerialProcessor: unknown type 0x1b — skipping
10:42:36.185 [SerialProcessor ] INFO     serial_controller.serial_handler SerialProcessor: unknown type 0x1b — skipping
10:42:36.185 [SerialProcessor ] INFO     serial_controller.serial_handler SerialProcessor: unknown type 0x1b — skipping
10:42:36.210 [SerialProcessor ] INFO     serial_controller.serial_handler SerialProcessor: unknown type 0x1b — skipping
10:42:36.210 [SerialProcessor ] INFO     serial_controller.serial_handler SerialProcessor: unknown type 0x1b — skipping
10:42:36.236 [SerialProcessor ] INFO     serial_controller.serial_handler SerialProcessor: unknown type 0x1b — skipping
10:42:36.236 [SerialProcessor ] INFO     serial_controller.serial_handler SerialProcessor: unknown type 0x1b — skipping
10:42:36.262 [SerialProcessor ] INFO     serial_controller.serial_handler SerialProcessor: unknown type 0x1b — skipping
10:42:36.274 [SerialProcessor ] INFO     serial_controller.serial_handler SerialProcessor: unknown type 0x1b — skipping
10:42:36.275 [SerialProcessor ] INFO     serial_controller.serial_handler SerialProcessor: unknown type 0x1b — skipping
10:42:36.300 [SerialProcessor ] INFO     serial_controller.serial_handler SerialProcessor: unknown type 0x1b — skipping
10:42:36.300 [SerialProcessor ] INFO     serial_controller.serial_handler SerialProcessor: unknown type 0x1b — skipping
10:42:36.326 [SerialProcessor ] INFO     serial_controller.serial_handler SerialProcessor: unknown type 0x1b — skipping
10:42:36.326 [SerialProcessor ] INFO     serial_controller.serial_handler SerialProcessor: unknown type 0x1b — skipping
10:42:36.351 [SerialProcessor ] INFO     serial_controller.serial_handler SerialProcessor: unknown type 0x1b — skipping
10:42:36.352 [SerialProcessor ] INFO     serial_controller.serial_handler SerialProcessor: unknown type 0x1b — skipping
10:42:36.378 [SerialProcessor ] INFO     serial_controller.serial_handler SerialProcessor: unknown type 0x1b — skipping
10:42:36.390 [SerialProcessor ] INFO     serial_controller.serial_handler SerialProcessor: unknown type 0x1b — skipping
10:42:36.391 [SerialProcessor ] INFO     serial_controller.serial_handler SerialProcessor: unknown type 0x1b — skipping
10:42:36.416 [SerialProcessor ] INFO     serial_controller.serial_handler SerialProcessor: unknown type 0x1b — skipping
10:42:36.417 [SerialProcessor ] INFO     serial_controller.serial_handler SerialProcessor: unknown type 0x1b — skipping
10:42:36.445 [SerialProcessor ] INFO     serial_controller.serial_handler SerialProcessor: unknown type 0x1b — skipping
10:42:36.447 [SerialProcessor ] INFO     serial_controller.serial_handler SerialProcessor: unknown type 0x1b — skipping
10:42:36.467 [SerialProcessor ] INFO     serial_controller.serial_handler SerialProcessor: unknown type 0x1b — skipping
10:42:36.480 [SerialProcessor ] INFO     serial_controller.serial_handler SerialProcessor: unknown type 0x1b — skipping
10:42:36.480 [SerialProcessor ] INFO     serial_controller.serial_handler SerialProcessor: unknown type 0x1b — skipping
10:42:36.505 [SerialProcessor ] INFO     serial_controller.serial_handler SerialProcessor: unknown type 0x1b — skipping
10:42:36.506 [SerialProcessor ] INFO     serial_controller.serial_handler SerialProcessor: unknown type 0x1b — skipping
10:42:36.531 [SerialProcessor ] INFO     serial_controller.serial_handler SerialProcessor: unknown type 0x1b — skipping
10:42:36.532 [SerialProcessor ] INFO     serial_controller.serial_handler SerialProcessor: unknown type 0x1b — skipping
10:42:36.557 [SerialProcessor ] INFO     serial_controller.serial_handler SerialProcessor: unknown type 0x1b — skipping
10:42:36.557 [SerialProcessor ] INFO     serial_controller.serial_handler SerialProcessor: unknown type 0x1b — skipping
10:42:36.583 [SerialProcessor ] INFO     serial_controller.serial_handler SerialProcessor: unknown type 0x1b — skipping
10:42:36.595 [SerialProcessor ] INFO     serial_controller.serial_handler SerialProcessor: unknown type 0x1b — skipping
10:42:36.596 [SerialProcessor ] INFO     serial_controller.serial_handler SerialProcessor: unknown type 0x1b — skipping
10:42:36.623 [SerialProcessor ] INFO     serial_controller.serial_handler SerialProcessor: unknown type 0x1b — skipping
10:42:36.625 [SerialProcessor ] INFO     serial_controller.serial_handler SerialProcessor: unknown type 0x1b — skipping
10:42:36.647 [SerialProcessor ] INFO     serial_controller.serial_handler SerialProcessor: unknown type 0x1b — skipping
10:42:36.648 [SerialProcessor ] INFO     serial_controller.serial_handler SerialProcessor: unknown type 0x1b — skipping
10:42:36.673 [SerialProcessor ] INFO     serial_controller.serial_handler SerialProcessor: unknown type 0x1b — skipping
10:42:36.685 [SerialProcessor ] INFO     serial_controller.serial_handler SerialProcessor: unknown type 0x1b — skipping
10:42:36.686 [SerialProcessor ] INFO     serial_controller.serial_handler SerialProcessor: unknown type 0x1b — skipping
10:42:36.711 [SerialProcessor ] INFO     serial_controller.serial_handler SerialProcessor: unknown type 0x1b — skipping
10:42:36.712 [SerialProcessor ] INFO     serial_controller.serial_handler SerialProcessor: unknown type 0x1b — skipping
10:42:36.737 [SerialProcessor ] INFO     serial_controller.serial_handler SerialProcessor: unknown type 0x1b — skipping
10:42:36.737 [SerialProcessor ] INFO     serial_controller.serial_handler SerialProcessor: unknown type 0x1b — skipping
10:42:36.763 [SerialProcessor ] INFO     serial_controller.serial_handler SerialProcessor: unknown type 0x1b — skipping
10:42:36.763 [SerialProcessor ] INFO     serial_controller.serial_handler SerialProcessor: unknown type 0x1b — skipping
10:42:36.788 [SerialProcessor ] INFO     serial_controller.serial_handler SerialProcessor: unknown type 0x1b — skipping
10:42:36.801 [SerialProcessor ] INFO     serial_controller.serial_handler SerialProcessor: unknown type 0x1b — skipping
10:42:36.802 [SerialProcessor ] INFO     serial_controller.serial_handler SerialProcessor: unknown type 0x1b — skipping
10:42:36.827 [SerialProcessor ] INFO     serial_controller.serial_handler SerialProcessor: unknown type 0x1b — skipping
10:42:36.827 [SerialProcessor ] INFO     serial_controller.serial_handler SerialProcessor: unknown type 0x1b — skipping
10:42:36.853 [SerialProcessor ] INFO     serial_controller.serial_handler SerialProcessor: unknown type 0x1b — skipping
10:42:36.853 [SerialProcessor ] INFO     serial_controller.serial_handler SerialProcessor: unknown type 0x1b — skipping
10:42:36.878 [SerialProcessor ] INFO     serial_controller.serial_handler SerialProcessor: unknown type 0x1b — skipping
10:42:36.891 [SerialProcessor ] INFO     serial_controller.serial_handler SerialProcessor: unknown type 0x1b — skipping
10:42:36.892 [SerialProcessor ] INFO     serial_controller.serial_handler SerialProcessor: unknown type 0x1b — skipping
10:42:36.917 [SerialProcessor ] INFO     serial_controller.serial_handler SerialProcessor: unknown type 0x1b — skipping
10:42:36.917 [SerialProcessor ] INFO     serial_controller.serial_handler SerialProcessor: unknown type 0x1b — skipping
10:42:36.943 [SerialProcessor ] INFO     serial_controller.serial_handler SerialProcessor: unknown type 0x1b — skipping
10:42:36.947 [SerialProcessor ] INFO     serial_controller.serial_handler SerialProcessor: unknown type 0x1b — skipping
10:42:36.968 [SerialProcessor ] INFO     serial_controller.serial_handler SerialProcessor: unknown type 0x1b — skipping
10:42:36.969 [SerialProcessor ] INFO     serial_controller.serial_handler SerialProcessor: unknown type 0x1b — skipping
10:42:36.994 [SerialProcessor ] INFO     serial_controller.serial_handler SerialProcessor: unknown type 0x1b — skipping
10:42:37.006 [SerialProcessor ] INFO     serial_controller.serial_handler SerialProcessor: unknown type 0x1b — skipping
10:42:37.007 [SerialProcessor ] INFO     serial_controller.serial_handler SerialProcessor: unknown type 0x1b — skipping
10:42:37.032 [SerialProcessor ] INFO     serial_controller.serial_handler SerialProcessor: unknown type 0x1b — skipping
10:42:37.033 [SerialProcessor ] INFO     serial_controller.serial_handler SerialProcessor: unknown type 0x1b — skipping
10:42:37.058 [SerialProcessor ] INFO     serial_controller.serial_handler SerialProcessor: unknown type 0x1b — skipping
10:42:37.058 [SerialProcessor ] INFO     serial_controller.serial_handler SerialProcessor: unknown type 0x1b — skipping
10:42:37.084 [SerialProcessor ] INFO     serial_controller.serial_handler SerialProcessor: unknown type 0x1b — skipping
10:42:37.097 [SerialProcessor ] INFO     serial_controller.serial_handler SerialProcessor: unknown type 0x1b — skipping
10:42:37.097 [SerialProcessor ] INFO     serial_controller.serial_handler SerialProcessor: unknown type 0x1b — skipping
10:42:37.122 [SerialProcessor ] INFO     serial_controller.serial_handler SerialProcessor: unknown type 0x1b — skipping
10:42:37.123 [SerialProcessor ] INFO     serial_controller.serial_handler SerialProcessor: unknown type 0x1b — skipping
10:42:37.148 [SerialProcessor ] INFO     serial_controller.serial_handler SerialProcessor: unknown type 0x1b — skipping
10:42:37.148 [SerialProcessor ] INFO     serial_controller.serial_handler SerialProcessor: unknown type 0x1b — skipping
10:42:37.174 [SerialProcessor ] INFO     serial_controller.serial_handler SerialProcessor: unknown type 0x1b — skipping
10:42:37.174 [SerialProcessor ] INFO     serial_controller.serial_handler SerialProcessor: unknown type 0x1b — skipping
10:42:37.199 [SerialProcessor ] INFO     serial_controller.serial_handler SerialProcessor: unknown type 0x1b — skipping
10:42:37.212 [SerialProcessor ] INFO     serial_controller.serial_handler SerialProcessor: unknown type 0x1b — skipping
10:42:37.213 [SerialProcessor ] INFO     serial_controller.serial_handler SerialProcessor: unknown type 0x1b — skipping
10:42:37.238 [SerialProcessor ] INFO     serial_controller.serial_handler SerialProcessor: unknown type 0x1b — skipping
10:42:37.238 [SerialProcessor ] INFO     serial_controller.serial_handler SerialProcessor: unknown type 0x1b — skipping
10:42:37.264 [SerialProcessor ] INFO     serial_controller.serial_handler SerialProcessor: unknown type 0x1b — skipping
10:42:37.264 [SerialProcessor ] INFO     serial_controller.serial_handler SerialProcessor: unknown type 0x1b — skipping
10:42:37.290 [SerialProcessor ] INFO     serial_controller.serial_handler SerialProcessor: unknown type 0x1b — skipping
10:42:37.302 [SerialProcessor ] INFO     serial_controller.serial_handler SerialProcessor: unknown type 0x1b — skipping
10:42:37.303 [SerialProcessor ] INFO     serial_controller.serial_handler SerialProcessor: unknown type 0x1b — skipping
10:42:37.328 [SerialProcessor ] INFO     serial_controller.serial_handler SerialProcessor: unknown type 0x1b — skipping
10:42:37.328 [SerialProcessor ] INFO     serial_controller.serial_handler SerialProcessor: unknown type 0x1b — skipping
10:42:37.354 [SerialProcessor ] INFO     serial_controller.serial_handler SerialProcessor: unknown type 0x1b — skipping
10:42:37.354 [SerialProcessor ] INFO     serial_controller.serial_handler SerialProcessor: unknown type 0x1b — skipping
10:42:37.380 [SerialProcessor ] INFO     serial_controller.serial_handler SerialProcessor: unknown type 0x1b — skipping
10:42:37.381 [SerialProcessor ] INFO     serial_controller.serial_handler SerialProcessor: unknown type 0x1b — skipping
10:42:37.405 [SerialProcessor ] INFO     serial_controller.serial_handler SerialProcessor: unknown type 0x1b — skipping
10:42:37.418 [SerialProcessor ] INFO     serial_controller.serial_handler SerialProcessor: unknown type 0x1b — skipping
10:42:37.418 [SerialProcessor ] INFO     serial_controller.serial_handler SerialProcessor: unknown type 0x1b — skipping
10:42:37.444 [SerialProcessor ] INFO     serial_controller.serial_handler SerialProcessor: unknown type 0x1b — skipping
10:42:37.444 [SerialProcessor ] INFO     serial_controller.serial_handler SerialProcessor: unknown type 0x1b — skipping
10:42:37.469 [SerialProcessor ] INFO     serial_controller.serial_handler SerialProcessor: unknown type 0x1b — skipping
10:42:37.470 [SerialProcessor ] INFO     serial_controller.serial_handler SerialProcessor: unknown type 0x1b — skipping
10:42:37.495 [SerialProcessor ] INFO     serial_controller.serial_handler SerialProcessor: unknown type 0x1b — skipping
10:42:37.508 [SerialProcessor ] INFO     serial_controller.serial_handler SerialProcessor: unknown type 0x1b — skipping
10:42:37.508 [SerialProcessor ] INFO     serial_controller.serial_handler SerialProcessor: unknown type 0x1b — skipping
10:42:37.533 [SerialProcessor ] INFO     serial_controller.serial_handler SerialProcessor: unknown type 0x1b — skipping
10:42:37.534 [SerialProcessor ] INFO     serial_controller.serial_handler SerialProcessor: unknown type 0x1b — skipping
10:42:37.559 [SerialProcessor ] INFO     serial_controller.serial_handler SerialProcessor: unknown type 0x1b — skipping
10:42:37.560 [SerialProcessor ] INFO     serial_controller.serial_handler SerialProcessor: unknown type 0x1b — skipping
10:42:37.585 [SerialProcessor ] INFO     serial_controller.serial_handler SerialProcessor: unknown type 0x1b — skipping
10:42:37.585 [SerialProcessor ] INFO     serial_controller.serial_handler SerialProcessor: unknown type 0x1b — skipping
10:42:37.620 [SerialProcessor ] INFO     serial_controller.serial_handler SerialProcessor: unknown type 0x1b — skipping
10:42:37.638 [SerialProcessor ] INFO     serial_controller.serial_handler SerialProcessor: unknown type 0x1b — skipping
10:42:37.638 [SerialProcessor ] INFO     serial_controller.serial_handler SerialProcessor: unknown type 0x1b — skipping
10:42:37.649 [SerialProcessor ] INFO     serial_controller.serial_handler SerialProcessor: unknown type 0x1b — skipping
10:42:37.651 [SerialProcessor ] INFO     serial_controller.serial_handler SerialProcessor: unknown type 0x1b — skipping
10:42:37.675 [SerialProcessor ] INFO     serial_controller.serial_handler SerialProcessor: unknown type 0x1b — skipping
10:42:37.684 [SerialProcessor ] INFO     serial_controller.serial_handler SerialProcessor: unknown type 0x1b — skipping
10:42:37.702 [SerialProcessor ] INFO     serial_controller.serial_handler SerialProcessor: unknown type 0x1b — skipping
10:42:37.713 [SerialProcessor ] INFO     serial_controller.serial_handler SerialProcessor: unknown type 0x1b — skipping
10:42:37.715 [SerialProcessor ] INFO     serial_controller.serial_handler SerialProcessor: unknown type 0x1b — skipping
10:42:37.740 [SerialProcessor ] INFO     serial_controller.serial_handler SerialProcessor: unknown type 0x1b — skipping
10:42:37.760 [SerialProcessor ] INFO     serial_controller.serial_handler SerialProcessor: unknown type 0x1b — skipping
10:42:37.765 [SerialProcessor ] INFO     serial_controller.serial_handler SerialProcessor: unknown type 0x1b — skipping
10:42:37.766 [SerialProcessor ] INFO     serial_controller.serial_handler SerialProcessor: unknown type 0x1b — skipping
10:42:37.791 [SerialProcessor ] INFO     serial_controller.serial_handler SerialProcessor: unknown type 0x1b — skipping
10:42:37.791 [SerialProcessor ] INFO     serial_controller.serial_handler SerialProcessor: unknown type 0x1b — skipping
10:42:37.816 [SerialProcessor ] INFO     serial_controller.serial_handler SerialProcessor: unknown type 0x1b — skipping
10:42:37.829 [SerialProcessor ] INFO     serial_controller.serial_handler SerialProcessor: unknown type 0x1b — skipping
10:42:37.829 [SerialProcessor ] INFO     serial_controller.serial_handler SerialProcessor: unknown type 0x1b — skipping
10:42:37.855 [SerialProcessor ] INFO     serial_controller.serial_handler SerialProcessor: unknown type 0x1b — skipping
10:42:37.855 [SerialProcessor ] INFO     serial_controller.serial_handler SerialProcessor: unknown type 0x1b — skipping
10:42:37.881 [SerialProcessor ] INFO     serial_controller.serial_handler SerialProcessor: unknown type 0x1b — skipping
10:42:37.885 [SerialProcessor ] INFO     serial_controller.serial_handler SerialProcessor: unknown type 0x1b — skipping
10:42:37.906 [SerialProcessor ] INFO     serial_controller.serial_handler SerialProcessor: unknown type 0x1b — skipping
10:42:37.919 [SerialProcessor ] INFO     serial_controller.serial_handler SerialProcessor: unknown type 0x1b — skipping
10:42:37.920 [SerialProcessor ] INFO     serial_controller.serial_handler SerialProcessor: unknown type 0x1b — skipping
10:42:37.945 [SerialProcessor ] INFO     serial_controller.serial_handler SerialProcessor: unknown type 0x1b — skipping
10:42:37.947 [SerialProcessor ] INFO     serial_controller.serial_handler SerialProcessor: unknown type 0x1b — skipping
10:42:37.971 [SerialProcessor ] INFO     serial_controller.serial_handler SerialProcessor: unknown type 0x1b — skipping
10:42:37.972 [SerialProcessor ] INFO     serial_controller.serial_handler SerialProcessor: unknown type 0x1b — skipping
10:42:37.996 [SerialProcessor ] INFO     serial_controller.serial_handler SerialProcessor: unknown type 0x1b — skipping
10:42:37.997 [SerialProcessor ] INFO     serial_controller.serial_handler SerialProcessor: unknown type 0x1b — skipping
10:42:38.022 [SerialProcessor ] INFO     serial_controller.serial_handler SerialProcessor: unknown type 0x1b — skipping
10:42:38.035 [SerialProcessor ] INFO     serial_controller.serial_handler SerialProcessor: unknown type 0x1b — skipping
10:42:38.035 [SerialProcessor ] INFO     serial_controller.serial_handler SerialProcessor: unknown type 0x1b — skipping
10:42:38.061 [SerialProcessor ] INFO     serial_controller.serial_handler SerialProcessor: unknown type 0x1b — skipping
10:42:38.061 [SerialProcessor ] INFO     serial_controller.serial_handler SerialProcessor: unknown type 0x1b — skipping
10:42:38.086 [SerialProcessor ] INFO     serial_controller.serial_handler SerialProcessor: unknown type 0x1b — skipping
10:42:38.087 [SerialProcessor ] INFO     serial_controller.serial_handler SerialProcessor: unknown type 0x1b — skipping
10:42:38.112 [SerialProcessor ] INFO     serial_controller.serial_handler SerialProcessor: unknown type 0x1b — skipping
10:42:38.125 [SerialProcessor ] INFO     serial_controller.serial_handler SerialProcessor: unknown type 0x1b — skipping
10:42:38.125 [SerialProcessor ] INFO     serial_controller.serial_handler SerialProcessor: unknown type 0x1b — skipping
10:42:38.150 [SerialProcessor ] INFO     serial_controller.serial_handler SerialProcessor: unknown type 0x1b — skipping
10:42:38.151 [SerialProcessor ] INFO     serial_controller.serial_handler SerialProcessor: unknown type 0x1b — skipping
10:42:38.176 [SerialProcessor ] INFO     serial_controller.serial_handler SerialProcessor: unknown type 0x1b — skipping
10:42:38.178 [SerialProcessor ] INFO     serial_controller.serial_handler SerialProcessor: unknown type 0x1b — skipping
10:42:38.202 [SerialProcessor ] INFO     serial_controller.serial_handler SerialProcessor: unknown type 0x1b — skipping
10:42:38.203 [SerialProcessor ] INFO     serial_controller.serial_handler SerialProcessor: unknown type 0x1b — skipping
10:42:38.228 [SerialProcessor ] INFO     serial_controller.serial_handler SerialProcessor: unknown type 0x1b — skipping
10:42:38.240 [SerialProcessor ] INFO     serial_controller.serial_handler SerialProcessor: unknown type 0x1b — skipping
10:42:38.244 [SerialProcessor ] INFO     serial_controller.serial_handler SerialProcessor: unknown type 0x1b — skipping
10:42:38.266 [SerialProcessor ] INFO     serial_controller.serial_handler SerialProcessor: unknown type 0x1b — skipping
10:42:38.267 [SerialProcessor ] INFO     serial_controller.serial_handler SerialProcessor: unknown type 0x1b — skipping
10:42:38.292 [SerialProcessor ] INFO     serial_controller.serial_handler SerialProcessor: unknown type 0x1b — skipping
10:42:38.292 [SerialProcessor ] INFO     serial_controller.serial_handler SerialProcessor: unknown type 0x1b — skipping
10:42:38.318 [SerialProcessor ] INFO     serial_controller.serial_handler SerialProcessor: unknown type 0x1b — skipping
10:42:38.330 [SerialProcessor ] INFO     serial_controller.serial_handler SerialProcessor: unknown type 0x1b — skipping
10:42:38.331 [SerialProcessor ] INFO     serial_controller.serial_handler SerialProcessor: unknown type 0x1b — skipping
10:42:38.356 [SerialProcessor ] INFO     serial_controller.serial_handler SerialProcessor: unknown type 0x1b — skipping
10:42:38.356 [SerialProcessor ] INFO     serial_controller.serial_handler SerialProcessor: unknown type 0x1b — skipping
10:43:01.682 [Thread-1 (_run) ] INFO     serial_controller.serial_handler Scanning for STM32 on COM ports...
10:43:01.688 [MainThread      ] INFO     API.panel_sync               PanelStateSync: started.
10:43:01.692 [MainThread      ] INFO     __main__                     Controller started.
10:43:01.725 [Thread-1 (_run) ] INFO     serial_controller.serial_handler Found STM32 (DFRobot CH340, matched by description) on COM67 — 'USB-Enhanced-SERIAL-D CH344 (COM67)'
10:43:01.738 [Thread-1 (_run) ] INFO     serial_controller.serial_handler STM32 connected on COM67.
10:43:01.739 [SerialReader    ] INFO     serial_controller.serial_handler SerialReader: started.
10:43:01.740 [SerialProcessor ] INFO     serial_controller.serial_handler SerialProcessor: started.
10:47:25.605 [Thread-1 (_run) ] INFO     serial_controller.serial_handler Scanning for STM32 on COM ports...
10:47:25.606 [MainThread      ] INFO     API.panel_sync               PanelStateSync: started.
10:47:25.607 [MainThread      ] INFO     __main__                     Controller started.
10:47:25.651 [Thread-1 (_run) ] INFO     serial_controller.serial_handler Found STM32 (DFRobot CH340, matched by description) on COM67 — 'USB-Enhanced-SERIAL-D CH344 (COM67)'
10:47:25.652 [Thread-1 (_run) ] INFO     serial_controller.serial_handler STM32 connected on COM67.
10:47:25.668 [SerialReader    ] INFO     serial_controller.serial_handler SerialReader: started.
10:47:25.695 [SerialProcessor ] INFO     serial_controller.serial_handler SerialProcessor: started.
10:47:40.468 [SerialProcessor ] INFO     commands.translator          focus_in rising edge -> FocusPlusCommand
10:47:40.751 [SerialProcessor ] INFO     commands.translator          focus_in falling edge -> FocusPlusFallCommand
10:47:41.111 [SerialProcessor ] INFO     commands.translator          focus_out rising edge -> FocusMinusCommand
10:47:41.548 [SerialProcessor ] INFO     commands.translator          focus_out falling edge -> FocusMinusFallCommand
10:47:41.960 [SerialProcessor ] INFO     commands.translator          widein rising edge -> FOVPlusCommand
10:47:42.114 [SerialProcessor ] INFO     commands.translator          widein falling edge -> FOVPlusFallCommand
10:47:42.320 [SerialProcessor ] INFO     commands.translator          wideout rising edge -> FOVMinusCommand
10:47:42.526 [SerialProcessor ] INFO     commands.translator          wideout falling edge -> FOVMinusFallCommand
10:47:42.963 [SerialProcessor ] INFO     commands.translator          zoomin rising edge -> ZoomInCommand
10:47:43.143 [SerialProcessor ] INFO     commands.translator          zoomin falling edge -> ZoomInFallCommand
10:47:43.336 [SerialProcessor ] INFO     commands.translator          zoomout rising edge -> ZoomOutCommand
10:47:43.542 [SerialProcessor ] INFO     commands.translator          zoomout falling edge -> ZoomOutFallCommand
10:47:49.625 [SerialProcessor ] INFO     commands.translator          ir_camera_dzoom_minus rising edge -> IRCameraDzoomMinusCommand
10:47:49.805 [SerialProcessor ] INFO     commands.translator          ir_camera_dzoom_minus falling edge -> IRCameraDzoomMinusFallCommand
10:47:50.397 [SerialProcessor ] INFO     commands.translator          ir_camera_dzoom_plus rising edge -> IRCameraDzoomPlusCommand
10:47:50.602 [SerialProcessor ] INFO     commands.translator          ir_camera_dzoom_plus falling edge -> IRCameraDzoomPlusFallCommand
10:47:52.197 [SerialProcessor ] INFO     commands.translator          ir_camera_dzoom_plus rising edge -> IRCameraDzoomPlusCommand
10:47:53.123 [SerialProcessor ] INFO     commands.translator          ir_camera_dzoom_plus falling edge -> IRCameraDzoomPlusFallCommand
10:47:53.509 [SerialProcessor ] INFO     commands.translator          near_infrared_toggle rising edge -> NearInfraredToggleCommand
10:47:54.809 [SerialProcessor ] INFO     commands.translator          ir_polarity rising edge -> IRPolarityToggleCommand
10:47:55.388 [SerialProcessor ] INFO     commands.translator          image_sensor_change rising edge -> ImageSensorChangeCommand
10:47:56.108 [SerialProcessor ] INFO     commands.translator          ir_polarity rising edge -> IRPolarityToggleCommand
10:47:56.546 [SerialProcessor ] INFO     commands.translator          image_sensor_change rising edge -> ImageSensorChangeCommand
10:47:58.424 [SerialProcessor ] INFO     commands.translator          ir_camera_dzoom_minus rising edge -> IRCameraDzoomMinusCommand
10:47:58.604 [SerialProcessor ] INFO     commands.translator          ir_camera_dzoom_minus falling edge -> IRCameraDzoomMinusFallCommand
10:47:58.926 [SerialProcessor ] INFO     commands.translator          ir_camera_dzoom_plus rising edge -> IRCameraDzoomPlusCommand
10:47:59.131 [SerialProcessor ] INFO     commands.translator          ir_camera_dzoom_plus falling edge -> IRCameraDzoomPlusFallCommand
10:48:00.417 [SerialProcessor ] INFO     commands.translator          ir_camera_dzoom_plus rising edge -> IRCameraDzoomPlusCommand
10:48:00.600 [SerialProcessor ] INFO     commands.translator          ir_camera_dzoom_plus falling edge -> IRCameraDzoomPlusFallCommand
10:48:00.868 [SerialProcessor ] INFO     commands.translator          ir_camera_dzoom_minus rising edge -> IRCameraDzoomMinusCommand
10:48:01.049 [SerialProcessor ] INFO     commands.translator          ir_camera_dzoom_minus falling edge -> IRCameraDzoomMinusFallCommand
10:48:02.013 [SerialProcessor ] INFO     commands.translator          ir_camera_dzoom_minus rising edge -> IRCameraDzoomMinusCommand
10:48:02.245 [SerialProcessor ] INFO     commands.translator          ir_camera_dzoom_minus falling edge -> IRCameraDzoomMinusFallCommand
10:48:02.592 [SerialProcessor ] INFO     commands.translator          ir_camera_dzoom_plus rising edge -> IRCameraDzoomPlusCommand
10:48:02.836 [SerialProcessor ] INFO     commands.translator          ir_camera_dzoom_plus falling edge -> IRCameraDzoomPlusFallCommand
10:48:03.415 [SerialProcessor ] INFO     commands.translator          ir_camera_dzoom_plus rising edge -> IRCameraDzoomPlusCommand
10:48:03.634 [SerialProcessor ] INFO     commands.translator          ir_camera_dzoom_plus falling edge -> IRCameraDzoomPlusFallCommand
10:48:03.930 [SerialProcessor ] INFO     commands.translator          ir_camera_dzoom_minus rising edge -> IRCameraDzoomMinusCommand
10:48:04.187 [SerialProcessor ] INFO     commands.translator          ir_camera_dzoom_minus falling edge -> IRCameraDzoomMinusFallCommand
10:48:17.976 [SerialProcessor ] INFO     commands.translator          tracking_template_toggle rising edge -> TrackingTemplateToggleCommand
10:48:19.855 [SerialProcessor ] INFO     commands.translator          ir_rainbow rising edge -> IRRainbowCommand
10:48:21.271 [SerialProcessor ] INFO     commands.translator          tracking_source_toggle rising edge -> TrackingSourceToggleCommand
10:48:21.708 [SerialProcessor ] INFO     commands.translator          tracking_search_on_off rising edge -> TrackingStartCommand
10:48:40.459 [SerialProcessor ] INFO     commands.translator          laser_on_off rising edge -> LaserPowerOnCommand
10:48:40.459 [SerialProcessor ] INFO     commands.translator          laser_zoom_in rising edge -> LaserZoomInCommand
10:48:40.677 [SerialProcessor ] INFO     commands.translator          laser_zoom_in falling edge -> LaserZoomInFallCommand
10:48:43.840 [SerialProcessor ] INFO     commands.translator          laser_on_off falling edge -> LaserPowerOffCommand
10:48:43.840 [SerialProcessor ] INFO     commands.translator          laser_zoom_in rising edge -> LaserZoomInCommand
10:48:46.695 [SerialProcessor ] INFO     commands.translator          laser_zoom_in falling edge -> LaserZoomInFallCommand
10:50:34.020 [Thread-1 (_run) ] INFO     serial_controller.serial_handler Scanning for STM32 on COM ports...
10:50:34.021 [MainThread      ] INFO     API.panel_sync               PanelStateSync: started.
10:50:34.021 [MainThread      ] INFO     __main__                     Controller started.
10:50:34.069 [Thread-1 (_run) ] INFO     serial_controller.serial_handler Found STM32 (DFRobot CH340, matched by description) on COM67 — 'USB-Enhanced-SERIAL-D CH344 (COM67)'
10:50:34.070 [Thread-1 (_run) ] INFO     serial_controller.serial_handler STM32 connected on COM67.
10:50:34.071 [SerialReader    ] INFO     serial_controller.serial_handler SerialReader: started.
10:50:34.072 [SerialProcessor ] INFO     serial_controller.serial_handler SerialProcessor: started.
10:50:34.106 [SerialProcessor ] INFO     commands.translator          tracking_search_on_off rising edge -> TrackingStartCommand
10:50:34.115 [SerialProcessor ] INFO     commands.translator          tracking_template_toggle rising edge -> TrackingTemplateToggleCommand
10:50:34.119 [SerialProcessor ] INFO     commands.translator          tracking_source_toggle rising edge -> TrackingSourceToggleCommand
10:50:34.120 [SerialProcessor ] INFO     commands.translator          ir_rainbow rising edge -> IRRainbowCommand
10:51:11.575 [Thread-1 (_run) ] INFO     serial_controller.serial_handler Scanning for STM32 on COM ports...
10:51:11.575 [MainThread      ] INFO     API.panel_sync               PanelStateSync: started.
10:51:11.576 [MainThread      ] INFO     __main__                     Controller started.
10:51:11.620 [Thread-1 (_run) ] INFO     serial_controller.serial_handler Found STM32 (DFRobot CH340, matched by description) on COM67 — 'USB-Enhanced-SERIAL-D CH344 (COM67)'
10:51:11.622 [Thread-1 (_run) ] INFO     serial_controller.serial_handler STM32 connected on COM67.
10:51:11.637 [SerialReader    ] INFO     serial_controller.serial_handler SerialReader: started.
10:51:11.663 [SerialProcessor ] INFO     serial_controller.serial_handler SerialProcessor: started.
10:51:11.667 [SerialProcessor ] INFO     commands.translator          tracking_search_on_off rising edge -> TrackingStartCommand
10:51:11.667 [SerialProcessor ] INFO     commands.translator          tracking_template_toggle rising edge -> TrackingTemplateToggleCommand
10:51:11.668 [SerialProcessor ] INFO     commands.translator          tracking_source_toggle rising edge -> TrackingSourceToggleCommand
10:51:11.668 [SerialProcessor ] INFO     commands.translator          ir_rainbow rising edge -> IRRainbowCommand
10:51:32.317 [SerialProcessor ] INFO     commands.translator          focus_in rising edge -> FocusPlusCommand
10:51:32.456 [SerialProcessor ] INFO     commands.translator          focus_in falling edge -> FocusPlusFallCommand
10:51:32.661 [SerialProcessor ] INFO     commands.translator          focus_out rising edge -> FocusMinusCommand
10:51:32.803 [SerialProcessor ] INFO     commands.translator          focus_out falling edge -> FocusMinusFallCommand
10:51:33.510 [SerialProcessor ] INFO     commands.translator          zoomin rising edge -> ZoomInCommand
10:51:33.691 [SerialProcessor ] INFO     commands.translator          zoomin falling edge -> ZoomInFallCommand
10:51:33.870 [SerialProcessor ] INFO     commands.translator          zoomout rising edge -> ZoomOutCommand
10:51:34.075 [SerialProcessor ] INFO     commands.translator          zoomout falling edge -> ZoomOutFallCommand
10:51:35.387 [SerialProcessor ] INFO     commands.translator          widein rising edge -> FOVPlusCommand
10:51:35.542 [SerialProcessor ] INFO     commands.translator          widein falling edge -> FOVPlusFallCommand
10:51:35.595 [SerialProcessor ] INFO     commands.translator          wideout rising edge -> FOVMinusCommand
10:51:35.747 [SerialProcessor ] INFO     commands.translator          wideout falling edge -> FOVMinusFallCommand
11:08:14.775 [Thread-1 (_run) ] INFO     serial_controller.serial_handler Scanning for STM32 on COM ports...
11:08:14.775 [MainThread      ] INFO     API.panel_sync               PanelStateSync: started.
11:08:14.776 [MainThread      ] INFO     __main__                     Controller started.
11:08:14.808 [Thread-1 (_run) ] INFO     serial_controller.serial_handler No STM32 device found on any COM port.
11:08:36.537 [Thread-1 (_run) ] INFO     serial_controller.serial_handler Scanning for STM32 on COM ports...
11:08:36.537 [MainThread      ] INFO     API.panel_sync               PanelStateSync: started.
11:08:36.538 [MainThread      ] INFO     __main__                     Controller started.
11:08:36.580 [Thread-1 (_run) ] INFO     serial_controller.serial_handler Found STM32 (DFRobot CH340, matched by description) on COM67 — 'USB-Enhanced-SERIAL-D CH344 (COM67)'
11:08:36.622 [Thread-1 (_run) ] INFO     serial_controller.serial_handler STM32 connected on COM67.
11:08:36.627 [Thread-1 (_run) ] INFO     serial_controller.serial_handler PC -> STM32: HELLO (requesting reset)
11:08:36.633 [SerialReader    ] INFO     serial_controller.serial_handler SerialReader: started.
11:08:36.635 [SerialProcessor ] INFO     serial_controller.serial_handler SerialProcessor: started.
11:08:49.971 [SerialProcessor ] INFO     commands.translator          tracking_source_toggle rising edge -> TrackingSourceToggleCommand
11:08:59.189 [Thread-1 (_run) ] INFO     serial_controller.serial_handler Scanning for STM32 on COM ports...
11:08:59.190 [MainThread      ] INFO     API.panel_sync               PanelStateSync: started.
11:08:59.191 [MainThread      ] INFO     __main__                     Controller started.
11:08:59.233 [Thread-1 (_run) ] INFO     serial_controller.serial_handler Found STM32 (DFRobot CH340, matched by description) on COM67 — 'USB-Enhanced-SERIAL-D CH344 (COM67)'
11:08:59.234 [Thread-1 (_run) ] INFO     serial_controller.serial_handler STM32 connected on COM67.
11:08:59.249 [Thread-1 (_run) ] INFO     serial_controller.serial_handler PC -> STM32: HELLO (requesting reset)
11:08:59.273 [SerialReader    ] INFO     serial_controller.serial_handler SerialReader: started.
11:08:59.278 [SerialProcessor ] INFO     serial_controller.serial_handler SerialProcessor: started.
11:08:59.278 [SerialProcessor ] INFO     commands.translator          tracking_source_toggle rising edge -> TrackingSourceToggleCommand
11:11:27.629 [Thread-1 (_run) ] INFO     serial_controller.serial_handler Scanning for STM32 on COM ports...
11:11:27.629 [MainThread      ] INFO     API.panel_sync               PanelStateSync: started.
11:11:27.630 [MainThread      ] INFO     __main__                     Controller started.
11:11:27.673 [Thread-1 (_run) ] INFO     serial_controller.serial_handler Found STM32 (DFRobot CH340, matched by description) on COM67 — 'USB-Enhanced-SERIAL-D CH344 (COM67)'
11:11:27.674 [Thread-1 (_run) ] INFO     serial_controller.serial_handler STM32 connected on COM67.
11:11:27.674 [Thread-1 (_run) ] INFO     serial_controller.serial_handler PC -> STM32: HELLO (requesting reset)
11:11:27.714 [SerialReader    ] INFO     serial_controller.serial_handler SerialReader: started.
11:11:27.722 [SerialProcessor ] INFO     serial_controller.serial_handler SerialProcessor: started.
11:11:38.222 [SerialProcessor ] INFO     commands.translator          tracking_source_toggle rising edge -> TrackingSourceToggleCommand
11:11:44.628 [Thread-1 (_run) ] INFO     serial_controller.serial_handler Scanning for STM32 on COM ports...
11:11:44.628 [MainThread      ] INFO     API.panel_sync               PanelStateSync: started.
11:11:44.629 [MainThread      ] INFO     __main__                     Controller started.
11:11:44.673 [Thread-1 (_run) ] INFO     serial_controller.serial_handler Found STM32 (DFRobot CH340, matched by description) on COM67 — 'USB-Enhanced-SERIAL-D CH344 (COM67)'
11:11:44.711 [Thread-1 (_run) ] INFO     serial_controller.serial_handler STM32 connected on COM67.
11:11:44.720 [Thread-1 (_run) ] INFO     serial_controller.serial_handler PC -> STM32: HELLO (requesting reset)
11:11:44.720 [SerialReader    ] INFO     serial_controller.serial_handler SerialReader: started.
11:11:44.721 [SerialProcessor ] INFO     serial_controller.serial_handler SerialProcessor: started.
11:11:44.732 [SerialProcessor ] INFO     commands.translator          tracking_source_toggle rising edge -> TrackingSourceToggleCommand
11:11:58.469 [Thread-1 (_run) ] INFO     serial_controller.serial_handler Scanning for STM32 on COM ports...
11:11:58.470 [MainThread      ] INFO     API.panel_sync               PanelStateSync: started.
11:11:58.470 [MainThread      ] INFO     __main__                     Controller started.
11:11:58.513 [Thread-1 (_run) ] INFO     serial_controller.serial_handler Found STM32 (DFRobot CH340, matched by description) on COM67 — 'USB-Enhanced-SERIAL-D CH344 (COM67)'
11:11:58.514 [Thread-1 (_run) ] INFO     serial_controller.serial_handler STM32 connected on COM67.
11:11:58.514 [Thread-1 (_run) ] INFO     serial_controller.serial_handler PC -> STM32: HELLO (requesting reset)
11:11:58.543 [SerialReader    ] INFO     serial_controller.serial_handler SerialReader: started.
11:11:58.558 [SerialProcessor ] INFO     serial_controller.serial_handler SerialProcessor: started.
11:11:58.559 [SerialProcessor ] INFO     commands.translator          tracking_source_toggle rising edge -> TrackingSourceToggleCommand
11:13:48.904 [Thread-1 (_run) ] INFO     serial_controller.serial_handler Scanning for STM32 on COM ports...
11:13:48.905 [MainThread      ] INFO     API.panel_sync               PanelStateSync: started.
11:13:48.905 [MainThread      ] INFO     __main__                     Controller started.
11:13:48.951 [Thread-1 (_run) ] INFO     serial_controller.serial_handler Found STM32 (DFRobot CH340, matched by description) on COM67 — 'USB-Enhanced-SERIAL-D CH344 (COM67)'
11:13:48.953 [Thread-1 (_run) ] INFO     serial_controller.serial_handler STM32 connected on COM67.
11:13:48.953 [Thread-1 (_run) ] INFO     serial_controller.serial_handler PC -> STM32: HELLO (requesting reset)
11:13:48.992 [SerialReader    ] INFO     serial_controller.serial_handler SerialReader: started.
11:13:48.997 [SerialProcessor ] INFO     serial_controller.serial_handler SerialProcessor: started.
11:13:48.999 [SerialProcessor ] INFO     commands.translator          tracking_source_toggle rising edge -> TrackingSourceToggleCommand
11:14:32.055 [Thread-1 (_run) ] INFO     serial_controller.serial_handler Scanning for STM32 on COM ports...
11:14:32.055 [MainThread      ] INFO     API.panel_sync               PanelStateSync: started.
11:14:32.056 [MainThread      ] INFO     __main__                     Controller started.
11:14:32.127 [Thread-1 (_run) ] INFO     serial_controller.serial_handler Found STM32 (DFRobot CH340, matched by description) on COM67 — 'USB-Enhanced-SERIAL-D CH344 (COM67)'
11:14:32.138 [Thread-1 (_run) ] INFO     serial_controller.serial_handler STM32 connected on COM67.
11:14:32.147 [Thread-1 (_run) ] INFO     serial_controller.serial_handler PC -> STM32: HELLO (requesting reset)
11:14:32.151 [SerialReader    ] INFO     serial_controller.serial_handler SerialReader: started.
11:14:32.154 [SerialProcessor ] INFO     serial_controller.serial_handler SerialProcessor: started.
11:14:37.891 [SerialProcessor ] INFO     commands.translator          tracking_source_toggle rising edge -> TrackingSourceToggleCommand
11:14:52.288 [Thread-1 (_run) ] INFO     serial_controller.serial_handler Scanning for STM32 on COM ports...
11:14:52.288 [MainThread      ] INFO     API.panel_sync               PanelStateSync: started.
11:14:52.289 [MainThread      ] INFO     __main__                     Controller started.
11:14:52.331 [Thread-1 (_run) ] INFO     serial_controller.serial_handler Found STM32 (DFRobot CH340, matched by description) on COM67 — 'USB-Enhanced-SERIAL-D CH344 (COM67)'
11:14:52.332 [Thread-1 (_run) ] INFO     serial_controller.serial_handler STM32 connected on COM67.
11:14:52.333 [Thread-1 (_run) ] INFO     serial_controller.serial_handler PC -> STM32: HELLO (requesting reset)
11:14:52.375 [SerialReader    ] INFO     serial_controller.serial_handler SerialReader: started.
11:14:52.376 [SerialProcessor ] INFO     serial_controller.serial_handler SerialProcessor: started.
11:14:52.377 [SerialProcessor ] INFO     commands.translator          tracking_source_toggle rising edge -> TrackingSourceToggleCommand
11:41:06.827 [Thread-1 (_run) ] INFO     serial_controller.serial_handler Scanning for STM32 on COM ports...
11:41:06.827 [MainThread      ] INFO     API.panel_sync               PanelStateSync: started.
11:41:06.828 [MainThread      ] INFO     __main__                     Controller started.
11:41:06.860 [Thread-1 (_run) ] INFO     serial_controller.serial_handler No STM32 device found on any COM port.
11:41:16.454 [Thread-1 (_run) ] INFO     serial_controller.serial_handler Scanning for STM32 on COM ports...
11:41:16.455 [MainThread      ] INFO     API.panel_sync               PanelStateSync: started.
11:41:16.455 [MainThread      ] INFO     __main__                     Controller started.
11:41:16.485 [Thread-1 (_run) ] INFO     serial_controller.serial_handler No STM32 device found on any COM port.
12:36:28.337 [Thread-1 (_run) ] INFO     serial_controller.serial_handler Scanning for STM32 on COM ports...
12:36:28.338 [Thread-2 (_run) ] INFO     mavlink.mavlink_worker         [command-sender] connecting to udpin:0.0.0.0:14551...
12:36:28.338 [MainThread      ] INFO     API.panel_sync               PanelStateSync: started.
12:36:28.339 [MainThread      ] INFO     __main__                     Controller started.
12:36:28.368 [Thread-2 (_run) ] INFO     mavlink.mavlink_worker         [command-sender] connected on udpin:0.0.0.0:14551.
12:36:28.371 [Thread-2 (_run) ] INFO     mavlink.mavlink_worker       UAVCommandSender waiting for heartbeat...
12:36:28.386 [Thread-1 (_run) ] INFO     serial_controller.serial_handler No STM32 device found on any COM port.
12:53:28.624 [Thread-1 (_run) ] INFO     serial_controller.serial_handler Scanning for STM32 on COM ports...
12:53:28.625 [Thread-2 (_run) ] INFO     mavlink.mavlink_worker         [command-sender] connecting to udpin:0.0.0.0:14551...
12:53:28.625 [MainThread      ] INFO     API.panel_sync               PanelStateSync: started.
12:53:28.626 [MainThread      ] INFO     __main__                     Controller started.
12:53:28.650 [Thread-2 (_run) ] INFO     mavlink.mavlink_worker         [command-sender] connected on udpin:0.0.0.0:14551.
12:53:28.654 [Thread-2 (_run) ] INFO     mavlink.mavlink_worker       UAVCommandSender waiting for heartbeat...
12:53:28.658 [Thread-1 (_run) ] INFO     serial_controller.serial_handler No STM32 device found on any COM port.
13:26:00.610 [Thread-1 (_run) ] INFO     serial_controller.serial_handler Scanning for STM32 on COM ports...
13:26:00.611 [Thread-2 (_run) ] INFO     mavlink.mavlink_worker         [command-sender] connecting to udpin:0.0.0.0:14551...
13:26:00.611 [MainThread      ] INFO     API.panel_sync               PanelStateSync: started.
13:26:00.612 [MainThread      ] INFO     __main__                     Controller started.
13:26:00.641 [Thread-2 (_run) ] INFO     mavlink.mavlink_worker         [command-sender] connected on udpin:0.0.0.0:14551.
13:26:00.642 [Thread-2 (_run) ] INFO     mavlink.mavlink_worker       UAVCommandSender waiting for heartbeat...
13:26:00.642 [Thread-1 (_run) ] INFO     serial_controller.serial_handler No STM32 device found on any COM port.
13:56:12.366 [Thread-1 (_run) ] INFO     serial_controller.serial_handler Scanning for STM32 on COM ports...
13:56:12.366 [Thread-2 (_run) ] INFO     mavlink.mavlink_worker         [command-sender] connecting to udpin:0.0.0.0:14551...
13:56:12.367 [MainThread      ] INFO     API.panel_sync               PanelStateSync: started.
13:56:12.368 [Thread-2 (_run) ] INFO     mavlink.mavlink_worker         [command-sender] connected on udpin:0.0.0.0:14551.
13:56:12.369 [Thread-2 (_run) ] INFO     mavlink.mavlink_worker       UAVCommandSender waiting for heartbeat...
13:56:12.368 [MainThread      ] INFO     __main__                     Controller started.
13:56:12.401 [Thread-1 (_run) ] INFO     serial_controller.serial_handler No STM32 device found on any COM port.
20:09:34.168 [Thread-1 (_run) ] INFO     serial_controller.serial_handler Scanning for STM32 on COM ports...
20:09:34.168 [Thread-2 (_run) ] INFO     mavlink.mavlink_worker         [command-sender] connecting to udpin:0.0.0.0:14550...
20:09:34.169 [MainThread      ] INFO     API.panel_sync               PanelStateSync: started.
20:09:34.173 [Thread-2 (_run) ] INFO     mavlink.mavlink_worker         [command-sender] connected on udpin:0.0.0.0:14550.
20:09:34.184 [Thread-1 (_run) ] INFO     serial_controller.serial_handler No STM32 device found on any COM port.
20:09:34.192 [Thread-2 (_run) ] INFO     mavlink.mavlink_worker       UAVCommandSender waiting for heartbeat...
20:09:34.201 [MainThread      ] INFO     __main__                     Controller started.
20:34:35.491 [Thread-1 (_run) ] INFO     serial_controller.serial_handler Scanning for STM32 on COM ports...
20:34:35.491 [Thread-2 (_run) ] INFO     mavlink.mavlink_worker         [command-sender] connecting to udpin:0.0.0.0:14550...
20:34:35.492 [MainThread      ] INFO     API.panel_sync               PanelStateSync: started.
20:34:35.492 [MainThread      ] INFO     __main__                     Controller started.
20:34:35.522 [Thread-2 (_run) ] INFO     mavlink.mavlink_worker         [command-sender] connected on udpin:0.0.0.0:14550.
20:34:35.522 [Thread-2 (_run) ] INFO     mavlink.mavlink_worker       UAVCommandSender waiting for heartbeat...
20:34:35.523 [Thread-1 (_run) ] INFO     serial_controller.serial_handler No STM32 device found on any COM port.
20:34:45.544 [Thread-2 (_run) ] INFO     mavlink.mavlink_worker       UAVCommandSender: no heartbeat within 10s on udpin:0.0.0.0:14550 — will keep trying every 5s. If this persists on one machine but not others running the identical script, check this PC's firewall specifically.
20:34:50.549 [Thread-2 (_run) ] INFO     mavlink.mavlink_worker       UAVCommandSender waiting for heartbeat...
20:35:00.568 [Thread-2 (_run) ] INFO     mavlink.mavlink_worker       UAVCommandSender: no heartbeat within 10s on udpin:0.0.0.0:14550 — will keep trying every 5s. If this persists on one machine but not others running the identical script, check this PC's firewall specifically.
20:35:05.569 [Thread-2 (_run) ] INFO     mavlink.mavlink_worker       UAVCommandSender waiting for heartbeat...
20:35:15.581 [Thread-2 (_run) ] INFO     mavlink.mavlink_worker       UAVCommandSender: no heartbeat within 10s on udpin:0.0.0.0:14550 — will keep trying every 5s. If this persists on one machine but not others running the identical script, check this PC's firewall specifically.
20:35:20.582 [Thread-2 (_run) ] INFO     mavlink.mavlink_worker       UAVCommandSender waiting for heartbeat...
20:35:30.586 [Thread-2 (_run) ] INFO     mavlink.mavlink_worker       UAVCommandSender: no heartbeat within 10s on udpin:0.0.0.0:14550 — will keep trying every 5s. If this persists on one machine but not others running the identical script, check this PC's firewall specifically.
20:35:35.588 [Thread-2 (_run) ] INFO     mavlink.mavlink_worker       UAVCommandSender waiting for heartbeat...
20:35:45.607 [Thread-2 (_run) ] INFO     mavlink.mavlink_worker       UAVCommandSender: no heartbeat within 10s on udpin:0.0.0.0:14550 — will keep trying every 5s. If this persists on one machine but not others running the identical script, check this PC's firewall specifically.
20:35:50.608 [Thread-2 (_run) ] INFO     mavlink.mavlink_worker       UAVCommandSender waiting for heartbeat...
20:36:00.613 [Thread-2 (_run) ] INFO     mavlink.mavlink_worker       UAVCommandSender: no heartbeat within 10s on udpin:0.0.0.0:14550 — will keep trying every 5s. If this persists on one machine but not others running the identical script, check this PC's firewall specifically.
20:36:05.614 [Thread-2 (_run) ] INFO     mavlink.mavlink_worker       UAVCommandSender waiting for heartbeat...
20:36:15.622 [Thread-2 (_run) ] INFO     mavlink.mavlink_worker       UAVCommandSender: no heartbeat within 10s on udpin:0.0.0.0:14550 — will keep trying every 5s. If this persists on one machine but not others running the identical script, check this PC's firewall specifically.
20:36:20.624 [Thread-2 (_run) ] INFO     mavlink.mavlink_worker       UAVCommandSender waiting for heartbeat...
20:36:30.646 [Thread-2 (_run) ] INFO     mavlink.mavlink_worker       UAVCommandSender: no heartbeat within 10s on udpin:0.0.0.0:14550 — will keep trying every 5s. If this persists on one machine but not others running the identical script, check this PC's firewall specifically.
20:36:35.647 [Thread-2 (_run) ] INFO     mavlink.mavlink_worker       UAVCommandSender waiting for heartbeat...
20:36:45.657 [Thread-2 (_run) ] INFO     mavlink.mavlink_worker       UAVCommandSender: no heartbeat within 10s on udpin:0.0.0.0:14550 — will keep trying every 5s. If this persists on one machine but not others running the identical script, check this PC's firewall specifically.
20:36:50.660 [Thread-2 (_run) ] INFO     mavlink.mavlink_worker       UAVCommandSender waiting for heartbeat...
20:37:00.683 [Thread-2 (_run) ] INFO     mavlink.mavlink_worker       UAVCommandSender: no heartbeat within 10s on udpin:0.0.0.0:14550 — will keep trying every 5s. If this persists on one machine but not others running the identical script, check this PC's firewall specifically.
20:37:05.683 [Thread-2 (_run) ] INFO     mavlink.mavlink_worker       UAVCommandSender waiting for heartbeat...
20:37:15.704 [Thread-2 (_run) ] INFO     mavlink.mavlink_worker       UAVCommandSender: no heartbeat within 10s on udpin:0.0.0.0:14550 — will keep trying every 5s. If this persists on one machine but not others running the identical script, check this PC's firewall specifically.
20:37:20.705 [Thread-2 (_run) ] INFO     mavlink.mavlink_worker       UAVCommandSender waiting for heartbeat...
20:37:30.712 [Thread-2 (_run) ] INFO     mavlink.mavlink_worker       UAVCommandSender: no heartbeat within 10s on udpin:0.0.0.0:14550 — will keep trying every 5s. If this persists on one machine but not others running the identical script, check this PC's firewall specifically.
20:37:35.714 [Thread-2 (_run) ] INFO     mavlink.mavlink_worker       UAVCommandSender waiting for heartbeat...
20:37:45.740 [Thread-2 (_run) ] INFO     mavlink.mavlink_worker       UAVCommandSender: no heartbeat within 10s on udpin:0.0.0.0:14550 — will keep trying every 5s. If this persists on one machine but not others running the identical script, check this PC's firewall specifically.
20:37:50.740 [Thread-2 (_run) ] INFO     mavlink.mavlink_worker       UAVCommandSender waiting for heartbeat...
20:38:00.756 [Thread-2 (_run) ] INFO     mavlink.mavlink_worker       UAVCommandSender: no heartbeat within 10s on udpin:0.0.0.0:14550 — will keep trying every 5s. If this persists on one machine but not others running the identical script, check this PC's firewall specifically.
20:38:05.757 [Thread-2 (_run) ] INFO     mavlink.mavlink_worker       UAVCommandSender waiting for heartbeat...
20:38:15.779 [Thread-2 (_run) ] INFO     mavlink.mavlink_worker       UAVCommandSender: no heartbeat within 10s on udpin:0.0.0.0:14550 — will keep trying every 5s. If this persists on one machine but not others running the identical script, check this PC's firewall specifically.
20:38:20.780 [Thread-2 (_run) ] INFO     mavlink.mavlink_worker       UAVCommandSender waiting for heartbeat...
20:38:30.794 [Thread-2 (_run) ] INFO     mavlink.mavlink_worker       UAVCommandSender: no heartbeat within 10s on udpin:0.0.0.0:14550 — will keep trying every 5s. If this persists on one machine but not others running the identical script, check this PC's firewall specifically.
20:38:35.794 [Thread-2 (_run) ] INFO     mavlink.mavlink_worker       UAVCommandSender waiting for heartbeat...
20:38:45.806 [Thread-2 (_run) ] INFO     mavlink.mavlink_worker       UAVCommandSender: no heartbeat within 10s on udpin:0.0.0.0:14550 — will keep trying every 5s. If this persists on one machine but not others running the identical script, check this PC's firewall specifically.
20:38:50.806 [Thread-2 (_run) ] INFO     mavlink.mavlink_worker       UAVCommandSender waiting for heartbeat...
20:39:00.832 [Thread-2 (_run) ] INFO     mavlink.mavlink_worker       UAVCommandSender: no heartbeat within 10s on udpin:0.0.0.0:14550 — will keep trying every 5s. If this persists on one machine but not others running the identical script, check this PC's firewall specifically.
20:39:05.833 [Thread-2 (_run) ] INFO     mavlink.mavlink_worker       UAVCommandSender waiting for heartbeat...
20:39:15.857 [Thread-2 (_run) ] INFO     mavlink.mavlink_worker       UAVCommandSender: no heartbeat within 10s on udpin:0.0.0.0:14550 — will keep trying every 5s. If this persists on one machine but not others running the identical script, check this PC's firewall specifically.
20:39:20.857 [Thread-2 (_run) ] INFO     mavlink.mavlink_worker       UAVCommandSender waiting for heartbeat...
07:00:49.409 [Thread-1 (_run) ] INFO     serial_controller.serial_handler Scanning for STM32 on COM ports...
07:00:49.409 [Thread-2 (_run) ] INFO     mavlink.mavlink_worker         [command-sender] connecting to udpin:0.0.0.0:14550...
07:00:49.410 [MainThread      ] INFO     API.panel_sync               PanelStateSync: started.
07:00:49.412 [MainThread      ] INFO     __main__                     Controller started.
07:00:49.509 [Thread-2 (_run) ] INFO     mavlink.mavlink_worker         [command-sender] connected on udpin:0.0.0.0:14550.
07:00:49.526 [Thread-2 (_run) ] INFO     mavlink.mavlink_worker       UAVCommandSender waiting for heartbeat...
07:00:49.528 [Thread-1 (_run) ] INFO     serial_controller.serial_handler No STM32 device found on any COM port.
